========================================
[2025-10-28 23:20:48] Starting Federal Circuit check...
[info] Authenticating with Gmail API...
[ok] Successfully authenticated
[info] Summaries already exist for 2025-10-28 (4 files)
[info] Skipping processing to avoid duplicates (use --force to override)

[ok] Processed 0 PDF(s)
[2025-10-28 23:20:49] Check completed

========================================
[2025-10-29 12:00:01] Starting Federal Circuit check...
[info] Authenticating with Gmail API...
[ok] Successfully authenticated
[info] Searching Gmail for: from:uscourts@updates.uscourts.gov after:2025/10/29 before:2025/10/30
[info] No emails found from uscourts@updates.uscourts.gov on 2025/10/29
[info] Searching Gmail for: from:drewwileyroberts@gmail.com after:2025/10/29 before:2025/10/30
[info] No emails found from drewwileyroberts@gmail.com on 2025/10/29

[ok] Processed 0 PDF(s)
[2025-10-29 12:00:03] Check completed

========================================
[2025-10-29 12:02:01] Starting Federal Circuit check...
[info] Authenticating with Gmail API...
[ok] Successfully authenticated
[info] Searching Gmail for: from:uscourts@updates.uscourts.gov after:2025/10/29 before:2025/10/30
[info] No emails found from uscourts@updates.uscourts.gov on 2025/10/29
[info] Searching Gmail for: from:drewwileyroberts@gmail.com after:2025/10/29 before:2025/10/30
[info] No emails found from drewwileyroberts@gmail.com on 2025/10/29

[ok] Processed 0 PDF(s)
[2025-10-29 12:02:03] Check completed

========================================
[2025-10-29 12:04:01] Starting Federal Circuit check...
[info] Authenticating with Gmail API...
[ok] Successfully authenticated
[info] Searching Gmail for: from:uscourts@updates.uscourts.gov after:2025/10/29 before:2025/10/30
[info] No emails found from uscourts@updates.uscourts.gov on 2025/10/29
[info] Searching Gmail for: from:drewwileyroberts@gmail.com after:2025/10/29 before:2025/10/30
[info] No emails found from drewwileyroberts@gmail.com on 2025/10/29

[ok] Processed 0 PDF(s)
[2025-10-29 12:04:03] Check completed

========================================
[2025-10-29 12:06:01] Starting Federal Circuit check...
[info] Authenticating with Gmail API...
[ok] Successfully authenticated
[info] Searching Gmail for: from:uscourts@updates.uscourts.gov after:2025/10/29 before:2025/10/30
[info] No emails found from uscourts@updates.uscourts.gov on 2025/10/29
[info] Searching Gmail for: from:drewwileyroberts@gmail.com after:2025/10/29 before:2025/10/30
[info] No emails found from drewwileyroberts@gmail.com on 2025/10/29

[ok] Processed 0 PDF(s)
[2025-10-29 12:06:02] Check completed

========================================
[2025-10-29 12:08:01] Starting Federal Circuit check...
[info] Authenticating with Gmail API...
[ok] Successfully authenticated
[info] Searching Gmail for: from:uscourts@updates.uscourts.gov after:2025/10/29 before:2025/10/30
[info] No emails found from uscourts@updates.uscourts.gov on 2025/10/29
[info] Searching Gmail for: from:drewwileyroberts@gmail.com after:2025/10/29 before:2025/10/30
[info] No emails found from drewwileyroberts@gmail.com on 2025/10/29

[ok] Processed 0 PDF(s)
[2025-10-29 12:08:03] Check completed

========================================
[2025-10-29 12:10:01] Starting Federal Circuit check...
[info] Authenticating with Gmail API...
[ok] Successfully authenticated
[info] Searching Gmail for: from:uscourts@updates.uscourts.gov after:2025/10/29 before:2025/10/30
[info] No emails found from uscourts@updates.uscourts.gov on 2025/10/29
[info] Searching Gmail for: from:drewwileyroberts@gmail.com after:2025/10/29 before:2025/10/30
[info] No emails found from drewwileyroberts@gmail.com on 2025/10/29

[ok] Processed 0 PDF(s)
[2025-10-29 12:10:02] Check completed

========================================
[2025-10-29 12:12:01] Starting Federal Circuit check...
[info] Authenticating with Gmail API...
[ok] Successfully authenticated
[info] Searching Gmail for: from:uscourts@updates.uscourts.gov after:2025/10/29 before:2025/10/30
[info] No emails found from uscourts@updates.uscourts.gov on 2025/10/29
[info] Searching Gmail for: from:drewwileyroberts@gmail.com after:2025/10/29 before:2025/10/30
[info] No emails found from drewwileyroberts@gmail.com on 2025/10/29

[ok] Processed 0 PDF(s)
[2025-10-29 12:12:03] Check completed

========================================
[2025-10-29 12:14:01] Starting Federal Circuit check...
[info] Authenticating with Gmail API...
[ok] Successfully authenticated
[info] Searching Gmail for: from:uscourts@updates.uscourts.gov after:2025/10/29 before:2025/10/30
[info] No emails found from uscourts@updates.uscourts.gov on 2025/10/29
[info] Searching Gmail for: from:drewwileyroberts@gmail.com after:2025/10/29 before:2025/10/30
[info] No emails found from drewwileyroberts@gmail.com on 2025/10/29

[ok] Processed 0 PDF(s)
[2025-10-29 12:14:03] Check completed

========================================
[2025-10-30 12:00:01] Starting Federal Circuit check...
[info] Authenticating with Gmail API...
[ok] Successfully authenticated
[info] Searching Gmail for: from:uscourts@updates.uscourts.gov after:2025/10/30 before:2025/10/31
[info] No emails found from uscourts@updates.uscourts.gov on 2025/10/30
[info] Searching Gmail for: from:drewwileyroberts@gmail.com after:2025/10/30 before:2025/10/31
[info] No emails found from drewwileyroberts@gmail.com on 2025/10/30

[ok] Processed 0 PDF(s)
[2025-10-30 12:00:03] Check completed

========================================
[2025-10-30 12:02:01] Starting Federal Circuit check...
[info] Authenticating with Gmail API...
[ok] Successfully authenticated
[info] Searching Gmail for: from:uscourts@updates.uscourts.gov after:2025/10/30 before:2025/10/31
[info] No emails found from uscourts@updates.uscourts.gov on 2025/10/30
[info] Searching Gmail for: from:drewwileyroberts@gmail.com after:2025/10/30 before:2025/10/31
[info] No emails found from drewwileyroberts@gmail.com on 2025/10/30

[ok] Processed 0 PDF(s)
[2025-10-30 12:02:03] Check completed

========================================
[2025-10-30 12:04:01] Starting Federal Circuit check...
========================================
[2025-10-30 12:06:01] Starting Federal Circuit check...
[info] Authenticating with Gmail API...
[ok] Successfully authenticated
[info] Summaries already exist for 2025-10-30 (3 files)
[info] Skipping processing to avoid duplicates (use --force to override)

[ok] Processed 0 PDF(s)
[2025-10-30 12:06:02] Check completed

[info] Authenticating with Gmail API...
[ok] Successfully authenticated
[info] Searching Gmail for: from:uscourts@updates.uscourts.gov after:2025/10/30 before:2025/10/31
[info] Found 1 email(s)
[info] Searching Gmail for: from:drewwileyroberts@gmail.com after:2025/10/30 before:2025/10/31
[info] No emails found from drewwileyroberts@gmail.com on 2025/10/30

[info] Processing email 1/1
[info] Found 4 link(s) in email
[info] Processing uscourts link: https://www.cafc.uscourts.gov/10-30-2025-25-1463-merck-serono-sa-v-twi-pharmaceuticals-inc-opinion-25-1463-opinion-10-30-2025_2596136/
[info] Found PDF URL: https://www.cafc.uscourts.gov/opinions-orders/25-1463.OPINION.10-30-2025_2596136.pdf
[info] Case: 25-1463: MERCK SERONO S.A. v. TWI PHARMACEUTICALS, INC.
[info] Precedential: No
[ok] Downloaded PDF: pdfs/25-1463.OPINION.10-30-2025_2596136.pdf
[info] Extracting text from: 25-1463.OPINION.10-30-2025_2596136.pdf
[info] Summarizing: 25-1463.OPINION.10-30-2025_2596136.pdf
[ok] Wrote summary: summaries/2025-10-30/non-precedential/2025.10.30_2025-1463.txt
[info] Processing uscourts link: https://www.cafc.uscourts.gov/10-29-2025-24-1325-dexcom-inc-v-squires-order-24-1325-order-10-29-2025_2595426/
[info] Found PDF URL: https://www.cafc.uscourts.gov/opinions-orders/24-1325.ORDER.10-29-2025_2595426.pdf
[info] Case: 24-1325: DEXCOM, INC. v. SQUIRES
[info] Precedential: No
[ok] Downloaded PDF: pdfs/24-1325.ORDER.10-29-2025_2595426.pdf
[info] Extracting text from: 24-1325.ORDER.10-29-2025_2595426.pdf
[info] Summarizing: 24-1325.ORDER.10-29-2025_2595426.pdf
[ok] Wrote summary: summaries/2025-10-30/non-precedential/2025.10.29_2024-1325.txt
[info] Processing uscourts link: https://www.cafc.uscourts.gov/10-29-2025-25-2042-frank-v-mspb-order-25-2042-order-10-29-2025_2595259/
[info] Found PDF URL: https://www.cafc.uscourts.gov/opinions-orders/25-2042.ORDER.10-29-2025_2595259.pdf
[info] Case: 25-2042: FRANK v. MSPB
[info] Precedential: No
[ok] Downloaded PDF: pdfs/25-2042.ORDER.10-29-2025_2595259.pdf
[info] Extracting text from: 25-2042.ORDER.10-29-2025_2595259.pdf
[info] Summarizing: 25-2042.ORDER.10-29-2025_2595259.pdf
[ok] Wrote summary: summaries/2025-10-30/non-precedential/2025.10.29_2025-2042.txt
[info] Processing uscourts link: https://www.cafc.uscourts.gov/10-30-2025-25-1210-merck-serono-sa-v-hopewell-pharma-ventures-inc-opinion-25-1210-opinion-10-30-2025_2596117/
[info] Found PDF URL: https://www.cafc.uscourts.gov/opinions-orders/25-1210.OPINION.10-30-2025_2596117.pdf
[info] Case: 25-1210: MERCK SERONO S.A. v. HOPEWELL PHARMA VENTURES, INC.
[info] Precedential: Yes
[ok] Downloaded PDF: pdfs/25-1210.OPINION.10-30-2025_2596117.pdf
[info] Extracting text from: 25-1210.OPINION.10-30-2025_2596117.pdf
[info] Summarizing: 25-1210.OPINION.10-30-2025_2596117.pdf
[ok] Wrote summary: summaries/2025-10-30/precedential/2025.10.30_25-1210.txt

[info] Sending summary email to drewwileyroberts@gmail.com, richard.lowry@lw.com, drew.roberts@lw.com, andrew.kerrick@lw.com, sarah.propst@lw.com...
[ok] Summary email sent to: drewwileyroberts@gmail.com, richard.lowry@lw.com, drew.roberts@lw.com, andrew.kerrick@lw.com, sarah.propst@lw.com

[ok] Processed 4 PDF(s)
[2025-10-30 12:06:10] Check completed

========================================
[2025-10-30 12:08:01] Starting Federal Circuit check...
[info] Authenticating with Gmail API...
[ok] Successfully authenticated
[info] Summaries already exist for 2025-10-30 (4 files)
[info] Skipping processing to avoid duplicates (use --force to override)

[ok] Processed 0 PDF(s)
[2025-10-30 12:08:02] Check completed

========================================
[2025-10-30 12:10:01] Starting Federal Circuit check...
[info] Authenticating with Gmail API...
[ok] Successfully authenticated
[info] Summaries already exist for 2025-10-30 (4 files)
[info] Skipping processing to avoid duplicates (use --force to override)

[ok] Processed 0 PDF(s)
[2025-10-30 12:10:02] Check completed

========================================
[2025-10-30 12:12:01] Starting Federal Circuit check...
[info] Authenticating with Gmail API...
[ok] Successfully authenticated
[info] Summaries already exist for 2025-10-30 (4 files)
[info] Skipping processing to avoid duplicates (use --force to override)

[ok] Processed 0 PDF(s)
[2025-10-30 12:12:02] Check completed

========================================
[2025-10-30 12:14:01] Starting Federal Circuit check...
[info] Authenticating with Gmail API...
[ok] Successfully authenticated
[info] Summaries already exist for 2025-10-30 (4 files)
[info] Skipping processing to avoid duplicates (use --force to override)

[ok] Processed 0 PDF(s)
[2025-10-30 12:14:02] Check completed

========================================
[2025-10-31 12:00:01] Starting Federal Circuit check...
[info] Authenticating with Gmail API...
[ok] Successfully authenticated
[info] Searching Gmail for: from:uscourts@updates.uscourts.gov after:2025/10/31 before:2025/11/01
[info] No emails found from uscourts@updates.uscourts.gov on 2025/10/31
[info] Searching Gmail for: from:drewwileyroberts@gmail.com after:2025/10/31 before:2025/11/01
[info] No emails found from drewwileyroberts@gmail.com on 2025/10/31

[ok] Processed 0 PDF(s)
[2025-10-31 12:00:03] Check completed

========================================
[2025-10-31 12:02:01] Starting Federal Circuit check...
[info] Authenticating with Gmail API...
[ok] Successfully authenticated
[info] Searching Gmail for: from:uscourts@updates.uscourts.gov after:2025/10/31 before:2025/11/01
[info] Found 1 email(s)
[info] Searching Gmail for: from:drewwileyroberts@gmail.com after:2025/10/31 before:2025/11/01
[info] No emails found from drewwileyroberts@gmail.com on 2025/10/31

[info] Processing email 1/1
[info] Found 1 link(s) in email
[info] Processing uscourts link: https://www.cafc.uscourts.gov/10-31-2025-25-1348-courtney-v-mspb-opinion-25-1348-opinion-10-31-2025_2596833/
[info] Found PDF URL: https://www.cafc.uscourts.gov/opinions-orders/25-1348.OPINION.10-31-2025_2596833.pdf
[info] Case: 25-1348: COURTNEY v. MSPB
[info] Precedential: No
[ok] Downloaded PDF: pdfs/25-1348.OPINION.10-31-2025_2596833.pdf
[info] Extracting text from: 25-1348.OPINION.10-31-2025_2596833.pdf
[info] Summarizing: 25-1348.OPINION.10-31-2025_2596833.pdf
[ok] Wrote summary: summaries/2025-10-31/non-precedential/2025.10.31_2025-1348.txt

[info] Sending summary email to drewwileyroberts@gmail.com, richard.lowry@lw.com, drew.roberts@lw.com, andrew.kerrick@lw.com, sarah.propst@lw.com...
[ok] Summary email sent to: drewwileyroberts@gmail.com, richard.lowry@lw.com, drew.roberts@lw.com, andrew.kerrick@lw.com, sarah.propst@lw.com

[ok] Processed 1 PDF(s)
[2025-10-31 12:02:11] Check completed

========================================
[2025-10-31 12:04:01] Starting Federal Circuit check...
[info] Authenticating with Gmail API...
[ok] Successfully authenticated
[info] Summaries already exist for 2025-10-31 (1 files)
[info] Skipping processing to avoid duplicates (use --force to override)

[ok] Processed 0 PDF(s)
[2025-10-31 12:04:02] Check completed

========================================
[2025-10-31 12:06:01] Starting Federal Circuit check...
[info] Authenticating with Gmail API...
[ok] Successfully authenticated
[info] Summaries already exist for 2025-10-31 (1 files)
[info] Skipping processing to avoid duplicates (use --force to override)

[ok] Processed 0 PDF(s)
[2025-10-31 12:06:02] Check completed

========================================
[2025-10-31 12:08:01] Starting Federal Circuit check...
[info] Authenticating with Gmail API...
[ok] Successfully authenticated
[info] Summaries already exist for 2025-10-31 (1 files)
[info] Skipping processing to avoid duplicates (use --force to override)

[ok] Processed 0 PDF(s)
[2025-10-31 12:08:02] Check completed

========================================
[2025-10-31 12:10:01] Starting Federal Circuit check...
[info] Authenticating with Gmail API...
[ok] Successfully authenticated
[info] Summaries already exist for 2025-10-31 (1 files)
[info] Skipping processing to avoid duplicates (use --force to override)

[ok] Processed 0 PDF(s)
[2025-10-31 12:10:02] Check completed

========================================
[2025-10-31 12:12:01] Starting Federal Circuit check...
[info] Authenticating with Gmail API...
[ok] Successfully authenticated
[info] Summaries already exist for 2025-10-31 (1 files)
[info] Skipping processing to avoid duplicates (use --force to override)

[ok] Processed 0 PDF(s)
[2025-10-31 12:12:02] Check completed

========================================
[2025-10-31 12:14:01] Starting Federal Circuit check...
[info] Authenticating with Gmail API...
[ok] Successfully authenticated
[info] Summaries already exist for 2025-10-31 (1 files)
[info] Skipping processing to avoid duplicates (use --force to override)

[ok] Processed 0 PDF(s)
[2025-10-31 12:14:02] Check completed

========================================
[2025-11-03 12:00:01] Starting Federal Circuit check...
[info] Authenticating with Gmail API...
[ok] Successfully authenticated
[info] Searching Gmail for: from:uscourts@updates.uscourts.gov after:2025/11/03 before:2025/11/04
[info] No emails found from uscourts@updates.uscourts.gov on 2025/11/03
[info] Searching Gmail for: from:drewwileyroberts@gmail.com after:2025/11/03 before:2025/11/04
[info] No emails found from drewwileyroberts@gmail.com on 2025/11/03

[ok] Processed 0 PDF(s)
[2025-11-03 12:00:04] Check completed

========================================
[2025-11-03 12:02:01] Starting Federal Circuit check...
[info] Authenticating with Gmail API...
[ok] Successfully authenticated
[info] Searching Gmail for: from:uscourts@updates.uscourts.gov after:2025/11/03 before:2025/11/04
[info] Found 1 email(s)
[info] Searching Gmail for: from:drewwileyroberts@gmail.com after:2025/11/03 before:2025/11/04
[info] No emails found from drewwileyroberts@gmail.com on 2025/11/03

[info] Processing email 1/1
[info] Found 1 link(s) in email
[info] Processing uscourts link: https://www.cafc.uscourts.gov/11-03-2025-26-103-in-re-aylo-holdings-sa-rl-order-26-103-order-11-3-2025_2597246/
[info] Found PDF URL: https://www.cafc.uscourts.gov/opinions-orders/26-103.ORDER.11-3-2025_2597246.pdf
[info] Case: 26-103: In Re AYLO HOLDINGS S.A R.L.
[info] Precedential: No
[ok] Downloaded PDF: pdfs/26-103.ORDER.11-3-2025_2597246.pdf
[info] Extracting text from: 26-103.ORDER.11-3-2025_2597246.pdf
[info] Summarizing: 26-103.ORDER.11-3-2025_2597246.pdf
[ok] Wrote summary: summaries/2025-11-03/non-precedential/2025.11.03_2026-103.txt

[info] Sending summary email to drewwileyroberts@gmail.com, richard.lowry@lw.com, drew.roberts@lw.com, andrew.kerrick@lw.com, sarah.propst@lw.com...
[ok] Summary email sent to: drewwileyroberts@gmail.com, richard.lowry@lw.com, drew.roberts@lw.com, andrew.kerrick@lw.com, sarah.propst@lw.com

[ok] Processed 1 PDF(s)
[2025-11-03 12:02:27] Check completed

========================================
[2025-11-03 12:04:01] Starting Federal Circuit check...
[info] Authenticating with Gmail API...
[ok] Successfully authenticated
[info] Summaries already exist for 2025-11-03 (1 files)
[info] Skipping processing to avoid duplicates (use --force to override)

[ok] Processed 0 PDF(s)
[2025-11-03 12:04:02] Check completed

========================================
[2025-11-03 12:06:01] Starting Federal Circuit check...
[info] Authenticating with Gmail API...
[ok] Successfully authenticated
[info] Summaries already exist for 2025-11-03 (1 files)
[info] Skipping processing to avoid duplicates (use --force to override)

[ok] Processed 0 PDF(s)
[2025-11-03 12:06:02] Check completed

========================================
[2025-11-03 12:08:01] Starting Federal Circuit check...
[info] Authenticating with Gmail API...
[ok] Successfully authenticated
[info] Summaries already exist for 2025-11-03 (1 files)
[info] Skipping processing to avoid duplicates (use --force to override)

[ok] Processed 0 PDF(s)
[2025-11-03 12:08:02] Check completed

========================================
[2025-11-03 12:10:01] Starting Federal Circuit check...
[info] Authenticating with Gmail API...
[ok] Successfully authenticated
[info] Summaries already exist for 2025-11-03 (1 files)
[info] Skipping processing to avoid duplicates (use --force to override)

[ok] Processed 0 PDF(s)
[2025-11-03 12:10:02] Check completed

========================================
[2025-11-03 12:12:01] Starting Federal Circuit check...
[info] Authenticating with Gmail API...
[ok] Successfully authenticated
[info] Summaries already exist for 2025-11-03 (1 files)
[info] Skipping processing to avoid duplicates (use --force to override)

[ok] Processed 0 PDF(s)
[2025-11-03 12:12:02] Check completed

========================================
[2025-11-03 12:14:01] Starting Federal Circuit check...
[info] Authenticating with Gmail API...
[ok] Successfully authenticated
[info] Summaries already exist for 2025-11-03 (1 files)
[info] Skipping processing to avoid duplicates (use --force to override)

[ok] Processed 0 PDF(s)
[2025-11-03 12:14:02] Check completed

========================================
[2025-11-04 12:00:01] Starting Federal Circuit check...
[info] Authenticating with Gmail API...
[ok] Successfully authenticated
[info] Searching Gmail for: from:uscourts@updates.uscourts.gov after:2025/11/04 before:2025/11/05
[info] No emails found from uscourts@updates.uscourts.gov on 2025/11/04
[info] Searching Gmail for: from:drewwileyroberts@gmail.com after:2025/11/04 before:2025/11/05
[info] No emails found from drewwileyroberts@gmail.com on 2025/11/04

[ok] Processed 0 PDF(s)
[2025-11-04 12:00:02] Check completed

========================================
[2025-11-04 12:02:01] Starting Federal Circuit check...
[info] Authenticating with Gmail API...
[ok] Successfully authenticated
[info] Searching Gmail for: from:uscourts@updates.uscourts.gov after:2025/11/04 before:2025/11/05
[info] No emails found from uscourts@updates.uscourts.gov on 2025/11/04
[info] Searching Gmail for: from:drewwileyroberts@gmail.com after:2025/11/04 before:2025/11/05
[info] No emails found from drewwileyroberts@gmail.com on 2025/11/04

[ok] Processed 0 PDF(s)
[2025-11-04 12:02:03] Check completed

========================================
[2025-11-04 12:04:01] Starting Federal Circuit check...
========================================
[2025-11-04 12:06:01] Starting Federal Circuit check...
[info] Authenticating with Gmail API...
[ok] Successfully authenticated
[info] Summaries already exist for 2025-11-04 (5 files)
[info] Skipping processing to avoid duplicates (use --force to override)

[ok] Processed 0 PDF(s)
[2025-11-04 12:06:02] Check completed

[info] Authenticating with Gmail API...
[ok] Successfully authenticated
[info] Searching Gmail for: from:uscourts@updates.uscourts.gov after:2025/11/04 before:2025/11/05
[info] Found 1 email(s)
[info] Searching Gmail for: from:drewwileyroberts@gmail.com after:2025/11/04 before:2025/11/05
[info] No emails found from drewwileyroberts@gmail.com on 2025/11/04

[info] Processing email 1/1
[info] Found 6 link(s) in email
[info] Processing uscourts link: https://www.cafc.uscourts.gov/11-03-2025-24-1546-carattini-v-collins-order-24-1546-order-11-3-2025_2597607/
[info] Found PDF URL: https://www.cafc.uscourts.gov/opinions-orders/24-1546.ORDER.11-3-2025_2597607.pdf
[info] Case: 24-1546: CARATTINI v. COLLINS
[info] Precedential: No
[ok] Downloaded PDF: pdfs/24-1546.ORDER.11-3-2025_2597607.pdf
[info] Extracting text from: 24-1546.ORDER.11-3-2025_2597607.pdf
[info] Summarizing: 24-1546.ORDER.11-3-2025_2597607.pdf
[ok] Wrote summary: summaries/2025-11-04/non-precedential/2025.11.03_2024-1546.txt
[info] Processing uscourts link: https://www.cafc.uscourts.gov/11-04-2025-24-2215-demery-v-mspb-opinion-24-2215-opinion-11-4-2025_2597967/
[info] Found PDF URL: https://www.cafc.uscourts.gov/opinions-orders/24-2215.OPINION.11-4-2025_2597967.pdf
[info] Case: 24-2215: DEMERY v. MSPB
[info] Precedential: No
[ok] Downloaded PDF: pdfs/24-2215.OPINION.11-4-2025_2597967.pdf
[info] Extracting text from: 24-2215.OPINION.11-4-2025_2597967.pdf
[info] Summarizing: 24-2215.OPINION.11-4-2025_2597967.pdf
[ok] Wrote summary: summaries/2025-11-04/non-precedential/2025.11.04_2024-2215.txt
[info] Processing uscourts link: https://www.cafc.uscourts.gov/11-04-2025-24-1708-barrette-v-dva-opinion-24-1708-opinion-11-4-2025_2597866/
[info] Found PDF URL: https://www.cafc.uscourts.gov/opinions-orders/24-1708.OPINION.11-4-2025_2597866.pdf
[info] Case: 24-1708: BARRETTE v. DVA
[info] Precedential: No
[ok] Downloaded PDF: pdfs/24-1708.OPINION.11-4-2025_2597866.pdf
[info] Extracting text from: 24-1708.OPINION.11-4-2025_2597866.pdf
[info] Summarizing: 24-1708.OPINION.11-4-2025_2597866.pdf
[ok] Wrote summary: summaries/2025-11-04/non-precedential/2025.11.04_2024-1708.txt
[info] Processing uscourts link: https://www.cafc.uscourts.gov/11-04-2025-24-1456-soto-v-dva-rule-36-judgment-24-1456-rule_36_judgment-11-4-2025_2597840/
[info] Found PDF URL: https://www.cafc.uscourts.gov/opinions-orders/24-1456.RULE_36_JUDGMENT.11-4-2025_2597840.pdf
[info] Case: 24-1456: SOTO v. DVA [RULE 36 JUDGMENT]
[info] Precedential: No
[ok] Downloaded PDF: pdfs/24-1456.RULE_36_JUDGMENT.11-4-2025_2597840.pdf
[info] Extracting text from: 24-1456.RULE_36_JUDGMENT.11-4-2025_2597840.pdf
[info] Summarizing: 24-1456.RULE_36_JUDGMENT.11-4-2025_2597840.pdf
[ok] Wrote summary: summaries/2025-11-04/non-precedential/2025.11.04_2024-1456.txt
[info] Processing uscourts link: https://www.cafc.uscourts.gov/11-04-2025-23-2290-cases2tech-llc-v-squires-opinion-23-2290-opinion-11-4-2025_2597882/
[info] Found PDF URL: https://www.cafc.uscourts.gov/opinions-orders/23-2290.OPINION.11-4-2025_2597882.pdf
[info] Case: 23-2290: CASES2TECH, LLC v. SQUIRES
[info] Precedential: No
[ok] Downloaded PDF: pdfs/23-2290.OPINION.11-4-2025_2597882.pdf
[info] Extracting text from: 23-2290.OPINION.11-4-2025_2597882.pdf
[info] Summarizing: 23-2290.OPINION.11-4-2025_2597882.pdf
[ok] Wrote summary: summaries/2025-11-04/non-precedential/2025.11.04_2023-2290.txt
[info] Processing uscourts link: https://www.cafc.uscourts.gov/11-04-2025-25-1157-demery-v-mspb-opinion-25-1157-opinion-11-4-2025_2597959/
[info] Found PDF URL: https://www.cafc.uscourts.gov/opinions-orders/25-1157.OPINION.11-4-2025_2597959.pdf
[info] Case: 25-1157: DEMERY v. MSPB
[info] Precedential: No
[ok] Downloaded PDF: pdfs/25-1157.OPINION.11-4-2025_2597959.pdf
[info] Extracting text from: 25-1157.OPINION.11-4-2025_2597959.pdf
[info] Summarizing: 25-1157.OPINION.11-4-2025_2597959.pdf
[ok] Wrote summary: summaries/2025-11-04/non-precedential/2025.11.04_2025-1157.txt

[info] Sending summary email to drewwileyroberts@gmail.com, richard.lowry@lw.com, drew.roberts@lw.com, andrew.kerrick@lw.com, sarah.propst@lw.com...
[ok] Summary email sent to: drewwileyroberts@gmail.com, richard.lowry@lw.com, drew.roberts@lw.com, andrew.kerrick@lw.com, sarah.propst@lw.com

[ok] Processed 6 PDF(s)
[2025-11-04 12:06:05] Check completed

========================================
[2025-11-04 12:08:01] Starting Federal Circuit check...
[info] Authenticating with Gmail API...
[ok] Successfully authenticated
[info] Summaries already exist for 2025-11-04 (6 files)
[info] Skipping processing to avoid duplicates (use --force to override)

[ok] Processed 0 PDF(s)
[2025-11-04 12:08:02] Check completed

========================================
[2025-11-04 12:10:01] Starting Federal Circuit check...
[info] Authenticating with Gmail API...
[ok] Successfully authenticated
[info] Summaries already exist for 2025-11-04 (6 files)
[info] Skipping processing to avoid duplicates (use --force to override)

[ok] Processed 0 PDF(s)
[2025-11-04 12:10:02] Check completed

========================================
[2025-11-04 12:12:01] Starting Federal Circuit check...
[info] Authenticating with Gmail API...
[ok] Successfully authenticated
[info] Summaries already exist for 2025-11-04 (6 files)
[info] Skipping processing to avoid duplicates (use --force to override)

[ok] Processed 0 PDF(s)
[2025-11-04 12:12:02] Check completed

========================================
[2025-11-04 12:14:01] Starting Federal Circuit check...
[info] Authenticating with Gmail API...
[ok] Successfully authenticated
[info] Summaries already exist for 2025-11-04 (6 files)
[info] Skipping processing to avoid duplicates (use --force to override)

[ok] Processed 0 PDF(s)
[2025-11-04 12:14:02] Check completed

========================================
[2025-11-05 12:00:01] Starting Federal Circuit check...
[info] Authenticating with Gmail API...
[ok] Successfully authenticated
[info] Searching Gmail for: from:uscourts@updates.uscourts.gov after:2025/11/05 before:2025/11/06
[info] No emails found from uscourts@updates.uscourts.gov on 2025/11/05
[info] Searching Gmail for: from:drewwileyroberts@gmail.com after:2025/11/05 before:2025/11/06
[info] No emails found from drewwileyroberts@gmail.com on 2025/11/05

[ok] Processed 0 PDF(s)
[2025-11-05 12:00:03] Check completed

========================================
[2025-11-05 12:02:01] Starting Federal Circuit check...
[info] Authenticating with Gmail API...
[ok] Successfully authenticated
[info] Searching Gmail for: from:uscourts@updates.uscourts.gov after:2025/11/05 before:2025/11/06
[info] No emails found from uscourts@updates.uscourts.gov on 2025/11/05
[info] Searching Gmail for: from:drewwileyroberts@gmail.com after:2025/11/05 before:2025/11/06
[info] No emails found from drewwileyroberts@gmail.com on 2025/11/05

[ok] Processed 0 PDF(s)
[2025-11-05 12:02:02] Check completed

========================================
[2025-11-05 12:04:01] Starting Federal Circuit check...
[info] Authenticating with Gmail API...
[ok] Successfully authenticated
[info] Searching Gmail for: from:uscourts@updates.uscourts.gov after:2025/11/05 before:2025/11/06
[info] Found 1 email(s)
[info] Searching Gmail for: from:drewwileyroberts@gmail.com after:2025/11/05 before:2025/11/06
[info] No emails found from drewwileyroberts@gmail.com on 2025/11/05

[info] Processing email 1/1
[info] Found 4 link(s) in email
[info] Processing uscourts link: https://www.cafc.uscourts.gov/11-05-2025-25-1506-howard-v-defense-opinion-25-1506-opinion-11-5-2025_2598820/
[info] Found PDF URL: https://www.cafc.uscourts.gov/opinions-orders/25-1506.OPINION.11-5-2025_2598820.pdf
[info] Case: 25-1506: HOWARD v. DEFENSE
[info] Precedential: No
[ok] Downloaded PDF: pdfs/25-1506.OPINION.11-5-2025_2598820.pdf
[info] Extracting text from: 25-1506.OPINION.11-5-2025_2598820.pdf
[info] Summarizing: 25-1506.OPINION.11-5-2025_2598820.pdf
[ok] Wrote summary: summaries/2025-11-05/non-precedential/2025.11.05_2025-1506.txt
[info] Processing uscourts link: https://www.cafc.uscourts.gov/11-04-2025-25-1861-crusoe-energy-systems-llc-v-upstream-data-inc-order-25-1861-order-11-4-2025_2598144/
[info] Found PDF URL: https://www.cafc.uscourts.gov/opinions-orders/25-1861.ORDER.11-4-2025_2598144.pdf
[info] Case: 25-1861: CRUSOE ENERGY SYSTEMS, LLC v. UPSTREAM DATA INC.
[info] Precedential: No
[ok] Downloaded PDF: pdfs/25-1861.ORDER.11-4-2025_2598144.pdf
[info] Extracting text from: 25-1861.ORDER.11-4-2025_2598144.pdf
[info] Summarizing: 25-1861.ORDER.11-4-2025_2598144.pdf
[ok] Wrote summary: summaries/2025-11-05/non-precedential/2025.11.04_2025-1861.txt
[info] Processing uscourts link: https://www.cafc.uscourts.gov/11-04-2025-24-1071-in-re-federal-bar-foundation-order-24-1071-order-11-4-2025_2598245/
[info] Found PDF URL: https://www.cafc.uscourts.gov/opinions-orders/24-1071.ORDER.11-4-2025_2598245.pdf
[info] Case: 24-1071: In Re FEDERAL BAR FOUNDATION
[info] Precedential: No
[ok] Downloaded PDF: pdfs/24-1071.ORDER.11-4-2025_2598245.pdf
[info] Extracting text from: 24-1071.ORDER.11-4-2025_2598245.pdf
[info] Summarizing: 24-1071.ORDER.11-4-2025_2598245.pdf
[ok] Wrote summary: summaries/2025-11-05/non-precedential/2025.11.04_2024-1071.txt
[info] Processing uscourts link: https://www.cafc.uscourts.gov/11-05-2025-25-1750-rodriguez-v-us-opinion-25-1750-opinion-11-5-2025_2598828/
[info] Found PDF URL: https://www.cafc.uscourts.gov/opinions-orders/25-1750.OPINION.11-5-2025_2598828.pdf
[info] Case: 25-1750: RODRIGUEZ v. US
[info] Precedential: No
[ok] Downloaded PDF: pdfs/25-1750.OPINION.11-5-2025_2598828.pdf
[info] Extracting text from: 25-1750.OPINION.11-5-2025_2598828.pdf
[info] Summarizing: 25-1750.OPINION.11-5-2025_2598828.pdf
[ok] Wrote summary: summaries/2025-11-05/non-precedential/2025.11.05_2025-1750.txt

[info] Sending summary email to drewwileyroberts@gmail.com, richard.lowry@lw.com, drew.roberts@lw.com, andrew.kerrick@lw.com, sarah.propst@lw.com...
[ok] Summary email sent to: drewwileyroberts@gmail.com, richard.lowry@lw.com, drew.roberts@lw.com, andrew.kerrick@lw.com, sarah.propst@lw.com

[ok] Processed 4 PDF(s)
[2025-11-05 12:04:41] Check completed

========================================
[2025-11-05 12:06:01] Starting Federal Circuit check...
[info] Authenticating with Gmail API...
[ok] Successfully authenticated
[info] Summaries already exist for 2025-11-05 (4 files)
[info] Skipping processing to avoid duplicates (use --force to override)

[ok] Processed 0 PDF(s)
[2025-11-05 12:06:02] Check completed

========================================
[2025-11-05 12:08:01] Starting Federal Circuit check...
[info] Authenticating with Gmail API...
[ok] Successfully authenticated
[info] Summaries already exist for 2025-11-05 (4 files)
[info] Skipping processing to avoid duplicates (use --force to override)

[ok] Processed 0 PDF(s)
[2025-11-05 12:08:02] Check completed

========================================
[2025-11-05 12:10:01] Starting Federal Circuit check...
[info] Authenticating with Gmail API...
[ok] Successfully authenticated
[info] Summaries already exist for 2025-11-05 (4 files)
[info] Skipping processing to avoid duplicates (use --force to override)

[ok] Processed 0 PDF(s)
[2025-11-05 12:10:02] Check completed

========================================
[2025-11-05 12:12:01] Starting Federal Circuit check...
[info] Authenticating with Gmail API...
[ok] Successfully authenticated
[info] Summaries already exist for 2025-11-05 (4 files)
[info] Skipping processing to avoid duplicates (use --force to override)

[ok] Processed 0 PDF(s)
[2025-11-05 12:12:02] Check completed

========================================
[2025-11-05 12:14:01] Starting Federal Circuit check...
[info] Authenticating with Gmail API...
[ok] Successfully authenticated
[info] Summaries already exist for 2025-11-05 (4 files)
[info] Skipping processing to avoid duplicates (use --force to override)

[ok] Processed 0 PDF(s)
[2025-11-05 12:14:02] Check completed

========================================
[2025-11-06 12:00:02] Starting Federal Circuit check...
[info] Authenticating with Gmail API...
[ok] Successfully authenticated
[info] Searching Gmail for: from:uscourts@updates.uscourts.gov after:2025/11/06 before:2025/11/07
[info] No emails found from uscourts@updates.uscourts.gov on 2025/11/06
[info] Searching Gmail for: from:drewwileyroberts@gmail.com after:2025/11/06 before:2025/11/07
[info] No emails found from drewwileyroberts@gmail.com on 2025/11/06

[ok] Processed 0 PDF(s)
[2025-11-06 12:00:03] Check completed

========================================
[2025-11-06 12:02:01] Starting Federal Circuit check...
========================================
[2025-11-06 12:04:01] Starting Federal Circuit check...
[info] Authenticating with Gmail API...
[ok] Successfully authenticated
[info] Summaries already exist for 2025-11-06 (5 files)
[info] Skipping processing to avoid duplicates (use --force to override)

[ok] Processed 0 PDF(s)
[2025-11-06 12:04:02] Check completed

[info] Authenticating with Gmail API...
[ok] Successfully authenticated
[info] Searching Gmail for: from:uscourts@updates.uscourts.gov after:2025/11/06 before:2025/11/07
[info] Found 1 email(s)
[info] Searching Gmail for: from:drewwileyroberts@gmail.com after:2025/11/06 before:2025/11/07
[info] No emails found from drewwileyroberts@gmail.com on 2025/11/06

[info] Processing email 1/1
[info] Found 8 link(s) in email
[info] Processing uscourts link: https://www.cafc.uscourts.gov/11-06-2025-24-2139-woodroof-v-commerce-opinion-24-2139-opinion-11-6-2025_2599431/
[info] Found PDF URL: https://www.cafc.uscourts.gov/opinions-orders/24-2139.OPINION.11-6-2025_2599431.pdf
[info] Case: 24-2139: WOODROOF v. COMMERCE
[info] Case Number: 24-2139
[info] Opinion Date: 2025-11-06
[info] Precedential: No
[ok] Downloaded PDF: pdfs/24-2139.OPINION.11-6-2025_2599431.pdf
[info] Extracting text from: 24-2139.OPINION.11-6-2025_2599431.pdf
[info] Summarizing: 24-2139.OPINION.11-6-2025_2599431.pdf
[info] Using scraped metadata: date=2025-11-06, case=24-2139
[ok] Wrote summary: summaries/2025-11-06/non-precedential/2025.11.06_24-2139.txt
[info] Processing uscourts link: https://www.cafc.uscourts.gov/11-06-2025-25-132-in-re-sap-america-inc-order-25-132-order-11-6-2025_2599495/
[info] Found PDF URL: https://www.cafc.uscourts.gov/opinions-orders/25-132.ORDER.11-6-2025_2599495.pdf
[info] Case: 25-132: In Re SAP AMERICA, INC.
[info] Case Number: 25-132
[info] Opinion Date: 2025-11-06
[info] Precedential: No
[ok] Downloaded PDF: pdfs/25-132.ORDER.11-6-2025_2599495.pdf
[info] Extracting text from: 25-132.ORDER.11-6-2025_2599495.pdf
[info] Summarizing: 25-132.ORDER.11-6-2025_2599495.pdf
[info] Using scraped metadata: date=2025-11-06, case=25-132
[ok] Wrote summary: summaries/2025-11-06/non-precedential/2025.11.06_25-132.txt
[info] Processing uscourts link: https://www.cafc.uscourts.gov/11-06-2025-25-1128-boyd-v-treasury-opinion-25-1128-opinion-11-6-2025_2599469/
[info] Found PDF URL: https://www.cafc.uscourts.gov/opinions-orders/25-1128.OPINION.11-6-2025_2599469.pdf
[info] Case: 25-1128: BOYD v. TREASURY
[info] Case Number: 25-1128
[info] Opinion Date: 2025-11-06
[info] Precedential: No
[ok] Downloaded PDF: pdfs/25-1128.OPINION.11-6-2025_2599469.pdf
[info] Extracting text from: 25-1128.OPINION.11-6-2025_2599469.pdf
[info] Summarizing: 25-1128.OPINION.11-6-2025_2599469.pdf
[info] Using scraped metadata: date=2025-11-06, case=25-1128
[ok] Wrote summary: summaries/2025-11-06/non-precedential/2025.11.06_25-1128.txt
[info] Processing uscourts link: https://www.cafc.uscourts.gov/11-06-2025-25-144-in-re-google-llc-order-25-144-order-11-6-2025_2599508/
[info] Found PDF URL: https://www.cafc.uscourts.gov/opinions-orders/25-144.ORDER.11-6-2025_2599508.pdf
[info] Case: 25-144: In Re GOOGLE LLC
[info] Case Number: 25-144
[info] Opinion Date: 2025-11-06
[info] Precedential: No
[ok] Downloaded PDF: pdfs/25-144.ORDER.11-6-2025_2599508.pdf
[info] Extracting text from: 25-144.ORDER.11-6-2025_2599508.pdf
[info] Summarizing: 25-144.ORDER.11-6-2025_2599508.pdf
[info] Using scraped metadata: date=2025-11-06, case=25-144
[ok] Wrote summary: summaries/2025-11-06/non-precedential/2025.11.06_25-144.txt
[info] Processing uscourts link: https://www.cafc.uscourts.gov/11-06-2025-25-134-in-re-motorola-solutions-inc-order-25-134-order-11-6-2025_2599490/
[info] Found PDF URL: https://www.cafc.uscourts.gov/opinions-orders/25-134.ORDER.11-6-2025_2599490.pdf
[info] Case: 25-134: In Re MOTOROLA SOLUTIONS, INC.
[info] Case Number: 25-134
[info] Opinion Date: 2025-11-06
[info] Precedential: Yes
[ok] Downloaded PDF: pdfs/25-134.ORDER.11-6-2025_2599490.pdf
[info] Extracting text from: 25-134.ORDER.11-6-2025_2599490.pdf
[info] Summarizing: 25-134.ORDER.11-6-2025_2599490.pdf
[info] Using scraped metadata: date=2025-11-06, case=25-134
[ok] Wrote summary: summaries/2025-11-06/precedential/2025.11.06_25-134.txt
[info] Processing uscourts link: https://www.cafc.uscourts.gov/11-06-2025-25-1157-demery-v-mspb-errata-25-1157-errata-11-6-2025_2599454/
[info] Found PDF URL: https://www.cafc.uscourts.gov/opinions-orders/25-1157.ERRATA.11-6-2025_2599454.pdf
[info] Case: 25-1157: DEMERY v. MSPB [ERRATA]
[info] Case Number: 25-1157
[info] Opinion Date: 2025-11-06
[info] Precedential: No
[ok] Downloaded PDF: pdfs/25-1157.ERRATA.11-6-2025_2599454.pdf
[info] Extracting text from: 25-1157.ERRATA.11-6-2025_2599454.pdf
[info] Summarizing: 25-1157.ERRATA.11-6-2025_2599454.pdf
[info] Using scraped metadata: date=2025-11-06, case=25-1157
[ok] Wrote summary: summaries/2025-11-06/non-precedential/2025.11.06_25-1157.txt
[info] Processing uscourts link: https://www.cafc.uscourts.gov/11-06-2025-25-1622-miles-v-us-opinion-25-1622-opinion-11-6-2025_2599445/
[info] Found PDF URL: https://www.cafc.uscourts.gov/opinions-orders/25-1622.OPINION.11-6-2025_2599445.pdf
[info] Case: 25-1622: MILES v. US
[info] Case Number: 25-1622
[info] Opinion Date: 2025-11-06
[info] Precedential: No
[ok] Downloaded PDF: pdfs/25-1622.OPINION.11-6-2025_2599445.pdf
[info] Extracting text from: 25-1622.OPINION.11-6-2025_2599445.pdf
[info] Summarizing: 25-1622.OPINION.11-6-2025_2599445.pdf
[info] Using scraped metadata: date=2025-11-06, case=25-1622
[ok] Wrote summary: summaries/2025-11-06/non-precedential/2025.11.06_25-1622.txt
[info] Processing uscourts link: https://www.cafc.uscourts.gov/11-05-2025-24-1606-supernus-pharmaceuticals-inc-v-ajanta-pharma-limited-order-24-1606-order-11-5-2025_2599233/
[info] Found PDF URL: https://www.cafc.uscourts.gov/opinions-orders/24-1606.ORDER.11-5-2025_2599233.pdf
[info] Case: 24-1606: SUPERNUS PHARMACEUTICALS, INC. v. AJANTA PHARMA LIMITED
[info] Case Number: 24-1606
[info] Opinion Date: 2025-11-05
[info] Precedential: No
[ok] Downloaded PDF: pdfs/24-1606.ORDER.11-5-2025_2599233.pdf
[info] Extracting text from: 24-1606.ORDER.11-5-2025_2599233.pdf
[info] Summarizing: 24-1606.ORDER.11-5-2025_2599233.pdf
[info] Using scraped metadata: date=2025-11-05, case=24-1606
[ok] Wrote summary: summaries/2025-11-06/non-precedential/2025.11.05_24-1606.txt

[info] Sending summary email to drewwileyroberts@gmail.com, richard.lowry@lw.com, drew.roberts@lw.com, andrew.kerrick@lw.com, sarah.propst@lw.com...
[ok] Summary email sent to: drewwileyroberts@gmail.com, richard.lowry@lw.com, drew.roberts@lw.com, andrew.kerrick@lw.com, sarah.propst@lw.com

[ok] Processed 8 PDF(s)
[2025-11-06 12:04:32] Check completed

========================================
[2025-11-06 12:06:01] Starting Federal Circuit check...
[info] Authenticating with Gmail API...
[ok] Successfully authenticated
[info] Summaries already exist for 2025-11-06 (8 files)
[info] Skipping processing to avoid duplicates (use --force to override)

[ok] Processed 0 PDF(s)
[2025-11-06 12:06:02] Check completed

========================================
[2025-11-06 12:08:01] Starting Federal Circuit check...
[info] Authenticating with Gmail API...
[ok] Successfully authenticated
[info] Summaries already exist for 2025-11-06 (8 files)
[info] Skipping processing to avoid duplicates (use --force to override)

[ok] Processed 0 PDF(s)
[2025-11-06 12:08:02] Check completed

========================================
[2025-11-06 12:10:01] Starting Federal Circuit check...
[info] Authenticating with Gmail API...
[ok] Successfully authenticated
[info] Summaries already exist for 2025-11-06 (8 files)
[info] Skipping processing to avoid duplicates (use --force to override)

[ok] Processed 0 PDF(s)
[2025-11-06 12:10:02] Check completed

========================================
[2025-11-06 12:12:01] Starting Federal Circuit check...
[info] Authenticating with Gmail API...
[ok] Successfully authenticated
[info] Summaries already exist for 2025-11-06 (8 files)
[info] Skipping processing to avoid duplicates (use --force to override)

[ok] Processed 0 PDF(s)
[2025-11-06 12:12:02] Check completed

========================================
[2025-11-06 12:14:01] Starting Federal Circuit check...
[info] Authenticating with Gmail API...
[ok] Successfully authenticated
[info] Summaries already exist for 2025-11-06 (8 files)
[info] Skipping processing to avoid duplicates (use --force to override)

[ok] Processed 0 PDF(s)
[2025-11-06 12:14:02] Check completed

========================================
[2025-11-07 12:00:01] Starting Federal Circuit check...
[info] Authenticating with Gmail API...
[ok] Successfully authenticated
[info] Searching Gmail for: from:uscourts@updates.uscourts.gov after:2025/11/07 before:2025/11/08
[info] No emails found from uscourts@updates.uscourts.gov on 2025/11/07
[info] Searching Gmail for: from:drewwileyroberts@gmail.com after:2025/11/07 before:2025/11/08
[info] No emails found from drewwileyroberts@gmail.com on 2025/11/07

[ok] Processed 0 PDF(s)
[2025-11-07 12:00:03] Check completed

========================================
[2025-11-07 12:02:01] Starting Federal Circuit check...
[info] Authenticating with Gmail API...
[ok] Successfully authenticated
[info] Searching Gmail for: from:uscourts@updates.uscourts.gov after:2025/11/07 before:2025/11/08
[info] No emails found from uscourts@updates.uscourts.gov on 2025/11/07
[info] Searching Gmail for: from:drewwileyroberts@gmail.com after:2025/11/07 before:2025/11/08
[info] No emails found from drewwileyroberts@gmail.com on 2025/11/07

[ok] Processed 0 PDF(s)
[2025-11-07 12:02:02] Check completed

========================================
[2025-11-07 12:04:01] Starting Federal Circuit check...
========================================
[2025-11-07 12:06:01] Starting Federal Circuit check...
[info] Authenticating with Gmail API...
[ok] Successfully authenticated
[info] Summaries already exist for 2025-11-07 (7 files)
[info] Skipping processing to avoid duplicates (use --force to override)

[ok] Processed 0 PDF(s)
[2025-11-07 12:06:02] Check completed

[info] Authenticating with Gmail API...
[ok] Successfully authenticated
[info] Searching Gmail for: from:uscourts@updates.uscourts.gov after:2025/11/07 before:2025/11/08
[info] Found 1 email(s)
[info] Searching Gmail for: from:drewwileyroberts@gmail.com after:2025/11/07 before:2025/11/08
[info] No emails found from drewwileyroberts@gmail.com on 2025/11/07

[info] Processing email 1/1
[info] Found 8 link(s) in email
[info] Processing uscourts link: https://www.cafc.uscourts.gov/11-07-2025-25-1573-rivers-v-mspb-opinion-25-1573-opinion-11-7-2025_2600430/
[info] Found PDF URL: https://www.cafc.uscourts.gov/opinions-orders/25-1573.OPINION.11-7-2025_2600430.pdf
[info] Case: 25-1573: RIVERS v. MSPB
[info] Case Number: 25-1573
[info] Opinion Date: 2025-11-07
[info] Precedential: No
[ok] Downloaded PDF: pdfs/25-1573.OPINION.11-7-2025_2600430.pdf
[info] Extracting text from: 25-1573.OPINION.11-7-2025_2600430.pdf
[info] Summarizing: 25-1573.OPINION.11-7-2025_2600430.pdf
[info] Using scraped metadata: date=2025-11-07, case=25-1573
[ok] Wrote summary: summaries/2025-11-07/non-precedential/2025.11.07_25-1573.txt
[info] Processing uscourts link: https://www.cafc.uscourts.gov/11-06-2025-23-2433-bolanos-reynoso-v-department-of-agriculture-rule-36-judgment-23-2433-rule_36_judgment-11-6-2025_2599425/
[info] Found PDF URL: https://www.cafc.uscourts.gov/opinions-orders/23-2433.RULE_36_JUDGMENT.11-6-2025_2599425.pdf
[info] Case: 23-2433: BOLANOS-REYNOSO v. DEPARTMENT OF AGRICULTURE [RULE 36 JUDGMENT]
[info] Case Number: 23-2433
[info] Opinion Date: 2025-11-06
[info] Precedential: No
[ok] Downloaded PDF: pdfs/23-2433.RULE_36_JUDGMENT.11-6-2025_2599425.pdf
[info] Extracting text from: 23-2433.RULE_36_JUDGMENT.11-6-2025_2599425.pdf
[info] Summarizing: 23-2433.RULE_36_JUDGMENT.11-6-2025_2599425.pdf
[info] Using scraped metadata: date=2025-11-06, case=23-2433
[ok] Wrote summary: summaries/2025-11-07/non-precedential/2025.11.06_23-2433.txt
[info] Processing uscourts link: https://www.cafc.uscourts.gov/11-06-2025-25-2019-sumrall-v-mspb-order-25-2019-order-11-6-2025_2599626/
[info] Found PDF URL: https://www.cafc.uscourts.gov/opinions-orders/25-2019.ORDER.11-6-2025_2599626.pdf
[info] Case: 25-2019: SUMRALL v. MSPB
[info] Case Number: 25-2019
[info] Opinion Date: 2025-11-06
[info] Precedential: No
[ok] Downloaded PDF: pdfs/25-2019.ORDER.11-6-2025_2599626.pdf
[info] Extracting text from: 25-2019.ORDER.11-6-2025_2599626.pdf
[info] Summarizing: 25-2019.ORDER.11-6-2025_2599626.pdf
[info] Using scraped metadata: date=2025-11-06, case=25-2019
[ok] Wrote summary: summaries/2025-11-07/non-precedential/2025.11.06_25-2019.txt
[info] Processing uscourts link: https://www.cafc.uscourts.gov/11-07-2025-24-1553-richardson-v-us-opinion-24-1553-opinion-11-7-2025_2600411/
[info] Found PDF URL: https://www.cafc.uscourts.gov/opinions-orders/24-1553.OPINION.11-7-2025_2600411.pdf
[info] Case: 24-1553: RICHARDSON v. US
[info] Case Number: 24-1553
[info] Opinion Date: 2025-11-07
[info] Precedential: No
[ok] Downloaded PDF: pdfs/24-1553.OPINION.11-7-2025_2600411.pdf
[info] Extracting text from: 24-1553.OPINION.11-7-2025_2600411.pdf
[info] Summarizing: 24-1553.OPINION.11-7-2025_2600411.pdf
[info] Using scraped metadata: date=2025-11-07, case=24-1553
[ok] Wrote summary: summaries/2025-11-07/non-precedential/2025.11.07_24-1553.txt
[info] Processing uscourts link: https://www.cafc.uscourts.gov/11-07-2025-23-2409-raiszadeh-v-dhs-opinion-23-2409-opinion-11-7-2025_2600442/
[info] Found PDF URL: https://www.cafc.uscourts.gov/opinions-orders/23-2409.OPINION.11-7-2025_2600442.pdf
[info] Case: 23-2409: RAISZADEH v. DHS
[info] Case Number: 23-2409
[info] Opinion Date: 2025-11-07
[info] Precedential: No
[ok] Downloaded PDF: pdfs/23-2409.OPINION.11-7-2025_2600442.pdf
[info] Extracting text from: 23-2409.OPINION.11-7-2025_2600442.pdf
[info] Summarizing: 23-2409.OPINION.11-7-2025_2600442.pdf
[info] Using scraped metadata: date=2025-11-07, case=23-2409
[ok] Wrote summary: summaries/2025-11-07/non-precedential/2025.11.07_23-2409.txt
[info] Processing uscourts link: https://www.cafc.uscourts.gov/11-07-2025-24-1526-lbt-ip-ii-llc-v-uber-technologies-inc-rule-36-judgment-24-1526-rule_36_judgment-11-7-2025_2600466/
[info] Found PDF URL: https://www.cafc.uscourts.gov/opinions-orders/24-1526.RULE_36_JUDGMENT.11-7-2025_2600466.pdf
[info] Case: 24-1526: LBT IP II LLC v. UBER TECHNOLOGIES, INC. [RULE 36 JUDGMENT]
[info] Case Number: 24-1526
[info] Opinion Date: 2025-11-07
[info] Precedential: No
[ok] Downloaded PDF: pdfs/24-1526.RULE_36_JUDGMENT.11-7-2025_2600466.pdf
[info] Extracting text from: 24-1526.RULE_36_JUDGMENT.11-7-2025_2600466.pdf
[info] Summarizing: 24-1526.RULE_36_JUDGMENT.11-7-2025_2600466.pdf
[info] Using scraped metadata: date=2025-11-07, case=24-1526
[ok] Wrote summary: summaries/2025-11-07/non-precedential/2025.11.07_24-1526.txt
[info] Processing uscourts link: https://www.cafc.uscourts.gov/11-07-2025-24-1457-lbt-ip-ii-llc-v-uber-technologies-inc-rule-36-judgment-24-1457-rule_36_judgment-11-7-2025_2600477/
[info] Found PDF URL: https://www.cafc.uscourts.gov/opinions-orders/24-1457.RULE_36_JUDGMENT.11-7-2025_2600477.pdf
[info] Case: 24-1457: LBT IP II LLC v. UBER TECHNOLOGIES, INC. [RULE 36 JUDGMENT]
[info] Case Number: 24-1457
[info] Opinion Date: 2025-11-07
[info] Precedential: No
[ok] Downloaded PDF: pdfs/24-1457.RULE_36_JUDGMENT.11-7-2025_2600477.pdf
[info] Extracting text from: 24-1457.RULE_36_JUDGMENT.11-7-2025_2600477.pdf
[info] Summarizing: 24-1457.RULE_36_JUDGMENT.11-7-2025_2600477.pdf
[info] Using scraped metadata: date=2025-11-07, case=24-1457
[ok] Wrote summary: summaries/2025-11-07/non-precedential/2025.11.07_24-1457.txt
[info] Processing uscourts link: https://www.cafc.uscourts.gov/11-06-2025-25-2049-microsoft-corporation-v-interdigital-patent-holdings-inc-order-25-2049-order-11-6-2025_2599857/
[info] Found PDF URL: https://www.cafc.uscourts.gov/opinions-orders/25-2049.ORDER.11-6-2025_2599857.pdf
[info] Case: 25-2049: MICROSOFT CORPORATION v. INTERDIGITAL PATENT HOLDINGS, INC.
[info] Case Number: 25-2049
[info] Opinion Date: 2025-11-06
[info] Precedential: No
[ok] Downloaded PDF: pdfs/25-2049.ORDER.11-6-2025_2599857.pdf
[info] Extracting text from: 25-2049.ORDER.11-6-2025_2599857.pdf
[info] Summarizing: 25-2049.ORDER.11-6-2025_2599857.pdf
[info] Using scraped metadata: date=2025-11-06, case=25-2049
[ok] Wrote summary: summaries/2025-11-07/non-precedential/2025.11.06_25-2049.txt

[info] Sending summary email to drewwileyroberts@gmail.com, richard.lowry@lw.com, drew.roberts@lw.com, andrew.kerrick@lw.com, sarah.propst@lw.com...
[ok] Summary email sent to: drewwileyroberts@gmail.com, richard.lowry@lw.com, drew.roberts@lw.com, andrew.kerrick@lw.com, sarah.propst@lw.com

[ok] Processed 8 PDF(s)
[2025-11-07 12:06:04] Check completed

========================================
[2025-11-07 12:08:01] Starting Federal Circuit check...
[info] Authenticating with Gmail API...
[ok] Successfully authenticated
[info] Summaries already exist for 2025-11-07 (8 files)
[info] Skipping processing to avoid duplicates (use --force to override)

[ok] Processed 0 PDF(s)
[2025-11-07 12:08:02] Check completed

========================================
[2025-11-07 12:10:01] Starting Federal Circuit check...
[info] Authenticating with Gmail API...
[ok] Successfully authenticated
[info] Summaries already exist for 2025-11-07 (8 files)
[info] Skipping processing to avoid duplicates (use --force to override)

[ok] Processed 0 PDF(s)
[2025-11-07 12:10:02] Check completed

========================================
[2025-11-07 12:12:01] Starting Federal Circuit check...
[info] Authenticating with Gmail API...
[ok] Successfully authenticated
[info] Summaries already exist for 2025-11-07 (8 files)
[info] Skipping processing to avoid duplicates (use --force to override)

[ok] Processed 0 PDF(s)
[2025-11-07 12:12:02] Check completed

========================================
[2025-11-07 12:14:01] Starting Federal Circuit check...
[info] Authenticating with Gmail API...
[ok] Successfully authenticated
[info] Summaries already exist for 2025-11-07 (8 files)
[info] Skipping processing to avoid duplicates (use --force to override)

[ok] Processed 0 PDF(s)
[2025-11-07 12:14:02] Check completed

========================================
[2025-11-10 12:00:01] Starting Federal Circuit check...
[info] Authenticating with Gmail API...
[ok] Successfully authenticated
[info] Searching Gmail for: from:uscourts@updates.uscourts.gov after:2025/11/10 before:2025/11/11
[info] No emails found from uscourts@updates.uscourts.gov on 2025/11/10
[info] Searching Gmail for: from:drewwileyroberts@gmail.com after:2025/11/10 before:2025/11/11
[info] No emails found from drewwileyroberts@gmail.com on 2025/11/10

[ok] Processed 0 PDF(s)
[2025-11-10 12:00:03] Check completed

========================================
[2025-11-10 12:02:01] Starting Federal Circuit check...
[info] Authenticating with Gmail API...
[ok] Successfully authenticated
[info] Searching Gmail for: from:uscourts@updates.uscourts.gov after:2025/11/10 before:2025/11/11
[info] Found 1 email(s)
[info] Searching Gmail for: from:drewwileyroberts@gmail.com after:2025/11/10 before:2025/11/11
[info] No emails found from drewwileyroberts@gmail.com on 2025/11/10

[info] Processing email 1/1
[info] Found 3 link(s) in email
[info] Processing uscourts link: https://www.cafc.uscourts.gov/11-10-2025-24-1492-cpc-patent-technologies-pty-ltd-v-assa-abloy-ab-opinion-24-1492-opinion-11-10-2025_2601155/
[info] Found PDF URL: https://www.cafc.uscourts.gov/opinions-orders/24-1492.OPINION.11-10-2025_2601155.pdf
[info] Case: 24-1492: CPC PATENT TECHNOLOGIES PTY LTD. v. ASSA ABLOY AB
[info] Case Number: 24-1492
[info] Opinion Date: 2025-11-10
[info] Precedential: No
[ok] Downloaded PDF: pdfs/24-1492.OPINION.11-10-2025_2601155.pdf
[info] Extracting text from: 24-1492.OPINION.11-10-2025_2601155.pdf
[info] Summarizing: 24-1492.OPINION.11-10-2025_2601155.pdf
[info] Using scraped metadata: date=2025-11-10, case=24-1492
[ok] Wrote summary: summaries/2025-11-10/non-precedential/2025.11.10_24-1492.txt
[info] Processing uscourts link: https://www.cafc.uscourts.gov/11-10-2025-24-1365-cpc-patent-technologies-pty-ltd-v-apple-inc-rule-36-judgment-24-1365-rule_36_judgment-11-10-2025_2601167/
[info] Found PDF URL: https://www.cafc.uscourts.gov/opinions-orders/24-1365.RULE_36_JUDGMENT.11-10-2025_2601167.pdf
[info] Case: 24-1365: CPC PATENT TECHNOLOGIES PTY LTD. v. APPLE INC. [RULE 36 JUDGMENT]
[info] Case Number: 24-1365
[info] Opinion Date: 2025-11-10
[info] Precedential: No
[ok] Downloaded PDF: pdfs/24-1365.RULE_36_JUDGMENT.11-10-2025_2601167.pdf
[info] Extracting text from: 24-1365.RULE_36_JUDGMENT.11-10-2025_2601167.pdf
[info] Summarizing: 24-1365.RULE_36_JUDGMENT.11-10-2025_2601167.pdf
[info] Using scraped metadata: date=2025-11-10, case=24-1365
[ok] Wrote summary: summaries/2025-11-10/non-precedential/2025.11.10_24-1365.txt
[info] Processing uscourts link: https://www.cafc.uscourts.gov/11-10-2025-25-1258-warne-v-mspb-opinion-25-1258-opinion-11-10-2025_2601119/
[info] Found PDF URL: https://www.cafc.uscourts.gov/opinions-orders/25-1258.OPINION.11-10-2025_2601119.pdf
[info] Case: 25-1258: WARNE v. MSPB
[info] Case Number: 25-1258
[info] Opinion Date: 2025-11-10
[info] Precedential: No
[ok] Downloaded PDF: pdfs/25-1258.OPINION.11-10-2025_2601119.pdf
[info] Extracting text from: 25-1258.OPINION.11-10-2025_2601119.pdf
[info] Summarizing: 25-1258.OPINION.11-10-2025_2601119.pdf
[info] Using scraped metadata: date=2025-11-10, case=25-1258
[ok] Wrote summary: summaries/2025-11-10/non-precedential/2025.11.10_25-1258.txt

[info] Sending summary email to drewwileyroberts@gmail.com, richard.lowry@lw.com, drew.roberts@lw.com, andrew.kerrick@lw.com, sarah.propst@lw.com...
[ok] Summary email sent to: drewwileyroberts@gmail.com, richard.lowry@lw.com, drew.roberts@lw.com, andrew.kerrick@lw.com, sarah.propst@lw.com

[ok] Processed 3 PDF(s)
[2025-11-10 12:03:05] Check completed

========================================
[2025-11-10 12:04:01] Starting Federal Circuit check...
[info] Authenticating with Gmail API...
[ok] Successfully authenticated
[info] Summaries already exist for 2025-11-10 (3 files)
[info] Skipping processing to avoid duplicates (use --force to override)

[ok] Processed 0 PDF(s)
[2025-11-10 12:04:02] Check completed

========================================
[2025-11-10 12:06:01] Starting Federal Circuit check...
[info] Authenticating with Gmail API...
[ok] Successfully authenticated
[info] Summaries already exist for 2025-11-10 (3 files)
[info] Skipping processing to avoid duplicates (use --force to override)

[ok] Processed 0 PDF(s)
[2025-11-10 12:06:02] Check completed

========================================
[2025-11-10 12:08:01] Starting Federal Circuit check...
[info] Authenticating with Gmail API...
[ok] Successfully authenticated
[info] Summaries already exist for 2025-11-10 (3 files)
[info] Skipping processing to avoid duplicates (use --force to override)

[ok] Processed 0 PDF(s)
[2025-11-10 12:08:02] Check completed

========================================
[2025-11-10 12:10:01] Starting Federal Circuit check...
[info] Authenticating with Gmail API...
[ok] Successfully authenticated
[info] Summaries already exist for 2025-11-10 (3 files)
[info] Skipping processing to avoid duplicates (use --force to override)

[ok] Processed 0 PDF(s)
[2025-11-10 12:10:02] Check completed

========================================
[2025-11-10 12:12:01] Starting Federal Circuit check...
[info] Authenticating with Gmail API...
[ok] Successfully authenticated
[info] Summaries already exist for 2025-11-10 (3 files)
[info] Skipping processing to avoid duplicates (use --force to override)

[ok] Processed 0 PDF(s)
[2025-11-10 12:12:02] Check completed

========================================
[2025-11-10 12:14:01] Starting Federal Circuit check...
[info] Authenticating with Gmail API...
[ok] Successfully authenticated
[info] Summaries already exist for 2025-11-10 (3 files)
[info] Skipping processing to avoid duplicates (use --force to override)

[ok] Processed 0 PDF(s)
[2025-11-10 12:14:02] Check completed

========================================
[2025-11-11 12:00:01] Starting Federal Circuit check...
[info] Authenticating with Gmail API...
[ok] Successfully authenticated
[info] Searching Gmail for: from:uscourts@updates.uscourts.gov after:2025/11/11 before:2025/11/12
[info] No emails found from uscourts@updates.uscourts.gov on 2025/11/11

[ok] Processed 0 PDF(s)
[2025-11-11 12:00:03] Check completed

========================================
[2025-11-11 12:02:01] Starting Federal Circuit check...
[info] Authenticating with Gmail API...
[ok] Successfully authenticated
[info] Searching Gmail for: from:uscourts@updates.uscourts.gov after:2025/11/11 before:2025/11/12
[info] No emails found from uscourts@updates.uscourts.gov on 2025/11/11

[ok] Processed 0 PDF(s)
[2025-11-11 12:02:02] Check completed

========================================
[2025-11-11 12:04:01] Starting Federal Circuit check...
[info] Authenticating with Gmail API...
[ok] Successfully authenticated
[info] Searching Gmail for: from:uscourts@updates.uscourts.gov after:2025/11/11 before:2025/11/12
[info] No emails found from uscourts@updates.uscourts.gov on 2025/11/11

[ok] Processed 0 PDF(s)
[2025-11-11 12:04:02] Check completed

========================================
[2025-11-11 12:06:01] Starting Federal Circuit check...
[info] Authenticating with Gmail API...
[ok] Successfully authenticated
[info] Searching Gmail for: from:uscourts@updates.uscourts.gov after:2025/11/11 before:2025/11/12
[info] No emails found from uscourts@updates.uscourts.gov on 2025/11/11

[ok] Processed 0 PDF(s)
[2025-11-11 12:06:03] Check completed

========================================
[2025-11-11 12:08:01] Starting Federal Circuit check...
[info] Authenticating with Gmail API...
[ok] Successfully authenticated
[info] Searching Gmail for: from:uscourts@updates.uscourts.gov after:2025/11/11 before:2025/11/12
[info] No emails found from uscourts@updates.uscourts.gov on 2025/11/11

[ok] Processed 0 PDF(s)
[2025-11-11 12:08:02] Check completed

========================================
[2025-11-11 12:10:01] Starting Federal Circuit check...
[info] Authenticating with Gmail API...
[ok] Successfully authenticated
[info] Searching Gmail for: from:uscourts@updates.uscourts.gov after:2025/11/11 before:2025/11/12
[info] No emails found from uscourts@updates.uscourts.gov on 2025/11/11

[ok] Processed 0 PDF(s)
[2025-11-11 12:10:03] Check completed

========================================
[2025-11-11 12:12:01] Starting Federal Circuit check...
[info] Authenticating with Gmail API...
[ok] Successfully authenticated
[info] Searching Gmail for: from:uscourts@updates.uscourts.gov after:2025/11/11 before:2025/11/12
[info] No emails found from uscourts@updates.uscourts.gov on 2025/11/11

[ok] Processed 0 PDF(s)
[2025-11-11 12:12:02] Check completed

========================================
[2025-11-11 12:14:01] Starting Federal Circuit check...
[info] Authenticating with Gmail API...
[ok] Successfully authenticated
[info] Searching Gmail for: from:uscourts@updates.uscourts.gov after:2025/11/11 before:2025/11/12
[info] No emails found from uscourts@updates.uscourts.gov on 2025/11/11

[ok] Processed 0 PDF(s)
[2025-11-11 12:14:02] Check completed

========================================
[2025-11-12 12:00:01] Starting Federal Circuit check...
[info] Authenticating with Gmail API...
[ok] Successfully authenticated
[info] Searching Gmail for: from:uscourts@updates.uscourts.gov after:2025/11/12 before:2025/11/13
[info] No emails found from uscourts@updates.uscourts.gov on 2025/11/12

[ok] Processed 0 PDF(s)
[2025-11-12 12:00:03] Check completed

========================================
[2025-11-12 12:02:01] Starting Federal Circuit check...
[info] Authenticating with Gmail API...
[ok] Successfully authenticated
[info] Searching Gmail for: from:uscourts@updates.uscourts.gov after:2025/11/12 before:2025/11/13
[info] Found 1 email(s)

[info] Processing email 1/1
[info] Found 5 link(s) in email
[info] Processing uscourts link: https://www.cafc.uscourts.gov/11-12-2025-24-1446-cloudofchange-llc-v-lightspeed-commerce-inc-rule-36-judgment-24-1446-rule_36_judgment-11-12-2025_2602148/
[info] Found PDF URL: https://www.cafc.uscourts.gov/opinions-orders/24-1446.RULE_36_JUDGMENT.11-12-2025_2602148.pdf
[info] Case: 24-1446: CLOUDOFCHANGE, LLC v. LIGHTSPEED COMMERCE INC. [RULE 36 JUDGMENT]
[info] Case Number: 24-1446
[info] Opinion Date: 2025-11-12
[info] Precedential: No
[ok] Downloaded PDF: pdfs/24-1446.RULE_36_JUDGMENT.11-12-2025_2602148.pdf
[info] Extracting text from: 24-1446.RULE_36_JUDGMENT.11-12-2025_2602148.pdf
[info] Summarizing: 24-1446.RULE_36_JUDGMENT.11-12-2025_2602148.pdf
[info] Using scraped metadata: date=2025-11-12, case=24-1446
[ok] Wrote summary: summaries/2025-11-12/non-precedential/2025.11.12_24-1446.txt
[info] Processing uscourts link: https://www.cafc.uscourts.gov/11-12-2025-24-1750-arena-ip-llc-v-new-england-patriots-llc-rule-36-judgment-24-1750-rule_36_judgment-11-12-2025_2602141/
[info] Found PDF URL: https://www.cafc.uscourts.gov/opinions-orders/24-1750.RULE_36_JUDGMENT.11-12-2025_2602141.pdf
[info] Case: 24-1750: ARENA IP, LLC v. NEW ENGLAND PATRIOTS LLC [RULE 36 JUDGMENT]
[info] Case Number: 24-1750
[info] Opinion Date: 2025-11-12
[info] Precedential: No
[ok] Downloaded PDF: pdfs/24-1750.RULE_36_JUDGMENT.11-12-2025_2602141.pdf
[info] Extracting text from: 24-1750.RULE_36_JUDGMENT.11-12-2025_2602141.pdf
[info] Summarizing: 24-1750.RULE_36_JUDGMENT.11-12-2025_2602141.pdf
[info] Using scraped metadata: date=2025-11-12, case=24-1750
[ok] Wrote summary: summaries/2025-11-12/non-precedential/2025.11.12_24-1750.txt
[info] Processing uscourts link: https://www.cafc.uscourts.gov/11-12-2025-24-1466-canatex-completion-solutions-inc-v-wellmatics-llc-opinion-24-1466-opinion-11-12-2025_2602112/
[info] Found PDF URL: https://www.cafc.uscourts.gov/opinions-orders/24-1466.OPINION.11-12-2025_2602112.pdf
[info] Case: 24-1466: CANATEX COMPLETION SOLUTIONS, INC. v. WELLMATICS, LLC
[info] Case Number: 24-1466
[info] Opinion Date: 2025-11-12
[info] Precedential: Yes
[ok] Downloaded PDF: pdfs/24-1466.OPINION.11-12-2025_2602112.pdf
[info] Extracting text from: 24-1466.OPINION.11-12-2025_2602112.pdf
[info] Summarizing: 24-1466.OPINION.11-12-2025_2602112.pdf
[info] Using scraped metadata: date=2025-11-12, case=24-1466
[ok] Wrote summary: summaries/2025-11-12/precedential/2025.11.12_24-1466.txt
[info] Processing uscourts link: https://www.cafc.uscourts.gov/11-12-2025-24-1172-atilano-v-collins-rule-36-judgment-24-1172-rule_36_judgment-11-12-2025_2602134/
[info] Found PDF URL: https://www.cafc.uscourts.gov/opinions-orders/24-1172.RULE_36_JUDGMENT.11-12-2025_2602134.pdf
[info] Case: 24-1172: ATILANO v. COLLINS [RULE 36 JUDGMENT]
[info] Case Number: 24-1172
[info] Opinion Date: 2025-11-12
[info] Precedential: No
[ok] Downloaded PDF: pdfs/24-1172.RULE_36_JUDGMENT.11-12-2025_2602134.pdf
[info] Extracting text from: 24-1172.RULE_36_JUDGMENT.11-12-2025_2602134.pdf
[info] Summarizing: 24-1172.RULE_36_JUDGMENT.11-12-2025_2602134.pdf
[info] Using scraped metadata: date=2025-11-12, case=24-1172
[ok] Wrote summary: summaries/2025-11-12/non-precedential/2025.11.12_24-1172.txt
[info] Processing uscourts link: https://www.cafc.uscourts.gov/11-12-2025-25-1479-rough-v-dva-opinion-25-1479-opinion-11-12-2025_2602124/
[info] Found PDF URL: https://www.cafc.uscourts.gov/opinions-orders/25-1479.OPINION.11-12-2025_2602124.pdf
[info] Case: 25-1479: ROUGH v. DVA
[info] Case Number: 25-1479
[info] Opinion Date: 2025-11-12
[info] Precedential: No
[ok] Downloaded PDF: pdfs/25-1479.OPINION.11-12-2025_2602124.pdf
[info] Extracting text from: 25-1479.OPINION.11-12-2025_2602124.pdf
[info] Summarizing: 25-1479.OPINION.11-12-2025_2602124.pdf
[info] Using scraped metadata: date=2025-11-12, case=25-1479
[ok] Wrote summary: summaries/2025-11-12/non-precedential/2025.11.12_25-1479.txt

[info] Sending summary email to richard.lowry@lw.com, drew.roberts@lw.com, andrew.kerrick@lw.com, sarah.propst@lw.com...
[ok] Summary email sent to: richard.lowry@lw.com, drew.roberts@lw.com, andrew.kerrick@lw.com, sarah.propst@lw.com

[ok] Processed 5 PDF(s)
[2025-11-12 12:03:29] Check completed

========================================
[2025-11-12 12:04:01] Starting Federal Circuit check...
[info] Authenticating with Gmail API...
[ok] Successfully authenticated
[info] Summaries already exist for 2025-11-12 (5 files)
[info] Skipping processing to avoid duplicates (use --force to override)

[ok] Processed 0 PDF(s)
[2025-11-12 12:04:02] Check completed

========================================
[2025-11-12 12:06:01] Starting Federal Circuit check...
[info] Authenticating with Gmail API...
[ok] Successfully authenticated
[info] Summaries already exist for 2025-11-12 (5 files)
[info] Skipping processing to avoid duplicates (use --force to override)

[ok] Processed 0 PDF(s)
[2025-11-12 12:06:02] Check completed

========================================
[2025-11-12 12:08:01] Starting Federal Circuit check...
[info] Authenticating with Gmail API...
[ok] Successfully authenticated
[info] Summaries already exist for 2025-11-12 (5 files)
[info] Skipping processing to avoid duplicates (use --force to override)

[ok] Processed 0 PDF(s)
[2025-11-12 12:08:02] Check completed

========================================
[2025-11-12 12:10:01] Starting Federal Circuit check...
[info] Authenticating with Gmail API...
[ok] Successfully authenticated
[info] Summaries already exist for 2025-11-12 (5 files)
[info] Skipping processing to avoid duplicates (use --force to override)

[ok] Processed 0 PDF(s)
[2025-11-12 12:10:02] Check completed

========================================
[2025-11-12 12:12:01] Starting Federal Circuit check...
[info] Authenticating with Gmail API...
[ok] Successfully authenticated
[info] Summaries already exist for 2025-11-12 (5 files)
[info] Skipping processing to avoid duplicates (use --force to override)

[ok] Processed 0 PDF(s)
[2025-11-12 12:12:02] Check completed

========================================
[2025-11-12 12:14:01] Starting Federal Circuit check...
[info] Authenticating with Gmail API...
[ok] Successfully authenticated
[info] Summaries already exist for 2025-11-12 (5 files)
[info] Skipping processing to avoid duplicates (use --force to override)

[ok] Processed 0 PDF(s)
[2025-11-12 12:14:01] Check completed

========================================
[2025-11-13 12:00:01] Starting Federal Circuit check...
[info] Authenticating with Gmail API...
[ok] Successfully authenticated
[info] Searching Gmail for: from:uscourts@updates.uscourts.gov after:2025/11/13 before:2025/11/14
[info] No emails found from uscourts@updates.uscourts.gov on 2025/11/13

[ok] Processed 0 PDF(s)
[2025-11-13 12:00:02] Check completed

========================================
[2025-11-13 12:02:01] Starting Federal Circuit check...
[info] Authenticating with Gmail API...
[ok] Successfully authenticated
[info] Searching Gmail for: from:uscourts@updates.uscourts.gov after:2025/11/13 before:2025/11/14
[info] Found 1 email(s)

[info] Processing email 1/1
[info] Found 5 link(s) in email
[info] Processing uscourts link: https://www.cafc.uscourts.gov/11-12-2025-23-2029-arendi-sarl-v-google-llc-order-23-2029-order-11-12-2025_2602573/
[info] Found PDF URL: https://www.cafc.uscourts.gov/opinions-orders/23-2029.ORDER.11-12-2025_2602573.pdf
[info] Case: 23-2029: ARENDI S.A.R.L. v. GOOGLE LLC
[info] Case Number: 23-2029
[info] Opinion Date: 2025-11-12
[info] Precedential: No
[ok] Downloaded PDF: pdfs/23-2029.ORDER.11-12-2025_2602573.pdf
[info] Extracting text from: 23-2029.ORDER.11-12-2025_2602573.pdf
[info] Summarizing: 23-2029.ORDER.11-12-2025_2602573.pdf
[info] Using scraped metadata: date=2025-11-12, case=23-2029
[ok] Wrote summary: summaries/2025-11-13/non-precedential/2025.11.12_23-2029.txt
[info] Processing uscourts link: https://www.cafc.uscourts.gov/11-13-2025-24-1616-smartrend-manufacturing-group-smg-inc-v-opti-luxx-inc-opinion-24-1616-opinion-11-13-2025_2603126/
[info] Found PDF URL: https://www.cafc.uscourts.gov/opinions-orders/24-1616.OPINION.11-13-2025_2603126.pdf
[info] Case: 24-1616: SMARTREND MANUFACTURING GROUP (SMG), INC. v. OPTI-LUXX INC.
[info] Case Number: 24-1616
[info] Opinion Date: 2025-11-13
[info] Precedential: Yes
[ok] Downloaded PDF: pdfs/24-1616.OPINION.11-13-2025_2603126.pdf
[info] Extracting text from: 24-1616.OPINION.11-13-2025_2603126.pdf
[info] Summarizing: 24-1616.OPINION.11-13-2025_2603126.pdf
[info] Using scraped metadata: date=2025-11-13, case=24-1616
[ok] Wrote summary: summaries/2025-11-13/precedential/2025.11.13_24-1616.txt
[info] Processing uscourts link: https://www.cafc.uscourts.gov/11-13-2025-25-1614-jackson-v-dhs-opinion-25-1614-opinion-11-13-2025_2603138/
[info] Found PDF URL: https://www.cafc.uscourts.gov/opinions-orders/25-1614.OPINION.11-13-2025_2603138.pdf
[info] Case: 25-1614: JACKSON v. DHS
[info] Case Number: 25-1614
[info] Opinion Date: 2025-11-13
[info] Precedential: No
[ok] Downloaded PDF: pdfs/25-1614.OPINION.11-13-2025_2603138.pdf
[info] Extracting text from: 25-1614.OPINION.11-13-2025_2603138.pdf
[info] Summarizing: 25-1614.OPINION.11-13-2025_2603138.pdf
[info] Using scraped metadata: date=2025-11-13, case=25-1614
[ok] Wrote summary: summaries/2025-11-13/non-precedential/2025.11.13_25-1614.txt
[info] Processing uscourts link: https://www.cafc.uscourts.gov/11-13-2025-25-1531-godfrey-v-collins-order-25-1531-order-11-13-2025_2603312/
[info] Found PDF URL: https://www.cafc.uscourts.gov/opinions-orders/25-1531.ORDER.11-13-2025_2603312.pdf
[info] Case: 25-1531: GODFREY v. COLLINS
[info] Case Number: 25-1531
[info] Opinion Date: 2025-11-13
[info] Precedential: No
[ok] Downloaded PDF: pdfs/25-1531.ORDER.11-13-2025_2603312.pdf
[info] Extracting text from: 25-1531.ORDER.11-13-2025_2603312.pdf
[info] Summarizing: 25-1531.ORDER.11-13-2025_2603312.pdf
[info] Using scraped metadata: date=2025-11-13, case=25-1531
[ok] Wrote summary: summaries/2025-11-13/non-precedential/2025.11.13_25-1531.txt
[info] Processing uscourts link: https://www.cafc.uscourts.gov/11-13-2025-25-2152-zheng-v-mspb-order-25-2152-order-11-13-2025_2603301/
[info] Found PDF URL: https://www.cafc.uscourts.gov/opinions-orders/25-2152.ORDER.11-13-2025_2603301.pdf
[info] Case: 25-2152: ZHENG v. MSPB
[info] Case Number: 25-2152
[info] Opinion Date: 2025-11-13
[info] Precedential: No
[ok] Downloaded PDF: pdfs/25-2152.ORDER.11-13-2025_2603301.pdf
[info] Extracting text from: 25-2152.ORDER.11-13-2025_2603301.pdf
[info] Summarizing: 25-2152.ORDER.11-13-2025_2603301.pdf
[info] Using scraped metadata: date=2025-11-13, case=25-2152
[ok] Wrote summary: summaries/2025-11-13/non-precedential/2025.11.13_25-2152.txt

[info] Sending summary email to richard.lowry@lw.com, drew.roberts@lw.com, andrew.kerrick@lw.com, sarah.propst@lw.com...
[ok] Summary email sent to: richard.lowry@lw.com, drew.roberts@lw.com, andrew.kerrick@lw.com, sarah.propst@lw.com

[ok] Processed 5 PDF(s)
[2025-11-13 12:03:11] Check completed

========================================
[2025-11-13 12:04:01] Starting Federal Circuit check...
[info] Authenticating with Gmail API...
[ok] Successfully authenticated
[info] Summaries already exist for 2025-11-13 (5 files)
[info] Skipping processing to avoid duplicates (use --force to override)

[ok] Processed 0 PDF(s)
[2025-11-13 12:04:02] Check completed

========================================
[2025-11-13 12:06:01] Starting Federal Circuit check...
[info] Authenticating with Gmail API...
[ok] Successfully authenticated
[info] Summaries already exist for 2025-11-13 (5 files)
[info] Skipping processing to avoid duplicates (use --force to override)

[ok] Processed 0 PDF(s)
[2025-11-13 12:06:02] Check completed

========================================
[2025-11-13 12:08:01] Starting Federal Circuit check...
[info] Authenticating with Gmail API...
[ok] Successfully authenticated
[info] Summaries already exist for 2025-11-13 (5 files)
[info] Skipping processing to avoid duplicates (use --force to override)

[ok] Processed 0 PDF(s)
[2025-11-13 12:08:02] Check completed

========================================
[2025-11-13 12:10:01] Starting Federal Circuit check...
[info] Authenticating with Gmail API...
[ok] Successfully authenticated
[info] Summaries already exist for 2025-11-13 (5 files)
[info] Skipping processing to avoid duplicates (use --force to override)

[ok] Processed 0 PDF(s)
[2025-11-13 12:10:02] Check completed

========================================
[2025-11-13 12:12:01] Starting Federal Circuit check...
[info] Authenticating with Gmail API...
[ok] Successfully authenticated
[info] Summaries already exist for 2025-11-13 (5 files)
[info] Skipping processing to avoid duplicates (use --force to override)

[ok] Processed 0 PDF(s)
[2025-11-13 12:12:02] Check completed

========================================
[2025-11-13 12:14:01] Starting Federal Circuit check...
[info] Authenticating with Gmail API...
[ok] Successfully authenticated
[info] Summaries already exist for 2025-11-13 (5 files)
[info] Skipping processing to avoid duplicates (use --force to override)

[ok] Processed 0 PDF(s)
[2025-11-13 12:14:02] Check completed

========================================
[2025-11-14 12:00:01] Starting Federal Circuit check...
[info] Authenticating with Gmail API...
[ok] Successfully authenticated
[info] Searching Gmail for: from:uscourts@updates.uscourts.gov after:2025/11/14 before:2025/11/15
[info] No emails found from uscourts@updates.uscourts.gov on 2025/11/14

[ok] Processed 0 PDF(s)
[2025-11-14 12:00:08] Check completed

========================================
[2025-11-14 12:02:01] Starting Federal Circuit check...
[info] Authenticating with Gmail API...
[ok] Successfully authenticated
[info] Searching Gmail for: from:uscourts@updates.uscourts.gov after:2025/11/14 before:2025/11/15
[info] Found 1 email(s)

[info] Processing email 1/1
[info] Found 8 link(s) in email
[info] Processing uscourts link: https://www.cafc.uscourts.gov/11-14-2025-25-1314-akerman-v-mspb-opinion-25-1314-opinion-11-14-2025_2603989/
[info] Found PDF URL: https://www.cafc.uscourts.gov/opinions-orders/25-1314.OPINION.11-14-2025_2603989.pdf
[info] Case: 25-1314: AKERMAN v. MSPB
[info] Case Number: 25-1314
[info] Opinion Date: 2025-11-14
[info] Precedential: No
[ok] Downloaded PDF: pdfs/25-1314.OPINION.11-14-2025_2603989.pdf
[info] Extracting text from: 25-1314.OPINION.11-14-2025_2603989.pdf
[info] Summarizing: 25-1314.OPINION.11-14-2025_2603989.pdf
[info] Using scraped metadata: date=2025-11-14, case=25-1314
[ok] Wrote summary: summaries/2025-11-14/non-precedential/2025.11.14_25-1314.txt
[info] Processing uscourts link: https://www.cafc.uscourts.gov/11-14-2025-25-1793-franklin-v-collins-order-25-1793-order-11-14-2025_2603940/
[info] Found PDF URL: https://www.cafc.uscourts.gov/opinions-orders/25-1793.ORDER.11-14-2025_2603940.pdf
[info] Case: 25-1793: FRANKLIN v. COLLINS
[info] Case Number: 25-1793
[info] Opinion Date: 2025-11-14
[info] Precedential: No
[ok] Downloaded PDF: pdfs/25-1793.ORDER.11-14-2025_2603940.pdf
[info] Extracting text from: 25-1793.ORDER.11-14-2025_2603940.pdf
[info] Summarizing: 25-1793.ORDER.11-14-2025_2603940.pdf
[info] Using scraped metadata: date=2025-11-14, case=25-1793
[ok] Wrote summary: summaries/2025-11-14/non-precedential/2025.11.14_25-1793.txt
[info] Processing uscourts link: https://www.cafc.uscourts.gov/11-14-2025-25-1548-chisum-v-us-opinion-25-1548-opinion-11-14-2025_2604013/
[info] Found PDF URL: https://www.cafc.uscourts.gov/opinions-orders/25-1548.OPINION.11-14-2025_2604013.pdf
[info] Case: 25-1548: CHISUM v. US
[info] Case Number: 25-1548
[info] Opinion Date: 2025-11-14
[info] Precedential: No
[ok] Downloaded PDF: pdfs/25-1548.OPINION.11-14-2025_2604013.pdf
[info] Extracting text from: 25-1548.OPINION.11-14-2025_2604013.pdf
[info] Summarizing: 25-1548.OPINION.11-14-2025_2604013.pdf
[info] Using scraped metadata: date=2025-11-14, case=25-1548
[ok] Wrote summary: summaries/2025-11-14/non-precedential/2025.11.14_25-1548.txt
[info] Processing uscourts link: https://www.cafc.uscourts.gov/11-14-2025-25-1878-huang-v-tetramem-inc-order-25-1878-order-11-14-2025_2604049/
[info] Found PDF URL: https://www.cafc.uscourts.gov/opinions-orders/25-1878.ORDER.11-14-2025_2604049.pdf
[info] Case: 25-1878: HUANG v. TETRAMEM, INC.
[info] Case Number: 25-1878
[info] Opinion Date: 2025-11-14
[info] Precedential: No
[ok] Downloaded PDF: pdfs/25-1878.ORDER.11-14-2025_2604049.pdf
[info] Extracting text from: 25-1878.ORDER.11-14-2025_2604049.pdf
[info] Summarizing: 25-1878.ORDER.11-14-2025_2604049.pdf
[info] Using scraped metadata: date=2025-11-14, case=25-1878
[ok] Wrote summary: summaries/2025-11-14/non-precedential/2025.11.14_25-1878.txt
[info] Processing uscourts link: https://www.cafc.uscourts.gov/11-14-2025-23-2121-samsung-electronics-co-ltd-v-power2b-inc-opinion-23-2121-opinion-11-14-2025_2604066/
[info] Found PDF URL: https://www.cafc.uscourts.gov/opinions-orders/23-2121.OPINION.11-14-2025_2604066.pdf
[info] Case: 23-2121: SAMSUNG ELECTRONICS CO., LTD. v. POWER2B, INC.
[info] Case Number: 23-2121
[info] Opinion Date: 2025-11-14
[info] Precedential: No
[ok] Downloaded PDF: pdfs/23-2121.OPINION.11-14-2025_2604066.pdf
[info] Extracting text from: 23-2121.OPINION.11-14-2025_2604066.pdf
[info] Summarizing: 23-2121.OPINION.11-14-2025_2604066.pdf
[info] Using scraped metadata: date=2025-11-14, case=23-2121
[ok] Wrote summary: summaries/2025-11-14/non-precedential/2025.11.14_23-2121.txt
[info] Processing uscourts link: https://www.cafc.uscourts.gov/11-14-2025-24-1116-hawk-technology-systems-llc-v-castle-retail-llc-opinion-24-1116-opinion-11-14-2025_2604032/
[info] Found PDF URL: https://www.cafc.uscourts.gov/opinions-orders/24-1116.OPINION.11-14-2025_2604032.pdf
[info] Case: 24-1116: HAWK TECHNOLOGY SYSTEMS, LLC v. CASTLE RETAIL, LLC
[info] Case Number: 24-1116
[info] Opinion Date: 2025-11-14
[info] Precedential: No
[ok] Downloaded PDF: pdfs/24-1116.OPINION.11-14-2025_2604032.pdf
[info] Extracting text from: 24-1116.OPINION.11-14-2025_2604032.pdf
[info] Summarizing: 24-1116.OPINION.11-14-2025_2604032.pdf
[info] Using scraped metadata: date=2025-11-14, case=24-1116
[ok] Wrote summary: summaries/2025-11-14/non-precedential/2025.11.14_24-1116.txt
[info] Processing uscourts link: https://www.cafc.uscourts.gov/11-14-2025-26-1019-watson-v-opm-order-26-1019-order-11-14-2025_2603959/
[info] Found PDF URL: https://www.cafc.uscourts.gov/opinions-orders/26-1019.ORDER.11-14-2025_2603959.pdf
[info] Case: 26-1019: WATSON v. OPM
[info] Case Number: 26-1019
[info] Opinion Date: 2025-11-14
[info] Precedential: No
[ok] Downloaded PDF: pdfs/26-1019.ORDER.11-14-2025_2603959.pdf
[info] Extracting text from: 26-1019.ORDER.11-14-2025_2603959.pdf
[info] Summarizing: 26-1019.ORDER.11-14-2025_2603959.pdf
[info] Using scraped metadata: date=2025-11-14, case=26-1019
[ok] Wrote summary: summaries/2025-11-14/non-precedential/2025.11.14_26-1019.txt
[info] Processing uscourts link: https://www.cafc.uscourts.gov/11-14-2025-24-1010-inventist-inc-v-ninebot-inc-usa-opinion-24-1010-opinion-11-14-2025_2604045/
[info] Found PDF URL: https://www.cafc.uscourts.gov/opinions-orders/24-1010.OPINION.11-14-2025_2604045.pdf
[info] Case: 24-1010: INVENTIST INC. v. NINEBOT INC. (USA)
[info] Case Number: 24-1010
[info] Opinion Date: 2025-11-14
[info] Precedential: No
[ok] Downloaded PDF: pdfs/24-1010.OPINION.11-14-2025_2604045.pdf
[info] Extracting text from: 24-1010.OPINION.11-14-2025_2604045.pdf
[info] Summarizing: 24-1010.OPINION.11-14-2025_2604045.pdf
[info] Using scraped metadata: date=2025-11-14, case=24-1010
[ok] Wrote summary: summaries/2025-11-14/non-precedential/2025.11.14_24-1010.txt

[info] Sending summary email to richard.lowry@lw.com, drew.roberts@lw.com, andrew.kerrick@lw.com, sarah.propst@lw.com...
[ok] Summary email sent to: richard.lowry@lw.com, drew.roberts@lw.com, andrew.kerrick@lw.com, sarah.propst@lw.com

[ok] Processed 8 PDF(s)
[2025-11-14 12:03:54] Check completed

========================================
[2025-11-14 12:04:01] Starting Federal Circuit check...
[info] Authenticating with Gmail API...
[ok] Successfully authenticated
[info] Summaries already exist for 2025-11-14 (8 files)
[info] Skipping processing to avoid duplicates (use --force to override)

[ok] Processed 0 PDF(s)
[2025-11-14 12:04:02] Check completed

========================================
[2025-11-14 12:06:01] Starting Federal Circuit check...
[info] Authenticating with Gmail API...
[ok] Successfully authenticated
[info] Summaries already exist for 2025-11-14 (8 files)
[info] Skipping processing to avoid duplicates (use --force to override)

[ok] Processed 0 PDF(s)
[2025-11-14 12:06:02] Check completed

========================================
[2025-11-14 12:08:01] Starting Federal Circuit check...
[info] Authenticating with Gmail API...
[ok] Successfully authenticated
[info] Summaries already exist for 2025-11-14 (8 files)
[info] Skipping processing to avoid duplicates (use --force to override)

[ok] Processed 0 PDF(s)
[2025-11-14 12:08:02] Check completed

========================================
[2025-11-14 12:10:01] Starting Federal Circuit check...
[info] Authenticating with Gmail API...
[ok] Successfully authenticated
[info] Summaries already exist for 2025-11-14 (8 files)
[info] Skipping processing to avoid duplicates (use --force to override)

[ok] Processed 0 PDF(s)
[2025-11-14 12:10:02] Check completed

========================================
[2025-11-14 12:12:01] Starting Federal Circuit check...
[info] Authenticating with Gmail API...
[ok] Successfully authenticated
[info] Summaries already exist for 2025-11-14 (8 files)
[info] Skipping processing to avoid duplicates (use --force to override)

[ok] Processed 0 PDF(s)
[2025-11-14 12:12:02] Check completed

========================================
[2025-11-14 12:14:01] Starting Federal Circuit check...
[info] Authenticating with Gmail API...
[ok] Successfully authenticated
[info] Summaries already exist for 2025-11-14 (8 files)
[info] Skipping processing to avoid duplicates (use --force to override)

[ok] Processed 0 PDF(s)
[2025-11-14 12:14:02] Check completed

========================================
[2025-11-17 12:00:01] Starting Federal Circuit check...
[info] Authenticating with Gmail API...
[ok] Successfully authenticated
[info] Searching Gmail for: from:uscourts@updates.uscourts.gov after:2025/11/17 before:2025/11/18
[info] No emails found from uscourts@updates.uscourts.gov on 2025/11/17

[ok] Processed 0 PDF(s)
[2025-11-17 12:00:03] Check completed

========================================
[2025-11-17 12:02:01] Starting Federal Circuit check...
[info] Authenticating with Gmail API...
[ok] Successfully authenticated
[info] Searching Gmail for: from:uscourts@updates.uscourts.gov after:2025/11/17 before:2025/11/18
[info] No emails found from uscourts@updates.uscourts.gov on 2025/11/17

[ok] Processed 0 PDF(s)
[2025-11-17 12:02:03] Check completed

========================================
[2025-11-17 12:04:01] Starting Federal Circuit check...
[info] Authenticating with Gmail API...
[ok] Successfully authenticated
[info] Searching Gmail for: from:uscourts@updates.uscourts.gov after:2025/11/17 before:2025/11/18
[info] Found 1 email(s)

[info] Processing email 1/1
[info] Found 3 link(s) in email
[info] Processing uscourts link: https://www.cafc.uscourts.gov/11-17-2025-24-1436-nutricia-north-america-inc-v-us-opinion-24-1436-opinion-11-17-2025_2604754/
[info] Found PDF URL: https://www.cafc.uscourts.gov/opinions-orders/24-1436.OPINION.11-17-2025_2604754.pdf
[info] Case: 24-1436: NUTRICIA NORTH AMERICA, INC. v. US
[info] Case Number: 24-1436
[info] Opinion Date: 2025-11-17
[info] Precedential: Yes
[ok] Downloaded PDF: pdfs/24-1436.OPINION.11-17-2025_2604754.pdf
[info] Extracting text from: 24-1436.OPINION.11-17-2025_2604754.pdf
[info] Summarizing: 24-1436.OPINION.11-17-2025_2604754.pdf
[info] Using scraped metadata: date=2025-11-17, case=24-1436
[ok] Wrote summary: summaries/2025-11-17/precedential/2025.11.17_24-1436.txt
[info] Processing uscourts link: https://www.cafc.uscourts.gov/11-17-2025-25-2111-swank-v-secretary-of-the-navy-order-25-2111-order-11-17-2025_2604798/
[info] Found PDF URL: https://www.cafc.uscourts.gov/opinions-orders/25-2111.ORDER.11-17-2025_2604798.pdf
[info] Case: 25-2111: SWANK v. SECRETARY OF THE NAVY
[info] Case Number: 25-2111
[info] Opinion Date: 2025-11-17
[info] Precedential: No
[ok] Downloaded PDF: pdfs/25-2111.ORDER.11-17-2025_2604798.pdf
[info] Extracting text from: 25-2111.ORDER.11-17-2025_2604798.pdf
[info] Summarizing: 25-2111.ORDER.11-17-2025_2604798.pdf
[info] Using scraped metadata: date=2025-11-17, case=25-2111
[ok] Wrote summary: summaries/2025-11-17/non-precedential/2025.11.17_25-2111.txt
[info] Processing uscourts link: https://www.cafc.uscourts.gov/11-17-2025-24-1431-kaptan-demir-celik-endustrisi-ve-ticaret-as-v-us-opinion-24-1431-opinion-11-17-2025_2604727/
[info] Found PDF URL: https://www.cafc.uscourts.gov/opinions-orders/24-1431.OPINION.11-17-2025_2604727.pdf
[info] Case: 24-1431: KAPTAN DEMIR CELIK ENDUSTRISI VE TICARET A.S. v. US
[info] Case Number: 24-1431
[info] Opinion Date: 2025-11-17
[info] Precedential: Yes
[ok] Downloaded PDF: pdfs/24-1431.OPINION.11-17-2025_2604727.pdf
[info] Extracting text from: 24-1431.OPINION.11-17-2025_2604727.pdf
[info] Summarizing: 24-1431.OPINION.11-17-2025_2604727.pdf
[info] Using scraped metadata: date=2025-11-17, case=24-1431
[ok] Wrote summary: summaries/2025-11-17/precedential/2025.11.17_24-1431.txt

[info] Sending summary email to richard.lowry@lw.com, drew.roberts@lw.com, L&WFEDERALCIRCUITSUMMARIES@lw.com...
[ok] Summary email sent to: richard.lowry@lw.com, drew.roberts@lw.com, L&WFEDERALCIRCUITSUMMARIES@lw.com

[ok] Processed 3 PDF(s)
[2025-11-17 12:04:50] Check completed

========================================
[2025-11-17 12:06:01] Starting Federal Circuit check...
[info] Authenticating with Gmail API...
[ok] Successfully authenticated
[info] Summaries already exist for 2025-11-17 (3 files)
[info] Skipping processing to avoid duplicates (use --force to override)

[ok] Processed 0 PDF(s)
[2025-11-17 12:06:02] Check completed

========================================
[2025-11-17 12:08:01] Starting Federal Circuit check...
[info] Authenticating with Gmail API...
[ok] Successfully authenticated
[info] Summaries already exist for 2025-11-17 (3 files)
[info] Skipping processing to avoid duplicates (use --force to override)

[ok] Processed 0 PDF(s)
[2025-11-17 12:08:02] Check completed

========================================
[2025-11-17 12:10:01] Starting Federal Circuit check...
[info] Authenticating with Gmail API...
[ok] Successfully authenticated
[info] Summaries already exist for 2025-11-17 (3 files)
[info] Skipping processing to avoid duplicates (use --force to override)

[ok] Processed 0 PDF(s)
[2025-11-17 12:10:02] Check completed

========================================
[2025-11-17 12:12:01] Starting Federal Circuit check...
[info] Authenticating with Gmail API...
[ok] Successfully authenticated
[info] Summaries already exist for 2025-11-17 (3 files)
[info] Skipping processing to avoid duplicates (use --force to override)

[ok] Processed 0 PDF(s)
[2025-11-17 12:12:02] Check completed

========================================
[2025-11-17 12:14:01] Starting Federal Circuit check...
[info] Authenticating with Gmail API...
[ok] Successfully authenticated
[info] Summaries already exist for 2025-11-17 (3 files)
[info] Skipping processing to avoid duplicates (use --force to override)

[ok] Processed 0 PDF(s)
[2025-11-17 12:14:02] Check completed

========================================
[2025-11-18 12:00:01] Starting Federal Circuit check...
[info] Authenticating with Gmail API...
[ok] Successfully authenticated
[info] Searching Gmail for: from:uscourts@updates.uscourts.gov after:2025/11/18 before:2025/11/19
[info] No emails found from uscourts@updates.uscourts.gov on 2025/11/18

[ok] Processed 0 PDF(s)
[2025-11-18 12:00:02] Check completed

========================================
[2025-11-18 12:02:01] Starting Federal Circuit check...
[info] Authenticating with Gmail API...
[ok] Successfully authenticated
[info] Searching Gmail for: from:uscourts@updates.uscourts.gov after:2025/11/18 before:2025/11/19
[info] No emails found from uscourts@updates.uscourts.gov on 2025/11/18

[ok] Processed 0 PDF(s)
[2025-11-18 12:02:03] Check completed

========================================
[2025-11-18 12:04:01] Starting Federal Circuit check...
[info] Authenticating with Gmail API...
[ok] Successfully authenticated
[info] Searching Gmail for: from:uscourts@updates.uscourts.gov after:2025/11/18 before:2025/11/19
[info] Found 1 email(s)

[info] Processing email 1/1
[info] Found 4 link(s) in email
[info] Processing uscourts link: https://www.cafc.uscourts.gov/11-18-2025-24-1078-duke-university-v-sandoz-inc-opinion-24-1078-opinion-11-18-2025_2605503/
[info] Found PDF URL: https://www.cafc.uscourts.gov/opinions-orders/24-1078.OPINION.11-18-2025_2605503.pdf
[info] Case: 24-1078: DUKE UNIVERSITY v. SANDOZ INC.
[info] Case Number: 24-1078
[info] Opinion Date: 2025-11-18
[info] Precedential: Yes
[ok] Downloaded PDF: pdfs/24-1078.OPINION.11-18-2025_2605503.pdf
[info] Extracting text from: 24-1078.OPINION.11-18-2025_2605503.pdf
[info] Summarizing: 24-1078.OPINION.11-18-2025_2605503.pdf
[info] Using scraped metadata: date=2025-11-18, case=24-1078
[ok] Wrote summary: summaries/2025-11-18/precedential/2025.11.18_24-1078.txt
[info] Processing uscourts link: https://www.cafc.uscourts.gov/11-18-2025-25-2075-mason-v-usps-order-25-2075-order-11-18-2025_2605502/
[info] Found PDF URL: https://www.cafc.uscourts.gov/opinions-orders/25-2075.ORDER.11-18-2025_2605502.pdf
[info] Case: 25-2075: MASON v. USPS
[info] Case Number: 25-2075
[info] Opinion Date: 2025-11-18
[info] Precedential: No
[ok] Downloaded PDF: pdfs/25-2075.ORDER.11-18-2025_2605502.pdf
[info] Extracting text from: 25-2075.ORDER.11-18-2025_2605502.pdf
[info] Summarizing: 25-2075.ORDER.11-18-2025_2605502.pdf
[info] Using scraped metadata: date=2025-11-18, case=25-2075
[ok] Wrote summary: summaries/2025-11-18/non-precedential/2025.11.18_25-2075.txt
[info] Processing uscourts link: https://www.cafc.uscourts.gov/11-18-2025-24-2142-lock-v-collins-opinion-24-2142-opinion-11-18-2025_2605523/
[info] Found PDF URL: https://www.cafc.uscourts.gov/opinions-orders/24-2142.OPINION.11-18-2025_2605523.pdf
[info] Case: 24-2142: LOCK v. COLLINS
[info] Case Number: 24-2142
[info] Opinion Date: 2025-11-18
[info] Precedential: No
[ok] Downloaded PDF: pdfs/24-2142.OPINION.11-18-2025_2605523.pdf
[info] Extracting text from: 24-2142.OPINION.11-18-2025_2605523.pdf
[info] Summarizing: 24-2142.OPINION.11-18-2025_2605523.pdf
[info] Using scraped metadata: date=2025-11-18, case=24-2142
[ok] Wrote summary: summaries/2025-11-18/non-precedential/2025.11.18_24-2142.txt
[info] Processing uscourts link: https://www.cafc.uscourts.gov/11-18-2025-24-1386-young-v-collins-opinion-24-1386-opinion-11-18-2025_2605546/
[info] Found PDF URL: https://www.cafc.uscourts.gov/opinions-orders/24-1386.OPINION.11-18-2025_2605546.pdf
[info] Case: 24-1386: YOUNG v. COLLINS
[info] Case Number: 24-1386
[info] Opinion Date: 2025-11-18
[info] Precedential: No
[ok] Downloaded PDF: pdfs/24-1386.OPINION.11-18-2025_2605546.pdf
[info] Extracting text from: 24-1386.OPINION.11-18-2025_2605546.pdf
[info] Summarizing: 24-1386.OPINION.11-18-2025_2605546.pdf
[info] Using scraped metadata: date=2025-11-18, case=24-1386
[ok] Wrote summary: summaries/2025-11-18/non-precedential/2025.11.18_24-1386.txt

[info] Sending summary email to richard.lowry@lw.com, drew.roberts@lw.com, L&WFEDERALCIRCUITSUMMARIES@lw.com...
[ok] Summary email sent to: richard.lowry@lw.com, drew.roberts@lw.com, L&WFEDERALCIRCUITSUMMARIES@lw.com

[ok] Processed 4 PDF(s)
[2025-11-18 12:05:00] Check completed

========================================
[2025-11-18 12:06:01] Starting Federal Circuit check...
[info] Authenticating with Gmail API...
[ok] Successfully authenticated
[info] Summaries already exist for 2025-11-18 (4 files)
[info] Skipping processing to avoid duplicates (use --force to override)

[ok] Processed 0 PDF(s)
[2025-11-18 12:06:02] Check completed

========================================
[2025-11-18 12:08:01] Starting Federal Circuit check...
[info] Authenticating with Gmail API...
[ok] Successfully authenticated
[info] Summaries already exist for 2025-11-18 (4 files)
[info] Skipping processing to avoid duplicates (use --force to override)

[ok] Processed 0 PDF(s)
[2025-11-18 12:08:02] Check completed

========================================
[2025-11-18 12:10:01] Starting Federal Circuit check...
[info] Authenticating with Gmail API...
[ok] Successfully authenticated
[info] Summaries already exist for 2025-11-18 (4 files)
[info] Skipping processing to avoid duplicates (use --force to override)

[ok] Processed 0 PDF(s)
[2025-11-18 12:10:02] Check completed

========================================
[2025-11-18 12:12:01] Starting Federal Circuit check...
[info] Authenticating with Gmail API...
[ok] Successfully authenticated
[info] Summaries already exist for 2025-11-18 (4 files)
[info] Skipping processing to avoid duplicates (use --force to override)

[ok] Processed 0 PDF(s)
[2025-11-18 12:12:02] Check completed

========================================
[2025-11-18 12:14:01] Starting Federal Circuit check...
[info] Authenticating with Gmail API...
[ok] Successfully authenticated
[info] Summaries already exist for 2025-11-18 (4 files)
[info] Skipping processing to avoid duplicates (use --force to override)

[ok] Processed 0 PDF(s)
[2025-11-18 12:14:02] Check completed

========================================
[2025-11-19 12:00:01] Starting Federal Circuit check...
[info] Authenticating with Gmail API...
[ok] Successfully authenticated
[info] Searching Gmail for: from:uscourts@updates.uscourts.gov after:2025/11/19 before:2025/11/20
[info] No emails found from uscourts@updates.uscourts.gov on 2025/11/19

[ok] Processed 0 PDF(s)
[2025-11-19 12:00:08] Check completed

========================================
[2025-11-19 12:02:01] Starting Federal Circuit check...
[info] Authenticating with Gmail API...
[ok] Successfully authenticated
[info] Searching Gmail for: from:uscourts@updates.uscourts.gov after:2025/11/19 before:2025/11/20
[info] Found 1 email(s)

[info] Processing email 1/1
[info] Found 4 link(s) in email
[info] Processing uscourts link: https://www.cafc.uscourts.gov/11-19-2025-25-1379-chae-v-us-opinion-25-1379-opinion-11-19-2025_2606052/
[info] Found PDF URL: https://www.cafc.uscourts.gov/opinions-orders/25-1379.OPINION.11-19-2025_2606052.pdf
[info] Case: 25-1379: CHAE v. US
[info] Case Number: 25-1379
[info] Opinion Date: 2025-11-19
[info] Precedential: No
[ok] Downloaded PDF: pdfs/25-1379.OPINION.11-19-2025_2606052.pdf
[info] Extracting text from: 25-1379.OPINION.11-19-2025_2606052.pdf
[info] Summarizing: 25-1379.OPINION.11-19-2025_2606052.pdf
[info] Using scraped metadata: date=2025-11-19, case=25-1379
[ok] Wrote summary: summaries/2025-11-19/non-precedential/2025.11.19_25-1379.txt
[info] Processing uscourts link: https://www.cafc.uscourts.gov/11-19-2025-25-2160-randall-v-us-order-25-2160-order-11-19-2025_2606181/
[info] Found PDF URL: https://www.cafc.uscourts.gov/opinions-orders/25-2160.ORDER.11-19-2025_2606181.pdf
[info] Case: 25-2160: RANDALL v. US
[info] Case Number: 25-2160
[info] Opinion Date: 2025-11-19
[info] Precedential: No
[ok] Downloaded PDF: pdfs/25-2160.ORDER.11-19-2025_2606181.pdf
[info] Extracting text from: 25-2160.ORDER.11-19-2025_2606181.pdf
[info] Summarizing: 25-2160.ORDER.11-19-2025_2606181.pdf
[info] Using scraped metadata: date=2025-11-19, case=25-2160
[ok] Wrote summary: summaries/2025-11-19/non-precedential/2025.11.19_25-2160.txt
[info] Processing uscourts link: https://www.cafc.uscourts.gov/11-19-2025-25-2159-randall-v-us-order-25-2159-order-11-19-2025_2606156/
[info] Found PDF URL: https://www.cafc.uscourts.gov/opinions-orders/25-2159.ORDER.11-19-2025_2606156.pdf
[info] Case: 25-2159: RANDALL v. US
[info] Case Number: 25-2159
[info] Opinion Date: 2025-11-19
[info] Precedential: No
[ok] Downloaded PDF: pdfs/25-2159.ORDER.11-19-2025_2606156.pdf
[info] Extracting text from: 25-2159.ORDER.11-19-2025_2606156.pdf
[info] Summarizing: 25-2159.ORDER.11-19-2025_2606156.pdf
[info] Using scraped metadata: date=2025-11-19, case=25-2159
[ok] Wrote summary: summaries/2025-11-19/non-precedential/2025.11.19_25-2159.txt
[info] Processing uscourts link: https://www.cafc.uscourts.gov/11-19-2025-24-1453-national-steel-car-ltd-v-greenbrier-concarril-llc-opinion-24-1453-opinion-11-19-2025_2606033/
[info] Found PDF URL: https://www.cafc.uscourts.gov/opinions-orders/24-1453.OPINION.11-19-2025_2606033.pdf
[info] Case: 24-1453: NATIONAL STEEL CAR LTD. v. GREENBRIER-CONCARRIL LLC
[info] Case Number: 24-1453
[info] Opinion Date: 2025-11-19
[info] Precedential: No
[ok] Downloaded PDF: pdfs/24-1453.OPINION.11-19-2025_2606033.pdf
[info] Extracting text from: 24-1453.OPINION.11-19-2025_2606033.pdf
[info] Summarizing: 24-1453.OPINION.11-19-2025_2606033.pdf
[info] Using scraped metadata: date=2025-11-19, case=24-1453
[ok] Wrote summary: summaries/2025-11-19/non-precedential/2025.11.19_24-1453.txt

[info] Sending summary email to richard.lowry@lw.com, drew.roberts@lw.com, L&WFEDERALCIRCUITSUMMARIES@lw.com...
[ok] Summary email sent to: richard.lowry@lw.com, drew.roberts@lw.com, L&WFEDERALCIRCUITSUMMARIES@lw.com

[ok] Processed 4 PDF(s)
[2025-11-19 12:02:39] Check completed

========================================
[2025-11-19 12:04:01] Starting Federal Circuit check...
[info] Authenticating with Gmail API...
[ok] Successfully authenticated
[info] Summaries already exist for 2025-11-19 (4 files)
[info] Skipping processing to avoid duplicates (use --force to override)

[ok] Processed 0 PDF(s)
[2025-11-19 12:04:02] Check completed

========================================
[2025-11-19 12:06:01] Starting Federal Circuit check...
[info] Authenticating with Gmail API...
[ok] Successfully authenticated
[info] Summaries already exist for 2025-11-19 (4 files)
[info] Skipping processing to avoid duplicates (use --force to override)

[ok] Processed 0 PDF(s)
[2025-11-19 12:06:02] Check completed

========================================
[2025-11-19 12:08:01] Starting Federal Circuit check...
[info] Authenticating with Gmail API...
[ok] Successfully authenticated
[info] Summaries already exist for 2025-11-19 (4 files)
[info] Skipping processing to avoid duplicates (use --force to override)

[ok] Processed 0 PDF(s)
[2025-11-19 12:08:02] Check completed

========================================
[2025-11-19 12:10:01] Starting Federal Circuit check...
[info] Authenticating with Gmail API...
[ok] Successfully authenticated
[info] Summaries already exist for 2025-11-19 (4 files)
[info] Skipping processing to avoid duplicates (use --force to override)

[ok] Processed 0 PDF(s)
[2025-11-19 12:10:02] Check completed

========================================
[2025-11-19 12:12:01] Starting Federal Circuit check...
[info] Authenticating with Gmail API...
[ok] Successfully authenticated
[info] Summaries already exist for 2025-11-19 (4 files)
[info] Skipping processing to avoid duplicates (use --force to override)

[ok] Processed 0 PDF(s)
[2025-11-19 12:12:02] Check completed

========================================
[2025-11-19 12:14:01] Starting Federal Circuit check...
[info] Authenticating with Gmail API...
[ok] Successfully authenticated
[info] Summaries already exist for 2025-11-19 (4 files)
[info] Skipping processing to avoid duplicates (use --force to override)

[ok] Processed 0 PDF(s)
[2025-11-19 12:14:02] Check completed

========================================
[2025-11-20 12:00:01] Starting Federal Circuit check...
[info] Authenticating with Gmail API...
[ok] Successfully authenticated
[info] Searching Gmail for: from:uscourts@updates.uscourts.gov after:2025/11/20 before:2025/11/21
[info] No emails found from uscourts@updates.uscourts.gov on 2025/11/20

[ok] Processed 0 PDF(s)
[2025-11-20 12:00:02] Check completed

========================================
[2025-11-20 12:02:01] Starting Federal Circuit check...
[info] Authenticating with Gmail API...
[ok] Successfully authenticated
[info] Searching Gmail for: from:uscourts@updates.uscourts.gov after:2025/11/20 before:2025/11/21
[info] Found 1 email(s)

[info] Processing email 1/1
[info] Found 2 link(s) in email
[info] Processing uscourts link: https://www.cafc.uscourts.gov/11-19-2025-25-1969-walsh-v-collins-order-25-1969-order-11-19-2025_2606366/
[info] Found PDF URL: https://www.cafc.uscourts.gov/opinions-orders/25-1969.ORDER.11-19-2025_2606366.pdf
[info] Case: 25-1969: WALSH v. COLLINS
[info] Case Number: 25-1969
[info] Opinion Date: 2025-11-19
[info] Precedential: No
[ok] Downloaded PDF: pdfs/25-1969.ORDER.11-19-2025_2606366.pdf
[info] Extracting text from: 25-1969.ORDER.11-19-2025_2606366.pdf
[info] Summarizing: 25-1969.ORDER.11-19-2025_2606366.pdf
[info] Using scraped metadata: date=2025-11-19, case=25-1969
[ok] Wrote summary: summaries/2025-11-20/non-precedential/2025.11.19_25-1969.txt
[info] Processing uscourts link: https://www.cafc.uscourts.gov/11-20-2025-24-1432-google-llc-v-nobots-llc-opinion-24-1432-opinion-11-20-2025_2606713/
[info] Found PDF URL: https://www.cafc.uscourts.gov/opinions-orders/24-1432.OPINION.11-20-2025_2606713.pdf
[info] Case: 24-1432: GOOGLE LLC v. NOBOTS LLC
[info] Case Number: 24-1432
[info] Opinion Date: 2025-11-20
[info] Precedential: No
[ok] Downloaded PDF: pdfs/24-1432.OPINION.11-20-2025_2606713.pdf
[info] Extracting text from: 24-1432.OPINION.11-20-2025_2606713.pdf
[info] Summarizing: 24-1432.OPINION.11-20-2025_2606713.pdf
[info] Using scraped metadata: date=2025-11-20, case=24-1432
[ok] Wrote summary: summaries/2025-11-20/non-precedential/2025.11.20_24-1432.txt

[info] Sending summary email to richard.lowry@lw.com, drew.roberts@lw.com, L&WFEDERALCIRCUITSUMMARIES@lw.com...
[ok] Summary email sent to: richard.lowry@lw.com, drew.roberts@lw.com, L&WFEDERALCIRCUITSUMMARIES@lw.com

[ok] Processed 2 PDF(s)
[2025-11-20 12:02:34] Check completed

========================================
[2025-11-20 12:04:01] Starting Federal Circuit check...
[info] Authenticating with Gmail API...
[ok] Successfully authenticated
[info] Summaries already exist for 2025-11-20 (2 files)
[info] Skipping processing to avoid duplicates (use --force to override)

[ok] Processed 0 PDF(s)
[2025-11-20 12:04:02] Check completed

========================================
[2025-11-20 12:06:01] Starting Federal Circuit check...
[info] Authenticating with Gmail API...
[ok] Successfully authenticated
[info] Summaries already exist for 2025-11-20 (2 files)
[info] Skipping processing to avoid duplicates (use --force to override)

[ok] Processed 0 PDF(s)
[2025-11-20 12:06:02] Check completed

========================================
[2025-11-20 12:08:01] Starting Federal Circuit check...
[info] Authenticating with Gmail API...
[ok] Successfully authenticated
[info] Summaries already exist for 2025-11-20 (2 files)
[info] Skipping processing to avoid duplicates (use --force to override)

[ok] Processed 0 PDF(s)
[2025-11-20 12:08:02] Check completed

========================================
[2025-11-20 12:10:01] Starting Federal Circuit check...
[info] Authenticating with Gmail API...
[ok] Successfully authenticated
[info] Summaries already exist for 2025-11-20 (2 files)
[info] Skipping processing to avoid duplicates (use --force to override)

[ok] Processed 0 PDF(s)
[2025-11-20 12:10:02] Check completed

========================================
[2025-11-20 12:12:01] Starting Federal Circuit check...
[info] Authenticating with Gmail API...
[ok] Successfully authenticated
[info] Summaries already exist for 2025-11-20 (2 files)
[info] Skipping processing to avoid duplicates (use --force to override)

[ok] Processed 0 PDF(s)
[2025-11-20 12:12:02] Check completed

========================================
[2025-11-20 12:14:01] Starting Federal Circuit check...
[info] Authenticating with Gmail API...
[ok] Successfully authenticated
[info] Summaries already exist for 2025-11-20 (2 files)
[info] Skipping processing to avoid duplicates (use --force to override)

[ok] Processed 0 PDF(s)
[2025-11-20 12:14:02] Check completed

========================================
[2025-11-21 12:00:01] Starting Federal Circuit check...
[info] Authenticating with Gmail API...
[ok] Successfully authenticated
[info] Searching Gmail for: from:uscourts@updates.uscourts.gov after:2025/11/21 before:2025/11/22
[info] No emails found from uscourts@updates.uscourts.gov on 2025/11/21

[ok] Processed 0 PDF(s)
[2025-11-21 12:00:03] Check completed

========================================
[2025-11-21 12:02:01] Starting Federal Circuit check...
[info] Authenticating with Gmail API...
[ok] Successfully authenticated
[info] Searching Gmail for: from:uscourts@updates.uscourts.gov after:2025/11/21 before:2025/11/22
[info] Found 1 email(s)

[info] Processing email 1/1
[info] Found 4 link(s) in email
[info] Processing uscourts link: https://www.cafc.uscourts.gov/11-21-2025-24-1717-reyes-v-mspb-opinion-24-1717-opinion-11-21-2025_2607600/
[info] Found PDF URL: https://www.cafc.uscourts.gov/opinions-orders/24-1717.OPINION.11-21-2025_2607600.pdf
[info] Case: 24-1717: REYES v. MSPB
[info] Case Number: 24-1717
[info] Opinion Date: 2025-11-21
[info] Precedential: Yes
[ok] Downloaded PDF: pdfs/24-1717.OPINION.11-21-2025_2607600.pdf
[info] Extracting text from: 24-1717.OPINION.11-21-2025_2607600.pdf
[info] Summarizing: 24-1717.OPINION.11-21-2025_2607600.pdf
[info] Using scraped metadata: date=2025-11-21, case=24-1717
[ok] Wrote summary: summaries/2025-11-21/precedential/2025.11.21_24-1717.txt
[info] Processing uscourts link: https://www.cafc.uscourts.gov/11-21-2025-25-1523-prewitt-v-collins-opinion-25-1523-opinion-11-21-2025_2607592/
[info] Found PDF URL: https://www.cafc.uscourts.gov/opinions-orders/25-1523.OPINION.11-21-2025_2607592.pdf
[info] Case: 25-1523: PREWITT v. COLLINS
[info] Case Number: 25-1523
[info] Opinion Date: 2025-11-21
[info] Precedential: No
[ok] Downloaded PDF: pdfs/25-1523.OPINION.11-21-2025_2607592.pdf
[info] Extracting text from: 25-1523.OPINION.11-21-2025_2607592.pdf
[info] Summarizing: 25-1523.OPINION.11-21-2025_2607592.pdf
[info] Using scraped metadata: date=2025-11-21, case=25-1523
[ok] Wrote summary: summaries/2025-11-21/non-precedential/2025.11.21_25-1523.txt
[info] Processing uscourts link: https://www.cafc.uscourts.gov/11-21-2025-25-1304-senter-v-energy-opinion-25-1304-opinion-11-21-2025_2607614/
[info] Found PDF URL: https://www.cafc.uscourts.gov/opinions-orders/25-1304.OPINION.11-21-2025_2607614.pdf
[info] Case: 25-1304: SENTER v. ENERGY
[info] Case Number: 25-1304
[info] Opinion Date: 2025-11-21
[info] Precedential: No
[ok] Downloaded PDF: pdfs/25-1304.OPINION.11-21-2025_2607614.pdf
[info] Extracting text from: 25-1304.OPINION.11-21-2025_2607614.pdf
[info] Summarizing: 25-1304.OPINION.11-21-2025_2607614.pdf
[info] Using scraped metadata: date=2025-11-21, case=25-1304
[ok] Wrote summary: summaries/2025-11-21/non-precedential/2025.11.21_25-1304.txt
[info] Processing uscourts link: https://www.cafc.uscourts.gov/11-20-2025-26-1074-air-products-and-chemicals-inc-v-evonik-operations-gmbh-order-26-1074-order-11-20-2025_2607256/
[info] Found PDF URL: https://www.cafc.uscourts.gov/opinions-orders/26-1074.ORDER.11-20-2025_2607256.pdf
[info] Case: 26-1074: AIR PRODUCTS AND CHEMICALS, INC. v. EVONIK OPERATIONS GMBH
[info] Case Number: 26-1074
[info] Opinion Date: 2025-11-20
[info] Precedential: No
[ok] Downloaded PDF: pdfs/26-1074.ORDER.11-20-2025_2607256.pdf
[info] Extracting text from: 26-1074.ORDER.11-20-2025_2607256.pdf
[info] Summarizing: 26-1074.ORDER.11-20-2025_2607256.pdf
[info] Using scraped metadata: date=2025-11-20, case=26-1074
[ok] Wrote summary: summaries/2025-11-21/non-precedential/2025.11.20_26-1074.txt

[info] Sending summary email to richard.lowry@lw.com, drew.roberts@lw.com, L&WFEDERALCIRCUITSUMMARIES@lw.com...
[ok] Summary email sent to: richard.lowry@lw.com, drew.roberts@lw.com, L&WFEDERALCIRCUITSUMMARIES@lw.com

[ok] Processed 4 PDF(s)
[2025-11-21 12:02:47] Check completed

========================================
[2025-11-21 12:04:01] Starting Federal Circuit check...
[info] Authenticating with Gmail API...
[ok] Successfully authenticated
[info] Summaries already exist for 2025-11-21 (4 files)
[info] Skipping processing to avoid duplicates (use --force to override)

[ok] Processed 0 PDF(s)
[2025-11-21 12:04:02] Check completed

========================================
[2025-11-21 12:06:01] Starting Federal Circuit check...
[info] Authenticating with Gmail API...
[ok] Successfully authenticated
[info] Summaries already exist for 2025-11-21 (4 files)
[info] Skipping processing to avoid duplicates (use --force to override)

[ok] Processed 0 PDF(s)
[2025-11-21 12:06:02] Check completed

========================================
[2025-11-21 12:08:01] Starting Federal Circuit check...
[info] Authenticating with Gmail API...
[ok] Successfully authenticated
[info] Summaries already exist for 2025-11-21 (4 files)
[info] Skipping processing to avoid duplicates (use --force to override)

[ok] Processed 0 PDF(s)
[2025-11-21 12:08:02] Check completed

========================================
[2025-11-21 12:10:01] Starting Federal Circuit check...
[info] Authenticating with Gmail API...
[ok] Successfully authenticated
[info] Summaries already exist for 2025-11-21 (4 files)
[info] Skipping processing to avoid duplicates (use --force to override)

[ok] Processed 0 PDF(s)
[2025-11-21 12:10:02] Check completed

========================================
[2025-11-21 12:12:01] Starting Federal Circuit check...
[info] Authenticating with Gmail API...
[ok] Successfully authenticated
[info] Summaries already exist for 2025-11-21 (4 files)
[info] Skipping processing to avoid duplicates (use --force to override)

[ok] Processed 0 PDF(s)
[2025-11-21 12:12:02] Check completed

========================================
[2025-11-21 12:14:01] Starting Federal Circuit check...
[info] Authenticating with Gmail API...
[ok] Successfully authenticated
[info] Summaries already exist for 2025-11-21 (4 files)
[info] Skipping processing to avoid duplicates (use --force to override)

[ok] Processed 0 PDF(s)
[2025-11-21 12:14:02] Check completed

========================================
[2025-11-24 12:00:01] Starting Federal Circuit check...
[info] Authenticating with Gmail API...
[ok] Successfully authenticated
[info] Searching Gmail for: from:uscourts@updates.uscourts.gov after:2025/11/24 before:2025/11/25
[info] No emails found from uscourts@updates.uscourts.gov on 2025/11/24

[ok] Processed 0 PDF(s)
[2025-11-24 12:00:08] Check completed

========================================
[2025-11-24 12:02:01] Starting Federal Circuit check...
[info] Authenticating with Gmail API...
[ok] Successfully authenticated
[info] Searching Gmail for: from:uscourts@updates.uscourts.gov after:2025/11/24 before:2025/11/25
[info] Found 1 email(s)

[info] Processing email 1/1
[info] Found 6 link(s) in email
[info] Processing uscourts link: https://www.cafc.uscourts.gov/11-24-2025-25-2108-radius-health-inc-v-orbicular-pharmaceutical-technologies-private-ltd-order-25-2108-order-11-24-2025_2608465/
[info] Found PDF URL: https://www.cafc.uscourts.gov/opinions-orders/25-2108.ORDER.11-24-2025_2608465.pdf
[info] Case: 25-2108: RADIUS HEALTH, INC. v. ORBICULAR PHARMACEUTICAL TECHNOLOGIES PRIVATE LTD
[info] Case Number: 25-2108
[info] Opinion Date: 2025-11-24
[info] Precedential: No
[ok] Downloaded PDF: pdfs/25-2108.ORDER.11-24-2025_2608465.pdf
[info] Extracting text from: 25-2108.ORDER.11-24-2025_2608465.pdf
[info] Summarizing: 25-2108.ORDER.11-24-2025_2608465.pdf
[info] Using scraped metadata: date=2025-11-24, case=25-2108
[ok] Wrote summary: summaries/2025-11-24/non-precedential/2025.11.24_25-2108.txt
[info] Processing uscourts link: https://www.cafc.uscourts.gov/11-24-2025-25-1964-emm-innovations-llc-v-remind101-llc-order-25-1964-order-11-24-2025_2608454/
[info] Found PDF URL: https://www.cafc.uscourts.gov/opinions-orders/25-1964.ORDER.11-24-2025_2608454.pdf
[info] Case: 25-1964: EMM INNOVATIONS LLC v. REMIND101, LLC
[info] Case Number: 25-1964
[info] Opinion Date: 2025-11-24
[info] Precedential: No
[ok] Downloaded PDF: pdfs/25-1964.ORDER.11-24-2025_2608454.pdf
[info] Extracting text from: 25-1964.ORDER.11-24-2025_2608454.pdf
[info] Summarizing: 25-1964.ORDER.11-24-2025_2608454.pdf
[info] Using scraped metadata: date=2025-11-24, case=25-1964
[ok] Wrote summary: summaries/2025-11-24/non-precedential/2025.11.24_25-1964.txt
[info] Processing uscourts link: https://www.cafc.uscourts.gov/11-24-2025-23-1812-perry-v-pto-opinion-23-1812-opinion-11-24-2025_2608574/
[info] Found PDF URL: https://www.cafc.uscourts.gov/opinions-orders/23-1812.OPINION.11-24-2025_2608574.pdf
[info] Case: 23-1812: PERRY v. PTO
[info] Case Number: 23-1812
[info] Opinion Date: 2025-11-24
[info] Precedential: No
[ok] Downloaded PDF: pdfs/23-1812.OPINION.11-24-2025_2608574.pdf
[info] Extracting text from: 23-1812.OPINION.11-24-2025_2608574.pdf
[info] Summarizing: 23-1812.OPINION.11-24-2025_2608574.pdf
[info] Using scraped metadata: date=2025-11-24, case=23-1812
[ok] Wrote summary: summaries/2025-11-24/non-precedential/2025.11.24_23-1812.txt
[info] Processing uscourts link: https://www.cafc.uscourts.gov/11-24-2025-26-102-in-re-catanzaro-order-26-102-order-11-24-2025_2608616/
[info] Found PDF URL: https://www.cafc.uscourts.gov/opinions-orders/26-102.ORDER.11-24-2025_2608616.pdf
[info] Case: 26-102: In Re CATANZARO
[info] Case Number: 26-102
[info] Opinion Date: 2025-11-24
[info] Precedential: No
[ok] Downloaded PDF: pdfs/26-102.ORDER.11-24-2025_2608616.pdf
[info] Extracting text from: 26-102.ORDER.11-24-2025_2608616.pdf
[info] Summarizing: 26-102.ORDER.11-24-2025_2608616.pdf
[info] Using scraped metadata: date=2025-11-24, case=26-102
[ok] Wrote summary: summaries/2025-11-24/non-precedential/2025.11.24_26-102.txt
[info] Processing uscourts link: https://www.cafc.uscourts.gov/11-24-2025-25-2144-olley-v-turner-order-25-2144-order-11-24-2025_2608613/
[info] Found PDF URL: https://www.cafc.uscourts.gov/opinions-orders/25-2144.ORDER.11-24-2025_2608613.pdf
[info] Case: 25-2144: OLLEY v. TURNER
[info] Case Number: 25-2144
[info] Opinion Date: 2025-11-24
[info] Precedential: No
[ok] Downloaded PDF: pdfs/25-2144.ORDER.11-24-2025_2608613.pdf
[info] Extracting text from: 25-2144.ORDER.11-24-2025_2608613.pdf
[info] Summarizing: 25-2144.ORDER.11-24-2025_2608613.pdf
[info] Using scraped metadata: date=2025-11-24, case=25-2144
[ok] Wrote summary: summaries/2025-11-24/non-precedential/2025.11.24_25-2144.txt
[info] Processing uscourts link: https://www.cafc.uscourts.gov/11-24-2025-25-2048-pleasant-v-mspb-order-25-2048-order-11-24-2025_2608588/
[info] Found PDF URL: https://www.cafc.uscourts.gov/opinions-orders/25-2048.ORDER.11-24-2025_2608588.pdf
[info] Case: 25-2048: PLEASANT v. MSPB
[info] Case Number: 25-2048
[info] Opinion Date: 2025-11-24
[info] Precedential: No
[ok] Downloaded PDF: pdfs/25-2048.ORDER.11-24-2025_2608588.pdf
[info] Extracting text from: 25-2048.ORDER.11-24-2025_2608588.pdf
[info] Summarizing: 25-2048.ORDER.11-24-2025_2608588.pdf
[info] Using scraped metadata: date=2025-11-24, case=25-2048
[ok] Wrote summary: summaries/2025-11-24/non-precedential/2025.11.24_25-2048.txt

[info] Sending summary email to richard.lowry@lw.com, drew.roberts@lw.com, L&WFEDERALCIRCUITSUMMARIES@lw.com...
[ok] Summary email sent to: richard.lowry@lw.com, drew.roberts@lw.com, L&WFEDERALCIRCUITSUMMARIES@lw.com

[ok] Processed 6 PDF(s)
[2025-11-24 12:02:47] Check completed

========================================
[2025-11-24 12:04:01] Starting Federal Circuit check...
[info] Authenticating with Gmail API...
[ok] Successfully authenticated
[info] Summaries already exist for 2025-11-24 (6 files)
[info] Skipping processing to avoid duplicates (use --force to override)

[ok] Processed 0 PDF(s)
[2025-11-24 12:04:02] Check completed

========================================
[2025-11-24 12:06:01] Starting Federal Circuit check...
[info] Authenticating with Gmail API...
[ok] Successfully authenticated
[info] Summaries already exist for 2025-11-24 (6 files)
[info] Skipping processing to avoid duplicates (use --force to override)

[ok] Processed 0 PDF(s)
[2025-11-24 12:06:02] Check completed

========================================
[2025-11-24 12:08:01] Starting Federal Circuit check...
[info] Authenticating with Gmail API...
[ok] Successfully authenticated
[info] Summaries already exist for 2025-11-24 (6 files)
[info] Skipping processing to avoid duplicates (use --force to override)

[ok] Processed 0 PDF(s)
[2025-11-24 12:08:02] Check completed

========================================
[2025-11-24 12:10:01] Starting Federal Circuit check...
[info] Authenticating with Gmail API...
[ok] Successfully authenticated
[info] Summaries already exist for 2025-11-24 (6 files)
[info] Skipping processing to avoid duplicates (use --force to override)

[ok] Processed 0 PDF(s)
[2025-11-24 12:10:02] Check completed

========================================
[2025-11-24 12:12:01] Starting Federal Circuit check...
[info] Authenticating with Gmail API...
[ok] Successfully authenticated
[info] Summaries already exist for 2025-11-24 (6 files)
[info] Skipping processing to avoid duplicates (use --force to override)

[ok] Processed 0 PDF(s)
[2025-11-24 12:12:02] Check completed

========================================
[2025-11-24 12:14:01] Starting Federal Circuit check...
[info] Authenticating with Gmail API...
[ok] Successfully authenticated
[info] Summaries already exist for 2025-11-24 (6 files)
[info] Skipping processing to avoid duplicates (use --force to override)

[ok] Processed 0 PDF(s)
[2025-11-24 12:14:02] Check completed

========================================
[2025-11-25 12:00:01] Starting Federal Circuit check...
[info] Authenticating with Gmail API...
[ok] Successfully authenticated
[info] Searching Gmail for: from:uscourts@updates.uscourts.gov after:2025/11/25 before:2025/11/26
[info] No emails found from uscourts@updates.uscourts.gov on 2025/11/25

[ok] Processed 0 PDF(s)
[2025-11-25 12:00:04] Check completed

========================================
[2025-11-25 12:02:01] Starting Federal Circuit check...
[info] Authenticating with Gmail API...
[ok] Successfully authenticated
[info] Searching Gmail for: from:uscourts@updates.uscourts.gov after:2025/11/25 before:2025/11/26
[info] No emails found from uscourts@updates.uscourts.gov on 2025/11/25

[ok] Processed 0 PDF(s)
[2025-11-25 12:02:02] Check completed

========================================
[2025-11-25 12:04:01] Starting Federal Circuit check...
[info] Authenticating with Gmail API...
[ok] Successfully authenticated
[info] Searching Gmail for: from:uscourts@updates.uscourts.gov after:2025/11/25 before:2025/11/26
[info] Found 1 email(s)

[info] Processing email 1/1
[info] Found 5 link(s) in email
[info] Processing uscourts link: https://www.cafc.uscourts.gov/11-25-2025-24-2121-crowley-government-services-inc-v-us-order-24-2121-order-11-25-2025_2609360/
[info] Found PDF URL: https://www.cafc.uscourts.gov/opinions-orders/24-2121.ORDER.11-25-2025_2609360.pdf
[info] Case: 24-2121: CROWLEY GOVERNMENT SERVICES, INC. v. US
[info] Case Number: 24-2121
[info] Opinion Date: 2025-11-25
[info] Precedential: No
[ok] Downloaded PDF: pdfs/24-2121.ORDER.11-25-2025_2609360.pdf
[info] Extracting text from: 24-2121.ORDER.11-25-2025_2609360.pdf
[info] Summarizing: 24-2121.ORDER.11-25-2025_2609360.pdf
[info] Using scraped metadata: date=2025-11-25, case=24-2121
[ok] Wrote summary: summaries/2025-11-25/non-precedential/2025.11.25_24-2121.txt
[info] Processing uscourts link: https://www.cafc.uscourts.gov/11-25-2025-24-1571-akamai-technologies-inc-v-mediapointe-inc-opinion-24-1571-opinion-11-25-2025_2609454/
[info] Found PDF URL: https://www.cafc.uscourts.gov/opinions-orders/24-1571.OPINION.11-25-2025_2609454.pdf
[info] Case: 24-1571: AKAMAI TECHNOLOGIES, INC. v. MEDIAPOINTE, INC.
[info] Case Number: 24-1571
[info] Opinion Date: 2025-11-25
[info] Precedential: Yes
[ok] Downloaded PDF: pdfs/24-1571.OPINION.11-25-2025_2609454.pdf
[info] Extracting text from: 24-1571.OPINION.11-25-2025_2609454.pdf
[info] Summarizing: 24-1571.OPINION.11-25-2025_2609454.pdf
[info] Using scraped metadata: date=2025-11-25, case=24-1571
[ok] Wrote summary: summaries/2025-11-25/precedential/2025.11.25_24-1571.txt
[info] Processing uscourts link: https://www.cafc.uscourts.gov/11-25-2025-24-1873-wolf-creek-railroad-llc-v-us-opinion-24-1873-opinion-11-25-2025_2609418/
[info] Found PDF URL: https://www.cafc.uscourts.gov/opinions-orders/24-1873.OPINION.11-25-2025_2609418.pdf
[info] Case: 24-1873: WOLF CREEK RAILROAD LLC v. US
[info] Case Number: 24-1873
[info] Opinion Date: 2025-11-25
[info] Precedential: No
[ok] Downloaded PDF: pdfs/24-1873.OPINION.11-25-2025_2609418.pdf
[info] Extracting text from: 24-1873.OPINION.11-25-2025_2609418.pdf
[info] Summarizing: 24-1873.OPINION.11-25-2025_2609418.pdf
[info] Using scraped metadata: date=2025-11-25, case=24-1873
[ok] Wrote summary: summaries/2025-11-25/non-precedential/2025.11.25_24-1873.txt
[info] Processing uscourts link: https://www.cafc.uscourts.gov/11-25-2025-24-1201-escapex-ip-llc-v-google-llc-opinion-24-1201-opinion-11-25-2025_2609432/
[info] Found PDF URL: https://www.cafc.uscourts.gov/opinions-orders/24-1201.OPINION.11-25-2025_2609432.pdf
[info] Case: 24-1201: ESCAPEX IP, LLC v. GOOGLE LLC
[info] Case Number: 24-1201
[info] Opinion Date: 2025-11-25
[info] Precedential: Yes
[ok] Downloaded PDF: pdfs/24-1201.OPINION.11-25-2025_2609432.pdf
[info] Extracting text from: 24-1201.OPINION.11-25-2025_2609432.pdf
[info] Summarizing: 24-1201.OPINION.11-25-2025_2609432.pdf
[info] Using scraped metadata: date=2025-11-25, case=24-1201
[ok] Wrote summary: summaries/2025-11-25/precedential/2025.11.25_24-1201.txt
[info] Processing uscourts link: https://www.cafc.uscourts.gov/11-25-2025-25-2138-taser-international-inc-v-phazzer-electronics-inc-order-25-2138-order-11-25-2025_2609368/
[info] Found PDF URL: https://www.cafc.uscourts.gov/opinions-orders/25-2138.ORDER.11-25-2025_2609368.pdf
[info] Case: 25-2138: TASER INTERNATIONAL, INC. v. PHAZZER ELECTRONICS, INC.
[info] Case Number: 25-2138
[info] Opinion Date: 2025-11-25
[info] Precedential: No
[ok] Downloaded PDF: pdfs/25-2138.ORDER.11-25-2025_2609368.pdf
[info] Extracting text from: 25-2138.ORDER.11-25-2025_2609368.pdf
[info] Summarizing: 25-2138.ORDER.11-25-2025_2609368.pdf
[info] Using scraped metadata: date=2025-11-25, case=25-2138
[ok] Wrote summary: summaries/2025-11-25/non-precedential/2025.11.25_25-2138.txt

[info] Sending summary email to richard.lowry@lw.com, drew.roberts@lw.com, L&WFEDERALCIRCUITSUMMARIES@lw.com...
[ok] Summary email sent to: richard.lowry@lw.com, drew.roberts@lw.com, L&WFEDERALCIRCUITSUMMARIES@lw.com

[ok] Processed 5 PDF(s)
[2025-11-25 12:05:23] Check completed

========================================
[2025-11-25 12:06:01] Starting Federal Circuit check...
[info] Authenticating with Gmail API...
[ok] Successfully authenticated
[info] Summaries already exist for 2025-11-25 (5 files)
[info] Skipping processing to avoid duplicates (use --force to override)

[ok] Processed 0 PDF(s)
[2025-11-25 12:06:02] Check completed

========================================
[2025-11-25 12:08:01] Starting Federal Circuit check...
[info] Authenticating with Gmail API...
[ok] Successfully authenticated
[info] Summaries already exist for 2025-11-25 (5 files)
[info] Skipping processing to avoid duplicates (use --force to override)

[ok] Processed 0 PDF(s)
[2025-11-25 12:08:02] Check completed

========================================
[2025-11-25 12:10:01] Starting Federal Circuit check...
[info] Authenticating with Gmail API...
[ok] Successfully authenticated
[info] Summaries already exist for 2025-11-25 (5 files)
[info] Skipping processing to avoid duplicates (use --force to override)

[ok] Processed 0 PDF(s)
[2025-11-25 12:10:02] Check completed

========================================
[2025-11-25 12:12:01] Starting Federal Circuit check...
[info] Authenticating with Gmail API...
[ok] Successfully authenticated
[info] Summaries already exist for 2025-11-25 (5 files)
[info] Skipping processing to avoid duplicates (use --force to override)

[ok] Processed 0 PDF(s)
[2025-11-25 12:12:02] Check completed

========================================
[2025-11-25 12:14:01] Starting Federal Circuit check...
[info] Authenticating with Gmail API...
[ok] Successfully authenticated
[info] Summaries already exist for 2025-11-25 (5 files)
[info] Skipping processing to avoid duplicates (use --force to override)

[ok] Processed 0 PDF(s)
[2025-11-25 12:14:01] Check completed

========================================
[2025-11-26 12:00:01] Starting Federal Circuit check...
[info] Authenticating with Gmail API...
[ok] Successfully authenticated
[info] Searching Gmail for: from:uscourts@updates.uscourts.gov after:2025/11/26 before:2025/11/27
[info] No emails found from uscourts@updates.uscourts.gov on 2025/11/26
[info] Searching Gmail for: from:drewwileyroberts@gmail.com after:2025/11/26 before:2025/11/27
[info] No emails found from drewwileyroberts@gmail.com on 2025/11/26

[ok] Processed 0 PDF(s)
[2025-11-26 12:00:03] Check completed

========================================
[2025-11-26 12:02:01] Starting Federal Circuit check...
[info] Authenticating with Gmail API...
[ok] Successfully authenticated
[info] Searching Gmail for: from:uscourts@updates.uscourts.gov after:2025/11/26 before:2025/11/27
[info] No emails found from uscourts@updates.uscourts.gov on 2025/11/26
[info] Searching Gmail for: from:drewwileyroberts@gmail.com after:2025/11/26 before:2025/11/27
[info] No emails found from drewwileyroberts@gmail.com on 2025/11/26

[ok] Processed 0 PDF(s)
[2025-11-26 12:02:02] Check completed

========================================
[2025-11-26 12:04:01] Starting Federal Circuit check...
[info] Authenticating with Gmail API...
[ok] Successfully authenticated
[info] Searching Gmail for: from:uscourts@updates.uscourts.gov after:2025/11/26 before:2025/11/27
[info] Found 1 email(s)
[info] Searching Gmail for: from:drewwileyroberts@gmail.com after:2025/11/26 before:2025/11/27
[info] No emails found from drewwileyroberts@gmail.com on 2025/11/26

[info] Processing email 1/1
[info] Found 3 link(s) in email
[info] Processing uscourts link: https://www.cafc.uscourts.gov/11-26-2025-24-2310-bryant-v-mspb-opinion-24-2310-opinion-11-26-2025_2610299/
[info] Found PDF URL: https://www.cafc.uscourts.gov/opinions-orders/24-2310.OPINION.11-26-2025_2610299.pdf
[info] Case: 24-2310: BRYANT v. MSPB
[info] Case Number: 24-2310
[info] Opinion Date: 2025-11-26
[info] Precedential: No
[ok] Downloaded PDF: pdfs/24-2310.OPINION.11-26-2025_2610299.pdf
[info] Extracting text from: 24-2310.OPINION.11-26-2025_2610299.pdf
[info] Summarizing: 24-2310.OPINION.11-26-2025_2610299.pdf
[info] Using scraped metadata: date=2025-11-26, case=24-2310
[ok] Wrote summary: summaries/2025-11-26/non-precedential/2025.11.26_24-2310.txt
[info] Processing uscourts link: https://www.cafc.uscourts.gov/11-26-2025-26-112-in-re-latham-order-26-112-order-11-26-2025_2610377/
[info] Found PDF URL: https://www.cafc.uscourts.gov/opinions-orders/26-112.ORDER.11-26-2025_2610377.pdf
[info] Case: 26-112: In Re LATHAM
[info] Case Number: 26-112
[info] Opinion Date: 2025-11-26
[info] Precedential: No
[ok] Downloaded PDF: pdfs/26-112.ORDER.11-26-2025_2610377.pdf
[info] Extracting text from: 26-112.ORDER.11-26-2025_2610377.pdf
[info] Summarizing: 26-112.ORDER.11-26-2025_2610377.pdf
[info] Using scraped metadata: date=2025-11-26, case=26-112
[ok] Wrote summary: summaries/2025-11-26/non-precedential/2025.11.26_26-112.txt
[info] Processing uscourts link: https://www.cafc.uscourts.gov/11-26-2025-25-1706-red-hat-inc-v-virtamove-corp-order-25-1706-order-11-26-2025_2610395/
[info] Found PDF URL: https://www.cafc.uscourts.gov/opinions-orders/25-1706.ORDER.11-26-2025_2610395.pdf
[info] Case: 25-1706: RED HAT, INC. v. VIRTAMOVE, CORP.
[info] Case Number: 25-1706
[info] Opinion Date: 2025-11-26
[info] Precedential: No
[ok] Downloaded PDF: pdfs/25-1706.ORDER.11-26-2025_2610395.pdf
[info] Extracting text from: 25-1706.ORDER.11-26-2025_2610395.pdf
[info] Summarizing: 25-1706.ORDER.11-26-2025_2610395.pdf
[info] Using scraped metadata: date=2025-11-26, case=25-1706
[ok] Wrote summary: summaries/2025-11-26/non-precedential/2025.11.26_25-1706.txt

[info] Sending summary email (to: L&WFEDERALCIRCUITSUMMARIES@lw.com; bcc: richard.lowry@lw.com, drew.roberts@lw.com)...
[ok] Summary email sent (to: L&WFEDERALCIRCUITSUMMARIES@lw.com; bcc: richard.lowry@lw.com, drew.roberts@lw.com)

[ok] Processed 3 PDF(s)
[2025-11-26 12:04:23] Check completed

========================================
[2025-11-26 12:06:01] Starting Federal Circuit check...
[info] Authenticating with Gmail API...
[ok] Successfully authenticated
[info] Summaries already exist for 2025-11-26 (3 files)
[info] Skipping processing to avoid duplicates (use --force to override)

[ok] Processed 0 PDF(s)
[2025-11-26 12:06:02] Check completed

========================================
[2025-11-26 12:08:01] Starting Federal Circuit check...
[info] Authenticating with Gmail API...
[ok] Successfully authenticated
[info] Summaries already exist for 2025-11-26 (3 files)
[info] Skipping processing to avoid duplicates (use --force to override)

[ok] Processed 0 PDF(s)
[2025-11-26 12:08:02] Check completed

========================================
[2025-11-26 12:10:01] Starting Federal Circuit check...
[info] Authenticating with Gmail API...
[ok] Successfully authenticated
[info] Summaries already exist for 2025-11-26 (3 files)
[info] Skipping processing to avoid duplicates (use --force to override)

[ok] Processed 0 PDF(s)
[2025-11-26 12:10:02] Check completed

========================================
[2025-11-26 12:12:01] Starting Federal Circuit check...
[info] Authenticating with Gmail API...
[ok] Successfully authenticated
[info] Summaries already exist for 2025-11-26 (3 files)
[info] Skipping processing to avoid duplicates (use --force to override)

[ok] Processed 0 PDF(s)
[2025-11-26 12:12:02] Check completed

========================================
[2025-11-26 12:14:01] Starting Federal Circuit check...
[info] Authenticating with Gmail API...
[ok] Successfully authenticated
[info] Summaries already exist for 2025-11-26 (3 files)
[info] Skipping processing to avoid duplicates (use --force to override)

[ok] Processed 0 PDF(s)
[2025-11-26 12:14:02] Check completed

========================================
[2025-11-27 12:00:01] Starting Federal Circuit check...
[info] Authenticating with Gmail API...
[ok] Successfully authenticated
[info] Searching Gmail for: from:uscourts@updates.uscourts.gov after:2025/11/27 before:2025/11/28
[info] No emails found from uscourts@updates.uscourts.gov on 2025/11/27
[info] Searching Gmail for: from:drewwileyroberts@gmail.com after:2025/11/27 before:2025/11/28
[info] No emails found from drewwileyroberts@gmail.com on 2025/11/27

[ok] Processed 0 PDF(s)
[2025-11-27 12:00:03] Check completed

========================================
[2025-11-27 12:02:01] Starting Federal Circuit check...
[info] Authenticating with Gmail API...
[ok] Successfully authenticated
[info] Searching Gmail for: from:uscourts@updates.uscourts.gov after:2025/11/27 before:2025/11/28
[info] No emails found from uscourts@updates.uscourts.gov on 2025/11/27
[info] Searching Gmail for: from:drewwileyroberts@gmail.com after:2025/11/27 before:2025/11/28
[info] No emails found from drewwileyroberts@gmail.com on 2025/11/27

[ok] Processed 0 PDF(s)
[2025-11-27 12:02:03] Check completed

========================================
[2025-11-27 12:04:01] Starting Federal Circuit check...
[info] Authenticating with Gmail API...
[ok] Successfully authenticated
[info] Searching Gmail for: from:uscourts@updates.uscourts.gov after:2025/11/27 before:2025/11/28
[info] No emails found from uscourts@updates.uscourts.gov on 2025/11/27
[info] Searching Gmail for: from:drewwileyroberts@gmail.com after:2025/11/27 before:2025/11/28
[info] No emails found from drewwileyroberts@gmail.com on 2025/11/27

[ok] Processed 0 PDF(s)
[2025-11-27 12:04:02] Check completed

========================================
[2025-11-27 12:06:01] Starting Federal Circuit check...
[info] Authenticating with Gmail API...
[ok] Successfully authenticated
[info] Searching Gmail for: from:uscourts@updates.uscourts.gov after:2025/11/27 before:2025/11/28
[info] No emails found from uscourts@updates.uscourts.gov on 2025/11/27
[info] Searching Gmail for: from:drewwileyroberts@gmail.com after:2025/11/27 before:2025/11/28
[info] No emails found from drewwileyroberts@gmail.com on 2025/11/27

[ok] Processed 0 PDF(s)
[2025-11-27 12:06:03] Check completed

========================================
[2025-11-27 12:08:01] Starting Federal Circuit check...
[info] Authenticating with Gmail API...
[ok] Successfully authenticated
[info] Searching Gmail for: from:uscourts@updates.uscourts.gov after:2025/11/27 before:2025/11/28
[info] No emails found from uscourts@updates.uscourts.gov on 2025/11/27
[info] Searching Gmail for: from:drewwileyroberts@gmail.com after:2025/11/27 before:2025/11/28
[info] No emails found from drewwileyroberts@gmail.com on 2025/11/27

[ok] Processed 0 PDF(s)
[2025-11-27 12:08:03] Check completed

========================================
[2025-11-27 12:10:01] Starting Federal Circuit check...
[info] Authenticating with Gmail API...
[ok] Successfully authenticated
[info] Searching Gmail for: from:uscourts@updates.uscourts.gov after:2025/11/27 before:2025/11/28
[info] No emails found from uscourts@updates.uscourts.gov on 2025/11/27
[info] Searching Gmail for: from:drewwileyroberts@gmail.com after:2025/11/27 before:2025/11/28
[info] No emails found from drewwileyroberts@gmail.com on 2025/11/27

[ok] Processed 0 PDF(s)
[2025-11-27 12:10:02] Check completed

========================================
[2025-11-27 12:12:01] Starting Federal Circuit check...
[info] Authenticating with Gmail API...
[ok] Successfully authenticated
[info] Searching Gmail for: from:uscourts@updates.uscourts.gov after:2025/11/27 before:2025/11/28
[info] No emails found from uscourts@updates.uscourts.gov on 2025/11/27
[info] Searching Gmail for: from:drewwileyroberts@gmail.com after:2025/11/27 before:2025/11/28
[info] No emails found from drewwileyroberts@gmail.com on 2025/11/27

[ok] Processed 0 PDF(s)
[2025-11-27 12:12:03] Check completed

========================================
[2025-11-27 12:14:01] Starting Federal Circuit check...
[info] Authenticating with Gmail API...
[ok] Successfully authenticated
[info] Searching Gmail for: from:uscourts@updates.uscourts.gov after:2025/11/27 before:2025/11/28
[info] No emails found from uscourts@updates.uscourts.gov on 2025/11/27
[info] Searching Gmail for: from:drewwileyroberts@gmail.com after:2025/11/27 before:2025/11/28
[info] No emails found from drewwileyroberts@gmail.com on 2025/11/27

[ok] Processed 0 PDF(s)
[2025-11-27 12:14:02] Check completed

========================================
[2025-11-28 12:00:01] Starting Federal Circuit check...
[info] Authenticating with Gmail API...
[ok] Successfully authenticated
[info] Searching Gmail for: from:uscourts@updates.uscourts.gov after:2025/11/28 before:2025/11/29
[info] No emails found from uscourts@updates.uscourts.gov on 2025/11/28
[info] Searching Gmail for: from:drewwileyroberts@gmail.com after:2025/11/28 before:2025/11/29
[info] No emails found from drewwileyroberts@gmail.com on 2025/11/28

[ok] Processed 0 PDF(s)
[2025-11-28 12:00:03] Check completed

========================================
[2025-11-28 12:02:01] Starting Federal Circuit check...
[info] Authenticating with Gmail API...
[ok] Successfully authenticated
[info] Searching Gmail for: from:uscourts@updates.uscourts.gov after:2025/11/28 before:2025/11/29
[info] No emails found from uscourts@updates.uscourts.gov on 2025/11/28
[info] Searching Gmail for: from:drewwileyroberts@gmail.com after:2025/11/28 before:2025/11/29
[info] No emails found from drewwileyroberts@gmail.com on 2025/11/28

[ok] Processed 0 PDF(s)
[2025-11-28 12:02:03] Check completed

========================================
[2025-11-28 12:04:01] Starting Federal Circuit check...
[info] Authenticating with Gmail API...
[ok] Successfully authenticated
[info] Searching Gmail for: from:uscourts@updates.uscourts.gov after:2025/11/28 before:2025/11/29
[info] No emails found from uscourts@updates.uscourts.gov on 2025/11/28
[info] Searching Gmail for: from:drewwileyroberts@gmail.com after:2025/11/28 before:2025/11/29
[info] No emails found from drewwileyroberts@gmail.com on 2025/11/28

[ok] Processed 0 PDF(s)
[2025-11-28 12:04:02] Check completed

========================================
[2025-11-28 12:06:01] Starting Federal Circuit check...
[info] Authenticating with Gmail API...
[ok] Successfully authenticated
[info] Searching Gmail for: from:uscourts@updates.uscourts.gov after:2025/11/28 before:2025/11/29
[info] No emails found from uscourts@updates.uscourts.gov on 2025/11/28
[info] Searching Gmail for: from:drewwileyroberts@gmail.com after:2025/11/28 before:2025/11/29
[info] No emails found from drewwileyroberts@gmail.com on 2025/11/28

[ok] Processed 0 PDF(s)
[2025-11-28 12:06:03] Check completed

========================================
[2025-11-28 12:08:01] Starting Federal Circuit check...
[info] Authenticating with Gmail API...
[ok] Successfully authenticated
[info] Searching Gmail for: from:uscourts@updates.uscourts.gov after:2025/11/28 before:2025/11/29
[info] No emails found from uscourts@updates.uscourts.gov on 2025/11/28
[info] Searching Gmail for: from:drewwileyroberts@gmail.com after:2025/11/28 before:2025/11/29
[info] No emails found from drewwileyroberts@gmail.com on 2025/11/28

[ok] Processed 0 PDF(s)
[2025-11-28 12:08:03] Check completed

========================================
[2025-11-28 12:10:01] Starting Federal Circuit check...
[info] Authenticating with Gmail API...
[ok] Successfully authenticated
[info] Searching Gmail for: from:uscourts@updates.uscourts.gov after:2025/11/28 before:2025/11/29
[info] No emails found from uscourts@updates.uscourts.gov on 2025/11/28
[info] Searching Gmail for: from:drewwileyroberts@gmail.com after:2025/11/28 before:2025/11/29
[info] No emails found from drewwileyroberts@gmail.com on 2025/11/28

[ok] Processed 0 PDF(s)
[2025-11-28 12:10:02] Check completed

========================================
[2025-11-28 12:12:01] Starting Federal Circuit check...
[info] Authenticating with Gmail API...
[ok] Successfully authenticated
[info] Searching Gmail for: from:uscourts@updates.uscourts.gov after:2025/11/28 before:2025/11/29
[info] No emails found from uscourts@updates.uscourts.gov on 2025/11/28
[info] Searching Gmail for: from:drewwileyroberts@gmail.com after:2025/11/28 before:2025/11/29
[info] No emails found from drewwileyroberts@gmail.com on 2025/11/28

[ok] Processed 0 PDF(s)
[2025-11-28 12:12:03] Check completed

========================================
[2025-11-28 12:14:01] Starting Federal Circuit check...
[info] Authenticating with Gmail API...
[ok] Successfully authenticated
[info] Searching Gmail for: from:uscourts@updates.uscourts.gov after:2025/11/28 before:2025/11/29
[info] No emails found from uscourts@updates.uscourts.gov on 2025/11/28
[info] Searching Gmail for: from:drewwileyroberts@gmail.com after:2025/11/28 before:2025/11/29
[info] No emails found from drewwileyroberts@gmail.com on 2025/11/28

[ok] Processed 0 PDF(s)
[2025-11-28 12:14:02] Check completed

========================================
[2025-12-01 12:00:01] Starting Federal Circuit check...
[info] Authenticating with Gmail API...
[ok] Successfully authenticated
[info] Searching Gmail for: from:uscourts@updates.uscourts.gov after:2025/12/01 before:2025/12/02
[info] No emails found from uscourts@updates.uscourts.gov on 2025/12/01
[info] Searching Gmail for: from:drewwileyroberts@gmail.com after:2025/12/01 before:2025/12/02
[info] No emails found from drewwileyroberts@gmail.com on 2025/12/01

[ok] Processed 0 PDF(s)
[2025-12-01 12:00:02] Check completed

========================================
[2025-12-01 12:02:01] Starting Federal Circuit check...
[info] Authenticating with Gmail API...
[ok] Successfully authenticated
[info] Searching Gmail for: from:uscourts@updates.uscourts.gov after:2025/12/01 before:2025/12/02
[info] No emails found from uscourts@updates.uscourts.gov on 2025/12/01
[info] Searching Gmail for: from:drewwileyroberts@gmail.com after:2025/12/01 before:2025/12/02
[info] No emails found from drewwileyroberts@gmail.com on 2025/12/01

[ok] Processed 0 PDF(s)
[2025-12-01 12:02:03] Check completed

========================================
[2025-12-01 12:04:01] Starting Federal Circuit check...
[info] Authenticating with Gmail API...
[ok] Successfully authenticated
[info] Searching Gmail for: from:uscourts@updates.uscourts.gov after:2025/12/01 before:2025/12/02
[info] No emails found from uscourts@updates.uscourts.gov on 2025/12/01
[info] Searching Gmail for: from:drewwileyroberts@gmail.com after:2025/12/01 before:2025/12/02
[info] No emails found from drewwileyroberts@gmail.com on 2025/12/01

[ok] Processed 0 PDF(s)
[2025-12-01 12:04:03] Check completed

========================================
[2025-12-01 12:06:01] Starting Federal Circuit check...
[info] Authenticating with Gmail API...
[ok] Successfully authenticated
[info] Searching Gmail for: from:uscourts@updates.uscourts.gov after:2025/12/01 before:2025/12/02
[info] No emails found from uscourts@updates.uscourts.gov on 2025/12/01
[info] Searching Gmail for: from:drewwileyroberts@gmail.com after:2025/12/01 before:2025/12/02
[info] No emails found from drewwileyroberts@gmail.com on 2025/12/01

[ok] Processed 0 PDF(s)
[2025-12-01 12:06:02] Check completed

========================================
[2025-12-01 12:08:01] Starting Federal Circuit check...
[info] Authenticating with Gmail API...
[ok] Successfully authenticated
[info] Searching Gmail for: from:uscourts@updates.uscourts.gov after:2025/12/01 before:2025/12/02
[info] No emails found from uscourts@updates.uscourts.gov on 2025/12/01
[info] Searching Gmail for: from:drewwileyroberts@gmail.com after:2025/12/01 before:2025/12/02
[info] No emails found from drewwileyroberts@gmail.com on 2025/12/01

[ok] Processed 0 PDF(s)
[2025-12-01 12:08:03] Check completed

========================================
[2025-12-01 12:10:01] Starting Federal Circuit check...
[info] Authenticating with Gmail API...
[ok] Successfully authenticated
[info] Searching Gmail for: from:uscourts@updates.uscourts.gov after:2025/12/01 before:2025/12/02
[info] No emails found from uscourts@updates.uscourts.gov on 2025/12/01
[info] Searching Gmail for: from:drewwileyroberts@gmail.com after:2025/12/01 before:2025/12/02
[info] No emails found from drewwileyroberts@gmail.com on 2025/12/01

[ok] Processed 0 PDF(s)
[2025-12-01 12:10:02] Check completed

========================================
[2025-12-01 12:12:01] Starting Federal Circuit check...
[info] Authenticating with Gmail API...
[ok] Successfully authenticated
[info] Searching Gmail for: from:uscourts@updates.uscourts.gov after:2025/12/01 before:2025/12/02
[info] No emails found from uscourts@updates.uscourts.gov on 2025/12/01
[info] Searching Gmail for: from:drewwileyroberts@gmail.com after:2025/12/01 before:2025/12/02
[info] No emails found from drewwileyroberts@gmail.com on 2025/12/01

[ok] Processed 0 PDF(s)
[2025-12-01 12:12:03] Check completed

========================================
[2025-12-01 12:14:01] Starting Federal Circuit check...
[info] Authenticating with Gmail API...
[ok] Successfully authenticated
[info] Searching Gmail for: from:uscourts@updates.uscourts.gov after:2025/12/01 before:2025/12/02
[info] No emails found from uscourts@updates.uscourts.gov on 2025/12/01
[info] Searching Gmail for: from:drewwileyroberts@gmail.com after:2025/12/01 before:2025/12/02
[info] No emails found from drewwileyroberts@gmail.com on 2025/12/01

[ok] Processed 0 PDF(s)
[2025-12-01 12:14:03] Check completed

========================================
[2025-12-02 12:00:01] Starting Federal Circuit check...
[info] Authenticating with Gmail API...
[ok] Successfully authenticated
[info] Searching Gmail for: from:uscourts@updates.uscourts.gov after:2025/12/02 before:2025/12/03
[info] No emails found from uscourts@updates.uscourts.gov on 2025/12/02
[info] Searching Gmail for: from:drewwileyroberts@gmail.com after:2025/12/02 before:2025/12/03
[info] No emails found from drewwileyroberts@gmail.com on 2025/12/02

[ok] Processed 0 PDF(s)
[2025-12-02 12:00:03] Check completed

========================================
[2025-12-02 12:02:01] Starting Federal Circuit check...
[info] Authenticating with Gmail API...
[ok] Successfully authenticated
[info] Searching Gmail for: from:uscourts@updates.uscourts.gov after:2025/12/02 before:2025/12/03
[info] Found 1 email(s)
[info] Searching Gmail for: from:drewwileyroberts@gmail.com after:2025/12/02 before:2025/12/03
[info] No emails found from drewwileyroberts@gmail.com on 2025/12/02

[info] Processing email 1/1
[info] Found 6 link(s) in email
[info] Processing uscourts link: https://www.cafc.uscourts.gov/12-02-2025-25-1275-soto-v-usps-opinion-25-1275-opinion-12-2-2025_2612184/
[info] Found PDF URL: https://www.cafc.uscourts.gov/opinions-orders/25-1275.OPINION.12-2-2025_2612184.pdf
[info] Case: 25-1275: SOTO v. USPS
[info] Case Number: 25-1275
[info] Opinion Date: 2025-12-02
[info] Precedential: No
[ok] Downloaded PDF: pdfs/25-1275.OPINION.12-2-2025_2612184.pdf
[info] Extracting text from: 25-1275.OPINION.12-2-2025_2612184.pdf
[info] Summarizing: 25-1275.OPINION.12-2-2025_2612184.pdf
[info] Using scraped metadata: date=2025-12-02, case=25-1275
[ok] Wrote summary: summaries/2025-12-02/non-precedential/2025.12.02_25-1275.txt
[info] Processing uscourts link: https://www.cafc.uscourts.gov/12-02-2025-25-1156-hornberger-v-mspb-opinion-25-1156-opinion-12-2-2025_2612135/
[info] Found PDF URL: https://www.cafc.uscourts.gov/opinions-orders/25-1156.OPINION.12-2-2025_2612135.pdf
[info] Case: 25-1156: HORNBERGER v. MSPB
[info] Case Number: 25-1156
[info] Opinion Date: 2025-12-02
[info] Precedential: No
[ok] Downloaded PDF: pdfs/25-1156.OPINION.12-2-2025_2612135.pdf
[info] Extracting text from: 25-1156.OPINION.12-2-2025_2612135.pdf
[info] Summarizing: 25-1156.OPINION.12-2-2025_2612135.pdf
[info] Using scraped metadata: date=2025-12-02, case=25-1156
[ok] Wrote summary: summaries/2025-12-02/non-precedential/2025.12.02_25-1156.txt
[info] Processing uscourts link: https://www.cafc.uscourts.gov/12-02-2025-25-1721-robinson-v-collins-opinion-25-1721-opinion-12-2-2025_2612163/
[info] Found PDF URL: https://www.cafc.uscourts.gov/opinions-orders/25-1721.OPINION.12-2-2025_2612163.pdf
[info] Case: 25-1721: ROBINSON v. COLLINS
[info] Case Number: 25-1721
[info] Opinion Date: 2025-12-02
[info] Precedential: No
[ok] Downloaded PDF: pdfs/25-1721.OPINION.12-2-2025_2612163.pdf
[info] Extracting text from: 25-1721.OPINION.12-2-2025_2612163.pdf
[info] Summarizing: 25-1721.OPINION.12-2-2025_2612163.pdf
[info] Using scraped metadata: date=2025-12-02, case=25-1721
[ok] Wrote summary: summaries/2025-12-02/non-precedential/2025.12.02_25-1721.txt
[info] Processing uscourts link: https://www.cafc.uscourts.gov/12-02-2025-23-2424-seagen-inc-v-daiichi-sankyo-company-ltd-opinion-23-2424-opinion-12-2-2025_2612088/
[info] Found PDF URL: https://www.cafc.uscourts.gov/opinions-orders/23-2424.OPINION.12-2-2025_2612088.pdf
[info] Case: 23-2424: SEAGEN INC. v. DAIICHI SANKYO COMPANY, LTD.
[info] Case Number: 23-2424
[info] Opinion Date: 2025-12-02
[info] Precedential: Yes
[ok] Downloaded PDF: pdfs/23-2424.OPINION.12-2-2025_2612088.pdf
[info] Extracting text from: 23-2424.OPINION.12-2-2025_2612088.pdf
[info] Summarizing: 23-2424.OPINION.12-2-2025_2612088.pdf
[info] Using scraped metadata: date=2025-12-02, case=23-2424
[ok] Wrote summary: summaries/2025-12-02/precedential/2025.12.02_23-2424.txt
[info] Processing uscourts link: https://www.cafc.uscourts.gov/12-02-2025-25-1914-williams-v-collins-opinion-25-1914-opinion-12-2-2025_2612195/
[info] Found PDF URL: https://www.cafc.uscourts.gov/opinions-orders/25-1914.OPINION.12-2-2025_2612195.pdf
[info] Case: 25-1914: WILLIAMS v. COLLINS
[info] Case Number: 25-1914
[info] Opinion Date: 2025-12-02
[info] Precedential: No
[ok] Downloaded PDF: pdfs/25-1914.OPINION.12-2-2025_2612195.pdf
[info] Extracting text from: 25-1914.OPINION.12-2-2025_2612195.pdf
[info] Summarizing: 25-1914.OPINION.12-2-2025_2612195.pdf
[info] Using scraped metadata: date=2025-12-02, case=25-1914
[ok] Wrote summary: summaries/2025-12-02/non-precedential/2025.12.02_25-1914.txt
[info] Processing uscourts link: https://www.cafc.uscourts.gov/12-02-2025-24-1878-seagen-inc-v-daiichi-sankyo-inc-opinion-24-1878-opinion-12-2-2025_2612119/
[info] Found PDF URL: https://www.cafc.uscourts.gov/opinions-orders/24-1878.OPINION.12-2-2025_2612119.pdf
[info] Case: 24-1878: SEAGEN INC. v. DAIICHI SANKYO, INC.
[info] Case Number: 24-1878
[info] Opinion Date: 2025-12-02
[info] Precedential: No
[ok] Downloaded PDF: pdfs/24-1878.OPINION.12-2-2025_2612119.pdf
[info] Extracting text from: 24-1878.OPINION.12-2-2025_2612119.pdf
[info] Summarizing: 24-1878.OPINION.12-2-2025_2612119.pdf
[info] Using scraped metadata: date=2025-12-02, case=24-1878
[ok] Wrote summary: summaries/2025-12-02/non-precedential/2025.12.02_24-1878.txt

[info] Sending summary email (to: L&WFEDERALCIRCUITSUMMARIES@lw.com; bcc: richard.lowry@lw.com, drew.roberts@lw.com)...
[ok] Summary email sent (to: L&WFEDERALCIRCUITSUMMARIES@lw.com; bcc: richard.lowry@lw.com, drew.roberts@lw.com)

[ok] Processed 6 PDF(s)
[2025-12-02 12:02:55] Check completed

========================================
[2025-12-02 12:04:01] Starting Federal Circuit check...
[info] Authenticating with Gmail API...
[ok] Successfully authenticated
[info] Summaries already exist for 2025-12-02 (6 files)
[info] Skipping processing to avoid duplicates (use --force to override)

[ok] Processed 0 PDF(s)
[2025-12-02 12:04:02] Check completed

========================================
[2025-12-02 12:06:01] Starting Federal Circuit check...
[info] Authenticating with Gmail API...
[ok] Successfully authenticated
[info] Summaries already exist for 2025-12-02 (6 files)
[info] Skipping processing to avoid duplicates (use --force to override)

[ok] Processed 0 PDF(s)
[2025-12-02 12:06:02] Check completed

========================================
[2025-12-02 12:08:01] Starting Federal Circuit check...
[info] Authenticating with Gmail API...
[ok] Successfully authenticated
[info] Summaries already exist for 2025-12-02 (6 files)
[info] Skipping processing to avoid duplicates (use --force to override)

[ok] Processed 0 PDF(s)
[2025-12-02 12:08:02] Check completed

========================================
[2025-12-02 12:10:01] Starting Federal Circuit check...
[info] Authenticating with Gmail API...
[ok] Successfully authenticated
[info] Summaries already exist for 2025-12-02 (6 files)
[info] Skipping processing to avoid duplicates (use --force to override)

[ok] Processed 0 PDF(s)
[2025-12-02 12:10:02] Check completed

========================================
[2025-12-02 12:12:01] Starting Federal Circuit check...
[info] Authenticating with Gmail API...
[ok] Successfully authenticated
[info] Summaries already exist for 2025-12-02 (6 files)
[info] Skipping processing to avoid duplicates (use --force to override)

[ok] Processed 0 PDF(s)
[2025-12-02 12:12:02] Check completed

========================================
[2025-12-02 12:14:01] Starting Federal Circuit check...
[info] Authenticating with Gmail API...
[ok] Successfully authenticated
[info] Summaries already exist for 2025-12-02 (6 files)
[info] Skipping processing to avoid duplicates (use --force to override)

[ok] Processed 0 PDF(s)
[2025-12-02 12:14:02] Check completed

========================================
[2025-12-03 12:00:01] Starting Federal Circuit check...
[info] Authenticating with Gmail API...
[ok] Successfully authenticated
[info] Searching Gmail for: from:uscourts@updates.uscourts.gov after:2025/12/03 before:2025/12/04
[info] No emails found from uscourts@updates.uscourts.gov on 2025/12/03
[info] Searching Gmail for: from:drewwileyroberts@gmail.com after:2025/12/03 before:2025/12/04
[info] No emails found from drewwileyroberts@gmail.com on 2025/12/03

[ok] Processed 0 PDF(s)
[2025-12-03 12:00:02] Check completed

========================================
[2025-12-03 12:02:01] Starting Federal Circuit check...
[info] Authenticating with Gmail API...
[ok] Successfully authenticated
[info] Searching Gmail for: from:uscourts@updates.uscourts.gov after:2025/12/03 before:2025/12/04
[info] Found 1 email(s)
[info] Searching Gmail for: from:drewwileyroberts@gmail.com after:2025/12/03 before:2025/12/04
[info] No emails found from drewwileyroberts@gmail.com on 2025/12/03

[info] Processing email 1/1
[info] Found 9 link(s) in email
[info] Processing uscourts link: https://www.cafc.uscourts.gov/12-03-2025-24-1801-polar-electro-oy-v-suunto-oy-rule-36-judgment-24-1801-rule_36_judgment-12-3-2025_2613195/
[info] Found PDF URL: https://www.cafc.uscourts.gov/opinions-orders/24-1801.RULE_36_JUDGMENT.12-3-2025_2613195.pdf
[info] Case: 24-1801: POLAR ELECTRO OY v. SUUNTO OY [RULE 36 JUDGMENT]
[info] Case Number: 24-1801
[info] Opinion Date: 2025-12-03
[info] Precedential: No
[ok] Downloaded PDF: pdfs/24-1801.RULE_36_JUDGMENT.12-3-2025_2613195.pdf
[info] Extracting text from: 24-1801.RULE_36_JUDGMENT.12-3-2025_2613195.pdf
[info] Summarizing: 24-1801.RULE_36_JUDGMENT.12-3-2025_2613195.pdf
[info] Using scraped metadata: date=2025-12-03, case=24-1801
[ok] Wrote summary: summaries/2025-12-03/non-precedential/2025.12.03_24-1801.txt
[info] Processing uscourts link: https://www.cafc.uscourts.gov/12-03-2025-24-1343-crisafulli-v-collins-rule-36-judgment-24-1343-rule_36_judgment-12-3-2025_2613200/
[info] Found PDF URL: https://www.cafc.uscourts.gov/opinions-orders/24-1343.RULE_36_JUDGMENT.12-3-2025_2613200.pdf
[info] Case: 24-1343: CRISAFULLI v. COLLINS [RULE 36 JUDGMENT]
[info] Case Number: 24-1343
[info] Opinion Date: 2025-12-03
[info] Precedential: No
[ok] Downloaded PDF: pdfs/24-1343.RULE_36_JUDGMENT.12-3-2025_2613200.pdf
[info] Extracting text from: 24-1343.RULE_36_JUDGMENT.12-3-2025_2613200.pdf
[info] Summarizing: 24-1343.RULE_36_JUDGMENT.12-3-2025_2613200.pdf
[info] Using scraped metadata: date=2025-12-03, case=24-1343
[ok] Wrote summary: summaries/2025-12-03/non-precedential/2025.12.03_24-1343.txt
[info] Processing uscourts link: https://www.cafc.uscourts.gov/12-02-2025-24-1556-mid-continent-steel-wire-inc-v-us-order-24-1556-order-12-2-2025_2612814/
[info] Found PDF URL: https://www.cafc.uscourts.gov/opinions-orders/24-1556.ORDER.12-2-2025_2612814.pdf
[info] Case: 24-1556: MID CONTINENT STEEL & WIRE, INC. v. US
[info] Case Number: 24-1556
[info] Opinion Date: 2025-12-02
[info] Precedential: No
[ok] Downloaded PDF: pdfs/24-1556.ORDER.12-2-2025_2612814.pdf
[info] Extracting text from: 24-1556.ORDER.12-2-2025_2612814.pdf
[info] Summarizing: 24-1556.ORDER.12-2-2025_2612814.pdf
[info] Using scraped metadata: date=2025-12-02, case=24-1556
[ok] Wrote summary: summaries/2025-12-03/non-precedential/2025.12.02_24-1556.txt
[info] Processing uscourts link: https://www.cafc.uscourts.gov/12-03-2025-25-1536-colage-v-collins-opinion-25-1536-opinion-12-3-2025_2613128/
[info] Found PDF URL: https://www.cafc.uscourts.gov/opinions-orders/25-1536.OPINION.12-3-2025_2613128.pdf
[info] Case: 25-1536: COLAGE v. COLLINS
[info] Case Number: 25-1536
[info] Opinion Date: 2025-12-03
[info] Precedential: Yes
[ok] Downloaded PDF: pdfs/25-1536.OPINION.12-3-2025_2613128.pdf
[info] Extracting text from: 25-1536.OPINION.12-3-2025_2613128.pdf
[info] Summarizing: 25-1536.OPINION.12-3-2025_2613128.pdf
[info] Using scraped metadata: date=2025-12-03, case=25-1536
[ok] Wrote summary: summaries/2025-12-03/precedential/2025.12.03_25-1536.txt
[info] Processing uscourts link: https://www.cafc.uscourts.gov/12-02-2025-25-2077-schrecengost-v-collins-order-25-2077-order-12-2-2025_2612481/
[info] Found PDF URL: https://www.cafc.uscourts.gov/opinions-orders/25-2077.ORDER.12-2-2025_2612481.pdf
[info] Case: 25-2077: SCHRECENGOST v. COLLINS
[info] Case Number: 25-2077
[info] Opinion Date: 2025-12-02
[info] Precedential: No
[ok] Downloaded PDF: pdfs/25-2077.ORDER.12-2-2025_2612481.pdf
[info] Extracting text from: 25-2077.ORDER.12-2-2025_2612481.pdf
[info] Summarizing: 25-2077.ORDER.12-2-2025_2612481.pdf
[info] Using scraped metadata: date=2025-12-02, case=25-2077
[ok] Wrote summary: summaries/2025-12-03/non-precedential/2025.12.02_25-2077.txt
[info] Processing uscourts link: https://www.cafc.uscourts.gov/12-03-2025-24-1612-rfcyber-corp-v-squires-rule-36-judgment-24-1612-rule_36_judgment-12-3-2025_2613148/
[info] Found PDF URL: https://www.cafc.uscourts.gov/opinions-orders/24-1612.RULE_36_JUDGMENT.12-3-2025_2613148.pdf
[info] Case: 24-1612: RFCYBER CORP. v. SQUIRES [RULE 36 JUDGMENT]
[info] Case Number: 24-1612
[info] Opinion Date: 2025-12-03
[info] Precedential: No
[ok] Downloaded PDF: pdfs/24-1612.RULE_36_JUDGMENT.12-3-2025_2613148.pdf
[info] Extracting text from: 24-1612.RULE_36_JUDGMENT.12-3-2025_2613148.pdf
[info] Summarizing: 24-1612.RULE_36_JUDGMENT.12-3-2025_2613148.pdf
[info] Using scraped metadata: date=2025-12-03, case=24-1612
[ok] Wrote summary: summaries/2025-12-03/non-precedential/2025.12.03_24-1612.txt
[info] Processing uscourts link: https://www.cafc.uscourts.gov/12-03-2025-25-1380-miller-v-air-force-opinion-25-1380-opinion-12-3-2025_2613206/
[info] Found PDF URL: https://www.cafc.uscourts.gov/opinions-orders/25-1380.OPINION.12-3-2025_2613206.pdf
[info] Case: 25-1380: MILLER v. AIR FORCE
[info] Case Number: 25-1380
[info] Opinion Date: 2025-12-03
[info] Precedential: No
[ok] Downloaded PDF: pdfs/25-1380.OPINION.12-3-2025_2613206.pdf
[info] Extracting text from: 25-1380.OPINION.12-3-2025_2613206.pdf
[info] Summarizing: 25-1380.OPINION.12-3-2025_2613206.pdf
[info] Using scraped metadata: date=2025-12-03, case=25-1380
[ok] Wrote summary: summaries/2025-12-03/non-precedential/2025.12.03_25-1380.txt
[info] Processing uscourts link: https://www.cafc.uscourts.gov/12-03-2025-25-1220-clegg-v-collins-opinion-25-1220-opinion-12-3-2025_2613163/
[info] Found PDF URL: https://www.cafc.uscourts.gov/opinions-orders/25-1220.OPINION.12-3-2025_2613163.pdf
[info] Case: 25-1220: CLEGG v. COLLINS
[info] Case Number: 25-1220
[info] Opinion Date: 2025-12-03
[info] Precedential: No
[ok] Downloaded PDF: pdfs/25-1220.OPINION.12-3-2025_2613163.pdf
[info] Extracting text from: 25-1220.OPINION.12-3-2025_2613163.pdf
[info] Summarizing: 25-1220.OPINION.12-3-2025_2613163.pdf
[info] Using scraped metadata: date=2025-12-03, case=25-1220
[ok] Wrote summary: summaries/2025-12-03/non-precedential/2025.12.03_25-1220.txt
[info] Processing uscourts link: https://www.cafc.uscourts.gov/12-03-2025-25-1191-stevenson-v-dva-opinion-25-1191-opinion-12-3-2025_2613177/
[info] Found PDF URL: https://www.cafc.uscourts.gov/opinions-orders/25-1191.OPINION.12-3-2025_2613177.pdf
[info] Case: 25-1191: STEVENSON v. DVA
[info] Case Number: 25-1191
[info] Opinion Date: 2025-12-03
[info] Precedential: No
[ok] Downloaded PDF: pdfs/25-1191.OPINION.12-3-2025_2613177.pdf
[info] Extracting text from: 25-1191.OPINION.12-3-2025_2613177.pdf
[info] Summarizing: 25-1191.OPINION.12-3-2025_2613177.pdf
[info] Using scraped metadata: date=2025-12-03, case=25-1191
[ok] Wrote summary: summaries/2025-12-03/non-precedential/2025.12.03_25-1191.txt

[info] Sending summary email (to: L&WFEDERALCIRCUITSUMMARIES@lw.com; bcc: richard.lowry@lw.com, drew.roberts@lw.com)...
[ok] Summary email sent (to: L&WFEDERALCIRCUITSUMMARIES@lw.com; bcc: richard.lowry@lw.com, drew.roberts@lw.com)

[ok] Processed 9 PDF(s)
[2025-12-03 12:03:05] Check completed

========================================
[2025-12-03 12:04:01] Starting Federal Circuit check...
[info] Authenticating with Gmail API...
[ok] Successfully authenticated
[info] Summaries already exist for 2025-12-03 (9 files)
[info] Skipping processing to avoid duplicates (use --force to override)

[ok] Processed 0 PDF(s)
[2025-12-03 12:04:02] Check completed

========================================
[2025-12-03 12:06:01] Starting Federal Circuit check...
[info] Authenticating with Gmail API...
[ok] Successfully authenticated
[info] Summaries already exist for 2025-12-03 (9 files)
[info] Skipping processing to avoid duplicates (use --force to override)

[ok] Processed 0 PDF(s)
[2025-12-03 12:06:02] Check completed

========================================
[2025-12-03 12:08:01] Starting Federal Circuit check...
[info] Authenticating with Gmail API...
[ok] Successfully authenticated
[info] Summaries already exist for 2025-12-03 (9 files)
[info] Skipping processing to avoid duplicates (use --force to override)

[ok] Processed 0 PDF(s)
[2025-12-03 12:08:02] Check completed

========================================
[2025-12-03 12:10:01] Starting Federal Circuit check...
[info] Authenticating with Gmail API...
[ok] Successfully authenticated
[info] Summaries already exist for 2025-12-03 (9 files)
[info] Skipping processing to avoid duplicates (use --force to override)

[ok] Processed 0 PDF(s)
[2025-12-03 12:10:02] Check completed

========================================
[2025-12-03 12:12:01] Starting Federal Circuit check...
[info] Authenticating with Gmail API...
[ok] Successfully authenticated
[info] Summaries already exist for 2025-12-03 (9 files)
[info] Skipping processing to avoid duplicates (use --force to override)

[ok] Processed 0 PDF(s)
[2025-12-03 12:12:02] Check completed

========================================
[2025-12-03 12:14:01] Starting Federal Circuit check...
[info] Authenticating with Gmail API...
[ok] Successfully authenticated
[info] Summaries already exist for 2025-12-03 (9 files)
[info] Skipping processing to avoid duplicates (use --force to override)

[ok] Processed 0 PDF(s)
[2025-12-03 12:14:02] Check completed

========================================
[2025-12-04 12:00:01] Starting Federal Circuit check...
[info] Authenticating with Gmail API...
[ok] Successfully authenticated
[info] Searching Gmail for: from:uscourts@updates.uscourts.gov after:2025/12/04 before:2025/12/05
[info] No emails found from uscourts@updates.uscourts.gov on 2025/12/04
[info] Searching Gmail for: from:drewwileyroberts@gmail.com after:2025/12/04 before:2025/12/05
[info] No emails found from drewwileyroberts@gmail.com on 2025/12/04

[ok] Processed 0 PDF(s)
[2025-12-04 12:00:03] Check completed

========================================
[2025-12-04 12:02:01] Starting Federal Circuit check...
[info] Authenticating with Gmail API...
[ok] Successfully authenticated
[info] Searching Gmail for: from:uscourts@updates.uscourts.gov after:2025/12/04 before:2025/12/05
[info] Found 1 email(s)
[info] Searching Gmail for: from:drewwileyroberts@gmail.com after:2025/12/04 before:2025/12/05
[info] No emails found from drewwileyroberts@gmail.com on 2025/12/04

[info] Processing email 1/1
[info] Found 2 link(s) in email
[info] Processing uscourts link: https://www.cafc.uscourts.gov/12-04-2025-24-1710-blue-sky-the-color-of-imagination-llc-v-us-opinion-24-1710-opinion-12-4-2025_2613907/
[info] Found PDF URL: https://www.cafc.uscourts.gov/opinions-orders/24-1710.OPINION.12-4-2025_2613907.pdf
[info] Case: 24-1710: BLUE SKY THE COLOR OF IMAGINATION, LLC v. US
[info] Case Number: 24-1710
[info] Opinion Date: 2025-12-04
[info] Precedential: Yes
[ok] Downloaded PDF: pdfs/24-1710.OPINION.12-4-2025_2613907.pdf
[info] Extracting text from: 24-1710.OPINION.12-4-2025_2613907.pdf
[info] Summarizing: 24-1710.OPINION.12-4-2025_2613907.pdf
[info] Using scraped metadata: date=2025-12-04, case=24-1710
[ok] Wrote summary: summaries/2025-12-04/precedential/2025.12.04_24-1710.txt
[info] Processing uscourts link: https://www.cafc.uscourts.gov/12-03-2025-25-2032-immersion-corporation-v-valve-corporation-order-25-2032-order-12-3-2025_2613380/
[info] Found PDF URL: https://www.cafc.uscourts.gov/opinions-orders/25-2032.ORDER.12-3-2025_2613380.pdf
[info] Case: 25-2032: IMMERSION CORPORATION v. VALVE CORPORATION
[info] Case Number: 25-2032
[info] Opinion Date: 2025-12-03
[info] Precedential: No
[ok] Downloaded PDF: pdfs/25-2032.ORDER.12-3-2025_2613380.pdf
[info] Extracting text from: 25-2032.ORDER.12-3-2025_2613380.pdf
[info] Summarizing: 25-2032.ORDER.12-3-2025_2613380.pdf
[info] Using scraped metadata: date=2025-12-03, case=25-2032
[ok] Wrote summary: summaries/2025-12-04/non-precedential/2025.12.03_25-2032.txt

[info] Sending summary email (to: L&WFEDERALCIRCUITSUMMARIES@lw.com; bcc: richard.lowry@lw.com, drew.roberts@lw.com)...
[ok] Summary email sent (to: L&WFEDERALCIRCUITSUMMARIES@lw.com; bcc: richard.lowry@lw.com, drew.roberts@lw.com)

[ok] Processed 2 PDF(s)
[2025-12-04 12:02:18] Check completed

========================================
[2025-12-04 12:04:01] Starting Federal Circuit check...
[info] Authenticating with Gmail API...
[ok] Successfully authenticated
[info] Summaries already exist for 2025-12-04 (2 files)
[info] Skipping processing to avoid duplicates (use --force to override)

[ok] Processed 0 PDF(s)
[2025-12-04 12:04:02] Check completed

========================================
[2025-12-04 12:06:01] Starting Federal Circuit check...
[info] Authenticating with Gmail API...
[ok] Successfully authenticated
[info] Summaries already exist for 2025-12-04 (2 files)
[info] Skipping processing to avoid duplicates (use --force to override)

[ok] Processed 0 PDF(s)
[2025-12-04 12:06:02] Check completed

========================================
[2025-12-04 12:08:01] Starting Federal Circuit check...
[info] Authenticating with Gmail API...
[ok] Successfully authenticated
[info] Summaries already exist for 2025-12-04 (2 files)
[info] Skipping processing to avoid duplicates (use --force to override)

[ok] Processed 0 PDF(s)
[2025-12-04 12:08:02] Check completed

========================================
[2025-12-04 12:10:01] Starting Federal Circuit check...
[info] Authenticating with Gmail API...
[ok] Successfully authenticated
[info] Summaries already exist for 2025-12-04 (2 files)
[info] Skipping processing to avoid duplicates (use --force to override)

[ok] Processed 0 PDF(s)
[2025-12-04 12:10:02] Check completed

========================================
[2025-12-04 12:12:01] Starting Federal Circuit check...
[info] Authenticating with Gmail API...
[ok] Successfully authenticated
[info] Summaries already exist for 2025-12-04 (2 files)
[info] Skipping processing to avoid duplicates (use --force to override)

[ok] Processed 0 PDF(s)
[2025-12-04 12:12:02] Check completed

========================================
[2025-12-04 12:14:01] Starting Federal Circuit check...
[info] Authenticating with Gmail API...
[ok] Successfully authenticated
[info] Summaries already exist for 2025-12-04 (2 files)
[info] Skipping processing to avoid duplicates (use --force to override)

[ok] Processed 0 PDF(s)
[2025-12-04 12:14:02] Check completed

========================================
[2025-12-05 12:00:01] Starting Federal Circuit check...
[info] Authenticating with Gmail API...
[ok] Successfully authenticated
[info] Searching Gmail for: from:uscourts@updates.uscourts.gov after:2025/12/05 before:2025/12/06
[info] No emails found from uscourts@updates.uscourts.gov on 2025/12/05
[info] Searching Gmail for: from:drewwileyroberts@gmail.com after:2025/12/05 before:2025/12/06
[info] No emails found from drewwileyroberts@gmail.com on 2025/12/05

[ok] Processed 0 PDF(s)
[2025-12-05 12:00:03] Check completed

========================================
[2025-12-05 12:02:01] Starting Federal Circuit check...
[info] Authenticating with Gmail API...
[ok] Successfully authenticated
[info] Searching Gmail for: from:uscourts@updates.uscourts.gov after:2025/12/05 before:2025/12/06
[info] Found 1 email(s)
[info] Searching Gmail for: from:drewwileyroberts@gmail.com after:2025/12/05 before:2025/12/06
[info] No emails found from drewwileyroberts@gmail.com on 2025/12/05

[info] Processing email 1/1
[info] Found 8 link(s) in email
[info] Processing uscourts link: https://www.cafc.uscourts.gov/12-05-2025-23-1337-secretary-of-defense-v-pratt-whitney-opinion-23-1337-opinion-12-5-2025_2614777/
[info] Found PDF URL: https://www.cafc.uscourts.gov/opinions-orders/23-1337.OPINION.12-5-2025_2614777.pdf
[info] Case: 23-1337: SECRETARY OF DEFENSE v. PRATT & WHITNEY
[info] Case Number: 23-1337
[info] Opinion Date: 2025-12-05
[info] Precedential: Yes
[ok] Downloaded PDF: pdfs/23-1337.OPINION.12-5-2025_2614777.pdf
[info] Extracting text from: 23-1337.OPINION.12-5-2025_2614777.pdf
[info] Summarizing: 23-1337.OPINION.12-5-2025_2614777.pdf
[info] Using scraped metadata: date=2025-12-05, case=23-1337
[ok] Wrote summary: summaries/2025-12-05/precedential/2025.12.05_23-1337.txt
[info] Processing uscourts link: https://www.cafc.uscourts.gov/12-05-2025-25-1054-onyewuchi-v-doj-opinion-25-1054-opinion-12-5-2025_2614718/
[info] Found PDF URL: https://www.cafc.uscourts.gov/opinions-orders/25-1054.OPINION.12-5-2025_2614718.pdf
[info] Case: 25-1054: ONYEWUCHI v. DOJ
[info] Case Number: 25-1054
[info] Opinion Date: 2025-12-05
[info] Precedential: No
[ok] Downloaded PDF: pdfs/25-1054.OPINION.12-5-2025_2614718.pdf
[info] Extracting text from: 25-1054.OPINION.12-5-2025_2614718.pdf
[info] Summarizing: 25-1054.OPINION.12-5-2025_2614718.pdf
[info] Using scraped metadata: date=2025-12-05, case=25-1054
[ok] Wrote summary: summaries/2025-12-05/non-precedential/2025.12.05_25-1054.txt
[info] Processing uscourts link: https://www.cafc.uscourts.gov/12-05-2025-25-1610-barrera-garcia-v-mspb-opinion-25-1610-opinion-12-5-2025_2614822/
[info] Found PDF URL: https://www.cafc.uscourts.gov/opinions-orders/25-1610.OPINION.12-5-2025_2614822.pdf
[info] Case: 25-1610: BARRERA-GARCIA v. MSPB
[info] Case Number: 25-1610
[info] Opinion Date: 2025-12-05
[info] Precedential: No
[ok] Downloaded PDF: pdfs/25-1610.OPINION.12-5-2025_2614822.pdf
[info] Extracting text from: 25-1610.OPINION.12-5-2025_2614822.pdf
[info] Summarizing: 25-1610.OPINION.12-5-2025_2614822.pdf
[info] Using scraped metadata: date=2025-12-05, case=25-1610
[ok] Wrote summary: summaries/2025-12-05/non-precedential/2025.12.05_25-1610.txt
[info] Processing uscourts link: https://www.cafc.uscourts.gov/12-05-2025-23-2361-apple-inc-v-memoryweb-llc-opinion-23-2361-opinion-12-5-2025_2614732/
[info] Found PDF URL: https://www.cafc.uscourts.gov/opinions-orders/23-2361.OPINION.12-5-2025_2614732.pdf
[info] Case: 23-2361: APPLE INC. v. MEMORYWEB, LLC
[info] Case Number: 23-2361
[info] Opinion Date: 2025-12-05
[info] Precedential: No
[ok] Downloaded PDF: pdfs/23-2361.OPINION.12-5-2025_2614732.pdf
[info] Extracting text from: 23-2361.OPINION.12-5-2025_2614732.pdf
[info] Summarizing: 23-2361.OPINION.12-5-2025_2614732.pdf
[info] Using scraped metadata: date=2025-12-05, case=23-2361
[ok] Wrote summary: summaries/2025-12-05/non-precedential/2025.12.05_23-2361.txt
[info] Processing uscourts link: https://www.cafc.uscourts.gov/12-05-2025-24-1551-adnexus-inc-v-meta-platforms-inc-opinion-24-1551-opinion-12-5-2025_2614752/
[info] Found PDF URL: https://www.cafc.uscourts.gov/opinions-orders/24-1551.OPINION.12-5-2025_2614752.pdf
[info] Case: 24-1551: ADNEXUS INC. v. META PLATFORMS, INC.
[info] Case Number: 24-1551
[info] Opinion Date: 2025-12-05
[info] Precedential: Yes
[ok] Downloaded PDF: pdfs/24-1551.OPINION.12-5-2025_2614752.pdf
[info] Extracting text from: 24-1551.OPINION.12-5-2025_2614752.pdf
[info] Summarizing: 24-1551.OPINION.12-5-2025_2614752.pdf
[info] Using scraped metadata: date=2025-12-05, case=24-1551
[ok] Wrote summary: summaries/2025-12-05/precedential/2025.12.05_24-1551.txt
[info] Processing uscourts link: https://www.cafc.uscourts.gov/12-05-2025-24-1908-james-v-mspb-opinion-24-1908-opinion-12-5-2025_2614763/
[info] Found PDF URL: https://www.cafc.uscourts.gov/opinions-orders/24-1908.OPINION.12-5-2025_2614763.pdf
[info] Case: 24-1908: JAMES v. MSPB
[info] Case Number: 24-1908
[info] Opinion Date: 2025-12-05
[info] Precedential: No
[ok] Downloaded PDF: pdfs/24-1908.OPINION.12-5-2025_2614763.pdf
[info] Extracting text from: 24-1908.OPINION.12-5-2025_2614763.pdf
[info] Summarizing: 24-1908.OPINION.12-5-2025_2614763.pdf
[info] Using scraped metadata: date=2025-12-05, case=24-1908
[ok] Wrote summary: summaries/2025-12-05/non-precedential/2025.12.05_24-1908.txt
[info] Processing uscourts link: https://www.cafc.uscourts.gov/12-05-2025-24-1315-memoryweb-llc-v-samsung-electronics-co-ltd-opinion-24-1315-opinion-12-5-2025_2614744/
[info] Found PDF URL: https://www.cafc.uscourts.gov/opinions-orders/24-1315.OPINION.12-5-2025_2614744.pdf
[info] Case: 24-1315: MEMORYWEB, LLC v. SAMSUNG ELECTRONICS CO., LTD.
[info] Case Number: 24-1315
[info] Opinion Date: 2025-12-05
[info] Precedential: No
[ok] Downloaded PDF: pdfs/24-1315.OPINION.12-5-2025_2614744.pdf
[info] Extracting text from: 24-1315.OPINION.12-5-2025_2614744.pdf
[info] Summarizing: 24-1315.OPINION.12-5-2025_2614744.pdf
[info] Using scraped metadata: date=2025-12-05, case=24-1315
[ok] Wrote summary: summaries/2025-12-05/non-precedential/2025.12.05_24-1315.txt
[info] Processing uscourts link: https://www.cafc.uscourts.gov/12-05-2025-24-1593-mosaic-company-v-us-opinion-24-1593-opinion-12-5-2025_2614809/
[info] Found PDF URL: https://www.cafc.uscourts.gov/opinions-orders/24-1593.OPINION.12-5-2025_2614809.pdf
[info] Case: 24-1593: MOSAIC COMPANY v. US
[info] Case Number: 24-1593
[info] Opinion Date: 2025-12-05
[info] Precedential: Yes
[ok] Downloaded PDF: pdfs/24-1593.OPINION.12-5-2025_2614809.pdf
[info] Extracting text from: 24-1593.OPINION.12-5-2025_2614809.pdf
[info] Summarizing: 24-1593.OPINION.12-5-2025_2614809.pdf
[info] Using scraped metadata: date=2025-12-05, case=24-1593
[ok] Wrote summary: summaries/2025-12-05/precedential/2025.12.05_24-1593.txt

[info] Sending summary email (to: L&WFEDERALCIRCUITSUMMARIES@lw.com; bcc: richard.lowry@lw.com, drew.roberts@lw.com, kylerobertsnc@gmail.com)...
[ok] Summary email sent (to: L&WFEDERALCIRCUITSUMMARIES@lw.com; bcc: richard.lowry@lw.com, drew.roberts@lw.com, kylerobertsnc@gmail.com)

[ok] Processed 8 PDF(s)
[2025-12-05 12:03:57] Check completed

========================================
[2025-12-05 12:04:01] Starting Federal Circuit check...
[info] Authenticating with Gmail API...
[ok] Successfully authenticated
[info] Summaries already exist for 2025-12-05 (8 files)
[info] Skipping processing to avoid duplicates (use --force to override)

[ok] Processed 0 PDF(s)
[2025-12-05 12:04:02] Check completed

========================================
[2025-12-05 12:06:01] Starting Federal Circuit check...
[info] Authenticating with Gmail API...
[ok] Successfully authenticated
[info] Summaries already exist for 2025-12-05 (8 files)
[info] Skipping processing to avoid duplicates (use --force to override)

[ok] Processed 0 PDF(s)
[2025-12-05 12:06:02] Check completed

========================================
[2025-12-05 12:08:01] Starting Federal Circuit check...
[info] Authenticating with Gmail API...
[ok] Successfully authenticated
[info] Summaries already exist for 2025-12-05 (8 files)
[info] Skipping processing to avoid duplicates (use --force to override)

[ok] Processed 0 PDF(s)
[2025-12-05 12:08:02] Check completed

========================================
[2025-12-05 12:10:01] Starting Federal Circuit check...
[info] Authenticating with Gmail API...
[ok] Successfully authenticated
[info] Summaries already exist for 2025-12-05 (8 files)
[info] Skipping processing to avoid duplicates (use --force to override)

[ok] Processed 0 PDF(s)
[2025-12-05 12:10:02] Check completed

========================================
[2025-12-05 12:12:01] Starting Federal Circuit check...
[info] Authenticating with Gmail API...
[ok] Successfully authenticated
[info] Summaries already exist for 2025-12-05 (8 files)
[info] Skipping processing to avoid duplicates (use --force to override)

[ok] Processed 0 PDF(s)
[2025-12-05 12:12:02] Check completed

========================================
[2025-12-05 12:14:01] Starting Federal Circuit check...
[info] Authenticating with Gmail API...
[ok] Successfully authenticated
[info] Summaries already exist for 2025-12-05 (8 files)
[info] Skipping processing to avoid duplicates (use --force to override)

[ok] Processed 0 PDF(s)
[2025-12-05 12:14:02] Check completed

========================================
[2025-12-08 12:00:01] Starting Federal Circuit check...
[info] Authenticating with Gmail API...
[ok] Successfully authenticated
[info] Searching Gmail for: from:uscourts@updates.uscourts.gov after:2025/12/08 before:2025/12/09
[info] No emails found from uscourts@updates.uscourts.gov on 2025/12/08
[info] Searching Gmail for: from:drewwileyroberts@gmail.com after:2025/12/08 before:2025/12/09
[info] No emails found from drewwileyroberts@gmail.com on 2025/12/08

[ok] Processed 0 PDF(s)
[2025-12-08 12:00:03] Check completed

========================================
[2025-12-08 12:02:01] Starting Federal Circuit check...
[info] Authenticating with Gmail API...
[ok] Successfully authenticated
[info] Searching Gmail for: from:uscourts@updates.uscourts.gov after:2025/12/08 before:2025/12/09
[info] Found 1 email(s)
[info] Searching Gmail for: from:drewwileyroberts@gmail.com after:2025/12/08 before:2025/12/09
[info] No emails found from drewwileyroberts@gmail.com on 2025/12/08

[info] Processing email 1/1
[info] Found 12 link(s) in email
[info] Processing uscourts link: https://www.cafc.uscourts.gov/12-08-2025-25-1880-perry-v-collins-opinion-25-1880-opinion-12-8-2025_2615594/
[info] Found PDF URL: https://www.cafc.uscourts.gov/opinions-orders/25-1880.OPINION.12-8-2025_2615594.pdf
[info] Case: 25-1880: PERRY v. COLLINS
[info] Case Number: 25-1880
[info] Opinion Date: 2025-12-08
[info] Precedential: No
[ok] Downloaded PDF: pdfs/25-1880.OPINION.12-8-2025_2615594.pdf
[info] Extracting text from: 25-1880.OPINION.12-8-2025_2615594.pdf
[info] Summarizing: 25-1880.OPINION.12-8-2025_2615594.pdf
[info] Using scraped metadata: date=2025-12-08, case=25-1880
[ok] Wrote summary: summaries/2025-12-08/non-precedential/2025.12.08_25-1880.txt
[info] Processing uscourts link: https://www.cafc.uscourts.gov/12-08-2025-25-150-in-re-inari-agriculture-inc-order-25-150-order-12-8-2025_2615567/
[info] Found PDF URL: https://www.cafc.uscourts.gov/opinions-orders/25-150.ORDER.12-8-2025_2615567.pdf
[info] Case: 25-150: In Re INARI AGRICULTURE, INC.
[info] Case Number: 25-150
[info] Opinion Date: 2025-12-08
[info] Precedential: No
[ok] Downloaded PDF: pdfs/25-150.ORDER.12-8-2025_2615567.pdf
[info] Extracting text from: 25-150.ORDER.12-8-2025_2615567.pdf
[info] Summarizing: 25-150.ORDER.12-8-2025_2615567.pdf
[info] Using scraped metadata: date=2025-12-08, case=25-150
[ok] Wrote summary: summaries/2025-12-08/non-precedential/2025.12.08_25-150.txt
[info] Processing uscourts link: https://www.cafc.uscourts.gov/12-08-2025-23-1598-wallace-v-collins-rule-36-judgment-23-1598-rule_36_judgment-12-8-2025_2615574/
[info] Found PDF URL: https://www.cafc.uscourts.gov/opinions-orders/23-1598.RULE_36_JUDGMENT.12-8-2025_2615574.pdf
[info] Case: 23-1598: WALLACE v. COLLINS [RULE 36 JUDGMENT]
[info] Case Number: 23-1598
[info] Opinion Date: 2025-12-08
[info] Precedential: No
[ok] Downloaded PDF: pdfs/23-1598.RULE_36_JUDGMENT.12-8-2025_2615574.pdf
[info] Extracting text from: 23-1598.RULE_36_JUDGMENT.12-8-2025_2615574.pdf
[info] Summarizing: 23-1598.RULE_36_JUDGMENT.12-8-2025_2615574.pdf
[info] Using scraped metadata: date=2025-12-08, case=23-1598
[ok] Wrote summary: summaries/2025-12-08/non-precedential/2025.12.08_23-1598.txt
[info] Processing uscourts link: https://www.cafc.uscourts.gov/12-08-2025-25-1416-cuccia-v-us-opinion-25-1416-opinion-12-8-2025_2615559/
[info] Found PDF URL: https://www.cafc.uscourts.gov/opinions-orders/25-1416.OPINION.12-8-2025_2615559.pdf
[info] Case: 25-1416: CUCCIA v. US
[info] Case Number: 25-1416
[info] Opinion Date: 2025-12-08
[info] Precedential: No
[ok] Downloaded PDF: pdfs/25-1416.OPINION.12-8-2025_2615559.pdf
[info] Extracting text from: 25-1416.OPINION.12-8-2025_2615559.pdf
[info] Summarizing: 25-1416.OPINION.12-8-2025_2615559.pdf
[info] Using scraped metadata: date=2025-12-08, case=25-1416
[ok] Wrote summary: summaries/2025-12-08/non-precedential/2025.12.08_25-1416.txt
[info] Processing uscourts link: https://www.cafc.uscourts.gov/12-08-2025-25-1612-navarro-v-opm-opinion-25-1612-opinion-12-8-2025_2615658/
[info] Found PDF URL: https://www.cafc.uscourts.gov/opinions-orders/25-1612.OPINION.12-8-2025_2615658.pdf
[info] Case: 25-1612: NAVARRO v. OPM
[info] Case Number: 25-1612
[info] Opinion Date: 2025-12-08
[info] Precedential: No
[ok] Downloaded PDF: pdfs/25-1612.OPINION.12-8-2025_2615658.pdf
[info] Extracting text from: 25-1612.OPINION.12-8-2025_2615658.pdf
[info] Summarizing: 25-1612.OPINION.12-8-2025_2615658.pdf
[info] Using scraped metadata: date=2025-12-08, case=25-1612
[ok] Wrote summary: summaries/2025-12-08/non-precedential/2025.12.08_25-1612.txt
[info] Processing uscourts link: https://www.cafc.uscourts.gov/12-08-2025-25-1917-washington-v-collins-order-25-1917-order-12-8-2025_2615720/
[info] Found PDF URL: https://www.cafc.uscourts.gov/opinions-orders/25-1917.ORDER.12-8-2025_2615720.pdf
[info] Case: 25-1917: WASHINGTON v. COLLINS
[info] Case Number: 25-1917
[info] Opinion Date: 2025-12-08
[info] Precedential: No
[ok] Downloaded PDF: pdfs/25-1917.ORDER.12-8-2025_2615720.pdf
[info] Extracting text from: 25-1917.ORDER.12-8-2025_2615720.pdf
[info] Summarizing: 25-1917.ORDER.12-8-2025_2615720.pdf
[info] Using scraped metadata: date=2025-12-08, case=25-1917
[ok] Wrote summary: summaries/2025-12-08/non-precedential/2025.12.08_25-1917.txt
[info] Processing uscourts link: https://www.cafc.uscourts.gov/12-08-2025-24-1190-express-mobile-inc-v-meta-platforms-inc-opinion-24-1190-opinion-12-8-2025_2615614/
[info] Found PDF URL: https://www.cafc.uscourts.gov/opinions-orders/24-1190.OPINION.12-8-2025_2615614.pdf
[info] Case: 24-1190: EXPRESS MOBILE, INC. v. META PLATFORMS, INC.
[info] Case Number: 24-1190
[info] Opinion Date: 2025-12-08
[info] Precedential: No
[ok] Downloaded PDF: pdfs/24-1190.OPINION.12-8-2025_2615614.pdf
[info] Extracting text from: 24-1190.OPINION.12-8-2025_2615614.pdf
[info] Summarizing: 24-1190.OPINION.12-8-2025_2615614.pdf
[info] Using scraped metadata: date=2025-12-08, case=24-1190
[ok] Wrote summary: summaries/2025-12-08/non-precedential/2025.12.08_24-1190.txt
[info] Processing uscourts link: https://www.cafc.uscourts.gov/12-08-2025-24-2054-avant-assessment-llc-v-us-rule-36-judgment-24-2054-rule_36_judgment-12-8-2025_2615588/
[info] Found PDF URL: https://www.cafc.uscourts.gov/opinions-orders/24-2054.RULE_36_JUDGMENT.12-8-2025_2615588.pdf
[info] Case: 24-2054: AVANT ASSESSMENT, LLC v. US [RULE 36 JUDGMENT]
[info] Case Number: 24-2054
[info] Opinion Date: 2025-12-08
[info] Precedential: No
[ok] Downloaded PDF: pdfs/24-2054.RULE_36_JUDGMENT.12-8-2025_2615588.pdf
[info] Extracting text from: 24-2054.RULE_36_JUDGMENT.12-8-2025_2615588.pdf
[info] Summarizing: 24-2054.RULE_36_JUDGMENT.12-8-2025_2615588.pdf
[info] Using scraped metadata: date=2025-12-08, case=24-2054
[ok] Wrote summary: summaries/2025-12-08/non-precedential/2025.12.08_24-2054.txt
[info] Processing uscourts link: https://www.cafc.uscourts.gov/12-08-2025-24-1977-shopify-inc-v-express-mobile-inc-opinion-24-1977-opinion-12-8-2025_2615631/
[info] Found PDF URL: https://www.cafc.uscourts.gov/opinions-orders/24-1977.OPINION.12-8-2025_2615631.pdf
[info] Case: 24-1977: SHOPIFY INC. v. EXPRESS MOBILE, INC.
[info] Case Number: 24-1977
[info] Opinion Date: 2025-12-08
[info] Precedential: No
[ok] Downloaded PDF: pdfs/24-1977.OPINION.12-8-2025_2615631.pdf
[info] Extracting text from: 24-1977.OPINION.12-8-2025_2615631.pdf
[info] Summarizing: 24-1977.OPINION.12-8-2025_2615631.pdf
[info] Using scraped metadata: date=2025-12-08, case=24-1977
[ok] Wrote summary: summaries/2025-12-08/non-precedential/2025.12.08_24-1977.txt
[info] Processing uscourts link: https://www.cafc.uscourts.gov/12-08-2025-23-1880-coda-development-sro-v-goodyear-tire-rubber-company-opinion-23-1880-opinion-12-8-2025_2615672/
[info] Found PDF URL: https://www.cafc.uscourts.gov/opinions-orders/23-1880.OPINION.12-8-2025_2615672.pdf
[info] Case: 23-1880: CODA DEVELOPMENT S.R.O. v. GOODYEAR TIRE & RUBBER COMPANY
[info] Case Number: 23-1880
[info] Opinion Date: 2025-12-08
[info] Precedential: Yes
[ok] Downloaded PDF: pdfs/23-1880.OPINION.12-8-2025_2615672.pdf
[info] Extracting text from: 23-1880.OPINION.12-8-2025_2615672.pdf
[info] Summarizing: 23-1880.OPINION.12-8-2025_2615672.pdf
[info] Using scraped metadata: date=2025-12-08, case=23-1880
[ok] Wrote summary: summaries/2025-12-08/precedential/2025.12.08_23-1880.txt
[info] Processing uscourts link: https://www.cafc.uscourts.gov/12-08-2025-24-2152-nastri-v-mspb-opinion-24-2152-opinion-12-8-2025_2615648/
[info] Found PDF URL: https://www.cafc.uscourts.gov/opinions-orders/24-2152.OPINION.12-8-2025_2615648.pdf
[info] Case: 24-2152: NASTRI v. MSPB
[info] Case Number: 24-2152
[info] Opinion Date: 2025-12-08
[info] Precedential: No
[ok] Downloaded PDF: pdfs/24-2152.OPINION.12-8-2025_2615648.pdf
[info] Extracting text from: 24-2152.OPINION.12-8-2025_2615648.pdf
[info] Summarizing: 24-2152.OPINION.12-8-2025_2615648.pdf
[info] Using scraped metadata: date=2025-12-08, case=24-2152
[ok] Wrote summary: summaries/2025-12-08/non-precedential/2025.12.08_24-2152.txt
[info] Processing uscourts link: https://www.cafc.uscourts.gov/12-08-2025-24-1741-mozido-inc-v-apple-inc-rule-36-judgment-24-1741-rule_36_judgment-12-8-2025_2615581/
[info] Found PDF URL: https://www.cafc.uscourts.gov/opinions-orders/24-1741.RULE_36_JUDGMENT.12-8-2025_2615581.pdf
[info] Case: 24-1741: MOZIDO, INC. v. APPLE INC. [RULE 36 JUDGMENT]
[info] Case Number: 24-1741
[info] Opinion Date: 2025-12-08
[info] Precedential: No
[ok] Downloaded PDF: pdfs/24-1741.RULE_36_JUDGMENT.12-8-2025_2615581.pdf
[info] Extracting text from: 24-1741.RULE_36_JUDGMENT.12-8-2025_2615581.pdf
[info] Summarizing: 24-1741.RULE_36_JUDGMENT.12-8-2025_2615581.pdf
[info] Using scraped metadata: date=2025-12-08, case=24-1741
[ok] Wrote summary: summaries/2025-12-08/non-precedential/2025.12.08_24-1741.txt

[info] Sending summary email (to: L&WFEDERALCIRCUITSUMMARIES@lw.com; bcc: richard.lowry@lw.com, drew.roberts@lw.com, kylerobertsnc@gmail.com)...
[ok] Summary email sent (to: L&WFEDERALCIRCUITSUMMARIES@lw.com; bcc: richard.lowry@lw.com, drew.roberts@lw.com, kylerobertsnc@gmail.com)

[ok] Processed 12 PDF(s)
[2025-12-08 12:03:49] Check completed

========================================
[2025-12-08 12:04:01] Starting Federal Circuit check...
[info] Authenticating with Gmail API...
[ok] Successfully authenticated
[info] Summaries already exist for 2025-12-08 (12 files)
[info] Skipping processing to avoid duplicates (use --force to override)

[ok] Processed 0 PDF(s)
[2025-12-08 12:04:02] Check completed

========================================
[2025-12-08 12:06:01] Starting Federal Circuit check...
[info] Authenticating with Gmail API...
[ok] Successfully authenticated
[info] Summaries already exist for 2025-12-08 (12 files)
[info] Skipping processing to avoid duplicates (use --force to override)

[ok] Processed 0 PDF(s)
[2025-12-08 12:06:02] Check completed

========================================
[2025-12-08 12:08:01] Starting Federal Circuit check...
[info] Authenticating with Gmail API...
[ok] Successfully authenticated
[info] Summaries already exist for 2025-12-08 (12 files)
[info] Skipping processing to avoid duplicates (use --force to override)

[ok] Processed 0 PDF(s)
[2025-12-08 12:08:02] Check completed

========================================
[2025-12-08 12:10:01] Starting Federal Circuit check...
[info] Authenticating with Gmail API...
[ok] Successfully authenticated
[info] Summaries already exist for 2025-12-08 (12 files)
[info] Skipping processing to avoid duplicates (use --force to override)

[ok] Processed 0 PDF(s)
[2025-12-08 12:10:02] Check completed

========================================
[2025-12-08 12:12:01] Starting Federal Circuit check...
[info] Authenticating with Gmail API...
[ok] Successfully authenticated
[info] Summaries already exist for 2025-12-08 (12 files)
[info] Skipping processing to avoid duplicates (use --force to override)

[ok] Processed 0 PDF(s)
[2025-12-08 12:12:02] Check completed

========================================
[2025-12-08 12:14:01] Starting Federal Circuit check...
[info] Authenticating with Gmail API...
[ok] Successfully authenticated
[info] Summaries already exist for 2025-12-08 (12 files)
[info] Skipping processing to avoid duplicates (use --force to override)

[ok] Processed 0 PDF(s)
[2025-12-08 12:14:02] Check completed

========================================
[2025-12-09 12:00:01] Starting Federal Circuit check...
[info] Authenticating with Gmail API...
[ok] Successfully authenticated
[info] Searching Gmail for: from:uscourts@updates.uscourts.gov after:2025/12/09 before:2025/12/10
[info] No emails found from uscourts@updates.uscourts.gov on 2025/12/09
[info] Searching Gmail for: from:drewwileyroberts@gmail.com after:2025/12/09 before:2025/12/10
[info] No emails found from drewwileyroberts@gmail.com on 2025/12/09

[ok] Processed 0 PDF(s)
[2025-12-09 12:00:03] Check completed

========================================
[2025-12-09 12:02:01] Starting Federal Circuit check...
========================================
[2025-12-09 12:04:01] Starting Federal Circuit check...
[info] Authenticating with Gmail API...
[ok] Successfully authenticated
[info] Summaries already exist for 2025-12-09 (15 files)
[info] Skipping processing to avoid duplicates (use --force to override)

[ok] Processed 0 PDF(s)
[2025-12-09 12:04:02] Check completed

[info] Authenticating with Gmail API...
[ok] Successfully authenticated
[info] Searching Gmail for: from:uscourts@updates.uscourts.gov after:2025/12/09 before:2025/12/10
[info] Found 1 email(s)
[info] Searching Gmail for: from:drewwileyroberts@gmail.com after:2025/12/09 before:2025/12/10
[info] No emails found from drewwileyroberts@gmail.com on 2025/12/09

[info] Processing email 1/1
[info] Found 18 link(s) in email
[info] Processing uscourts link: https://www.cafc.uscourts.gov/12-09-2025-25-1935-sanzone-v-mspb-order-25-1935-order-12-9-2025_2616488/
[info] Found PDF URL: https://www.cafc.uscourts.gov/opinions-orders/25-1935.ORDER.12-9-2025_2616488.pdf
[info] Case: 25-1935: SANZONE v. MSPB
[info] Case Number: 25-1935
[info] Opinion Date: 2025-12-09
[info] Precedential: No
[ok] Downloaded PDF: pdfs/25-1935.ORDER.12-9-2025_2616488.pdf
[info] Extracting text from: 25-1935.ORDER.12-9-2025_2616488.pdf
[info] Summarizing: 25-1935.ORDER.12-9-2025_2616488.pdf
[info] Using scraped metadata: date=2025-12-09, case=25-1935
[ok] Wrote summary: summaries/2025-12-09/non-precedential/2025.12.09_25-1935.txt
[info] Processing uscourts link: https://www.cafc.uscourts.gov/12-09-2025-25-1691-wilbanks-v-collins-opinion-25-1691-opinion-12-9-2025_2616427/
[info] Found PDF URL: https://www.cafc.uscourts.gov/opinions-orders/25-1691.OPINION.12-9-2025_2616427.pdf
[info] Case: 25-1691: WILBANKS v. COLLINS
[info] Case Number: 25-1691
[info] Opinion Date: 2025-12-09
[info] Precedential: No
[ok] Downloaded PDF: pdfs/25-1691.OPINION.12-9-2025_2616427.pdf
[info] Extracting text from: 25-1691.OPINION.12-9-2025_2616427.pdf
[info] Summarizing: 25-1691.OPINION.12-9-2025_2616427.pdf
[info] Using scraped metadata: date=2025-12-09, case=25-1691
[ok] Wrote summary: summaries/2025-12-09/non-precedential/2025.12.09_25-1691.txt
[info] Processing uscourts link: https://www.cafc.uscourts.gov/12-09-2025-24-1170-ibm-v-zillow-group-inc-opinion-24-1170-opinion-12-9-2025_2616412/
[info] Found PDF URL: https://www.cafc.uscourts.gov/opinions-orders/24-1170.OPINION.12-9-2025_2616412.pdf
[info] Case: 24-1170: IBM v. ZILLOW GROUP, INC.
[info] Case Number: 24-1170
[info] Opinion Date: 2025-12-09
[info] Precedential: Yes
[ok] Downloaded PDF: pdfs/24-1170.OPINION.12-9-2025_2616412.pdf
[info] Extracting text from: 24-1170.OPINION.12-9-2025_2616412.pdf
[info] Summarizing: 24-1170.OPINION.12-9-2025_2616412.pdf
[info] Using scraped metadata: date=2025-12-09, case=24-1170
[ok] Wrote summary: summaries/2025-12-09/precedential/2025.12.09_24-1170.txt
[info] Processing uscourts link: https://www.cafc.uscourts.gov/12-09-2025-26-107-in-re-bremmer-order-26-107-order-12-9-2025_2616402/
[info] Found PDF URL: https://www.cafc.uscourts.gov/opinions-orders/26-107.ORDER.12-9-2025_2616402.pdf
[info] Case: 26-107: In Re BREMMER
[info] Case Number: 26-107
[info] Opinion Date: 2025-12-09
[info] Precedential: No
[ok] Downloaded PDF: pdfs/26-107.ORDER.12-9-2025_2616402.pdf
[info] Extracting text from: 26-107.ORDER.12-9-2025_2616402.pdf
[info] Summarizing: 26-107.ORDER.12-9-2025_2616402.pdf
[info] Using scraped metadata: date=2025-12-09, case=26-107
[ok] Wrote summary: summaries/2025-12-09/non-precedential/2025.12.09_26-107.txt
[info] Processing uscourts link: https://www.cafc.uscourts.gov/12-09-2025-25-148-in-re-highlevel-inc-order-25-148-order-12-9-2025_2616513/
[info] Found PDF URL: https://www.cafc.uscourts.gov/opinions-orders/25-148.ORDER.12-9-2025_2616513.pdf
[info] Case: 25-148: In Re HIGHLEVEL, INC.
[info] Case Number: 25-148
[info] Opinion Date: 2025-12-09
[info] Precedential: No
[ok] Downloaded PDF: pdfs/25-148.ORDER.12-9-2025_2616513.pdf
[info] Extracting text from: 25-148.ORDER.12-9-2025_2616513.pdf
[info] Summarizing: 25-148.ORDER.12-9-2025_2616513.pdf
[info] Using scraped metadata: date=2025-12-09, case=25-148
[ok] Wrote summary: summaries/2025-12-09/non-precedential/2025.12.09_25-148.txt
[info] Processing uscourts link: https://www.cafc.uscourts.gov/12-09-2025-25-1392-pop-top-corp-v-rakuten-kobo-inc-opinion-25-1392-opinion-12-9-2025_2616483/
[info] Found PDF URL: https://www.cafc.uscourts.gov/opinions-orders/25-1392.OPINION.12-9-2025_2616483.pdf
[info] Case: 25-1392: POP TOP CORP. v. RAKUTEN KOBO INC.
[info] Case Number: 25-1392
[info] Opinion Date: 2025-12-09
[info] Precedential: No
[ok] Downloaded PDF: pdfs/25-1392.OPINION.12-9-2025_2616483.pdf
[info] Extracting text from: 25-1392.OPINION.12-9-2025_2616483.pdf
[info] Summarizing: 25-1392.OPINION.12-9-2025_2616483.pdf
[info] Using scraped metadata: date=2025-12-09, case=25-1392
[ok] Wrote summary: summaries/2025-12-09/non-precedential/2025.12.09_25-1392.txt
[info] Processing uscourts link: https://www.cafc.uscourts.gov/12-09-2025-25-1769-doe-v-hhs-opinion-25-1769-opinion-12-9-2025_2616453/
[info] Found PDF URL: https://www.cafc.uscourts.gov/opinions-orders/25-1769.OPINION.12-9-2025_2616453.pdf
[info] Case: 25-1769: DOE v. HHS
[info] Case Number: 25-1769
[info] Opinion Date: 2025-12-09
[info] Precedential: No
[ok] Downloaded PDF: pdfs/25-1769.OPINION.12-9-2025_2616453.pdf
[info] Extracting text from: 25-1769.OPINION.12-9-2025_2616453.pdf
[info] Summarizing: 25-1769.OPINION.12-9-2025_2616453.pdf
[info] Using scraped metadata: date=2025-12-09, case=25-1769
[ok] Wrote summary: summaries/2025-12-09/non-precedential/2025.12.09_25-1769.txt
[info] Processing uscourts link: https://www.cafc.uscourts.gov/12-09-2025-24-1496-harris-v-doj-rule-36-judgment-24-1496-rule_36_judgment-12-9-2025_2616385/
[info] Found PDF URL: https://www.cafc.uscourts.gov/opinions-orders/24-1496.RULE_36_JUDGMENT.12-9-2025_2616385.pdf
[info] Case: 24-1496: HARRIS v. DOJ [RULE 36 JUDGMENT]
[info] Case Number: 24-1496
[info] Opinion Date: 2025-12-09
[info] Precedential: No
[ok] Downloaded PDF: pdfs/24-1496.RULE_36_JUDGMENT.12-9-2025_2616385.pdf
[info] Extracting text from: 24-1496.RULE_36_JUDGMENT.12-9-2025_2616385.pdf
[info] Summarizing: 24-1496.RULE_36_JUDGMENT.12-9-2025_2616385.pdf
[info] Using scraped metadata: date=2025-12-09, case=24-1496
[ok] Wrote summary: summaries/2025-12-09/non-precedential/2025.12.09_24-1496.txt
[info] Processing uscourts link: https://www.cafc.uscourts.gov/12-09-2025-24-2131-estate-of-albert-p-schultz-v-us-rule-36-judgment-24-2131-rule_36_judgment-12-9-2025_2616463/
[info] Found PDF URL: https://www.cafc.uscourts.gov/opinions-orders/24-2131.RULE_36_JUDGMENT.12-9-2025_2616463.pdf
[info] Case: 24-2131: ESTATE OF ALBERT P. SCHULTZ v. US [RULE 36 JUDGMENT]
[info] Case Number: 24-2131
[info] Opinion Date: 2025-12-09
[info] Precedential: No
[ok] Downloaded PDF: pdfs/24-2131.RULE_36_JUDGMENT.12-9-2025_2616463.pdf
[info] Extracting text from: 24-2131.RULE_36_JUDGMENT.12-9-2025_2616463.pdf
[info] Summarizing: 24-2131.RULE_36_JUDGMENT.12-9-2025_2616463.pdf
[info] Using scraped metadata: date=2025-12-09, case=24-2131
[ok] Wrote summary: summaries/2025-12-09/non-precedential/2025.12.09_24-2131.txt
[info] Processing uscourts link: https://www.cafc.uscourts.gov/12-09-2025-24-1118-in-re-bayou-grande-coffee-roasting-co-opinion-24-1118-opinion-12-9-2025_2616391/
[info] Found PDF URL: https://www.cafc.uscourts.gov/opinions-orders/24-1118.OPINION.12-9-2025_2616391.pdf
[info] Case: 24-1118: In Re BAYOU GRANDE COFFEE ROASTING CO.
[info] Case Number: 24-1118
[info] Opinion Date: 2025-12-09
[info] Precedential: Yes
[ok] Downloaded PDF: pdfs/24-1118.OPINION.12-9-2025_2616391.pdf
[info] Extracting text from: 24-1118.OPINION.12-9-2025_2616391.pdf
[info] Summarizing: 24-1118.OPINION.12-9-2025_2616391.pdf
[info] Using scraped metadata: date=2025-12-09, case=24-1118
[ok] Wrote summary: summaries/2025-12-09/precedential/2025.12.09_24-1118.txt
[info] Processing uscourts link: https://www.cafc.uscourts.gov/12-09-2025-26-101-in-re-cambridge-industries-usa-inc-order-26-101-order-12-9-2025_2616340/
[info] Found PDF URL: https://www.cafc.uscourts.gov/opinions-orders/26-101.ORDER.12-9-2025_2616340.pdf
[info] Case: 26-101: In Re CAMBRIDGE INDUSTRIES USA INC.
[info] Case Number: 26-101
[info] Opinion Date: 2025-12-09
[info] Precedential: No
[ok] Downloaded PDF: pdfs/26-101.ORDER.12-9-2025_2616340.pdf
[info] Extracting text from: 26-101.ORDER.12-9-2025_2616340.pdf
[info] Summarizing: 26-101.ORDER.12-9-2025_2616340.pdf
[info] Using scraped metadata: date=2025-12-09, case=26-101
[ok] Wrote summary: summaries/2025-12-09/non-precedential/2025.12.09_26-101.txt
[info] Processing uscourts link: https://www.cafc.uscourts.gov/12-09-2025-24-1521-netlist-inc-v-samsung-electronics-co-ltd-rule-36-judgment-24-1521-rule_36_judgment-12-9-2025_2616500/
[info] Found PDF URL: https://www.cafc.uscourts.gov/opinions-orders/24-1521.RULE_36_JUDGMENT.12-9-2025_2616500.pdf
[info] Case: 24-1521: NETLIST, INC. v. SAMSUNG ELECTRONICS CO., LTD. [RULE 36 JUDGMENT]
[info] Case Number: 24-1521
[info] Opinion Date: 2025-12-09
[info] Precedential: No
[ok] Downloaded PDF: pdfs/24-1521.RULE_36_JUDGMENT.12-9-2025_2616500.pdf
[info] Extracting text from: 24-1521.RULE_36_JUDGMENT.12-9-2025_2616500.pdf
[info] Summarizing: 24-1521.RULE_36_JUDGMENT.12-9-2025_2616500.pdf
[info] Using scraped metadata: date=2025-12-09, case=24-1521
[ok] Wrote summary: summaries/2025-12-09/non-precedential/2025.12.09_24-1521.txt
[info] Processing uscourts link: https://www.cafc.uscourts.gov/12-09-2025-25-1378-samsung-electronics-co-ltd-v-netlist-inc-rule-36-judgment-25-1378-rule_36_judgment-12-9-2025_2616472/
[info] Found PDF URL: https://www.cafc.uscourts.gov/opinions-orders/25-1378.RULE_36_JUDGMENT.12-9-2025_2616472.pdf
[info] Case: 25-1378: SAMSUNG ELECTRONICS CO., LTD. v. NETLIST, INC. [RULE 36 JUDGMENT]
[info] Case Number: 25-1378
[info] Opinion Date: 2025-12-09
[info] Precedential: No
[ok] Downloaded PDF: pdfs/25-1378.RULE_36_JUDGMENT.12-9-2025_2616472.pdf
[info] Extracting text from: 25-1378.RULE_36_JUDGMENT.12-9-2025_2616472.pdf
[info] Summarizing: 25-1378.RULE_36_JUDGMENT.12-9-2025_2616472.pdf
[info] Using scraped metadata: date=2025-12-09, case=25-1378
[ok] Wrote summary: summaries/2025-12-09/non-precedential/2025.12.09_25-1378.txt
[info] Processing uscourts link: https://www.cafc.uscourts.gov/12-09-2025-25-152-in-re-sandisk-technologies-inc-order-25-152-order-12-9-2025_2616460/
[info] Found PDF URL: https://www.cafc.uscourts.gov/opinions-orders/25-152.ORDER.12-9-2025_2616460.pdf
[info] Case: 25-152: In Re SANDISK TECHNOLOGIES, INC.
[info] Case Number: 25-152
[info] Opinion Date: 2025-12-09
[info] Precedential: No
[ok] Downloaded PDF: pdfs/25-152.ORDER.12-9-2025_2616460.pdf
[info] Extracting text from: 25-152.ORDER.12-9-2025_2616460.pdf
[info] Summarizing: 25-152.ORDER.12-9-2025_2616460.pdf
[info] Using scraped metadata: date=2025-12-09, case=25-152
[ok] Wrote summary: summaries/2025-12-09/non-precedential/2025.12.09_25-152.txt
[info] Processing uscourts link: https://www.cafc.uscourts.gov/12-09-2025-25-1775-booker-v-collins-opinion-25-1775-opinion-12-9-2025_2616371/
[info] Found PDF URL: https://www.cafc.uscourts.gov/opinions-orders/25-1775.OPINION.12-9-2025_2616371.pdf
[info] Case: 25-1775: BOOKER v. COLLINS
[info] Case Number: 25-1775
[info] Opinion Date: 2025-12-09
[info] Precedential: No
[ok] Downloaded PDF: pdfs/25-1775.OPINION.12-9-2025_2616371.pdf
[info] Extracting text from: 25-1775.OPINION.12-9-2025_2616371.pdf
[info] Summarizing: 25-1775.OPINION.12-9-2025_2616371.pdf
[info] Using scraped metadata: date=2025-12-09, case=25-1775
[ok] Wrote summary: summaries/2025-12-09/non-precedential/2025.12.09_25-1775.txt
[info] Processing uscourts link: https://www.cafc.uscourts.gov/12-09-2025-26-104-in-re-comcast-cable-communications-llc-order-26-104-order-12-9-2025_2616530/
[info] Found PDF URL: https://www.cafc.uscourts.gov/opinions-orders/26-104.ORDER.12-9-2025_2616530.pdf
[info] Case: 26-104: In Re COMCAST CABLE COMMUNICATIONS, LLC
[info] Case Number: 26-104
[info] Opinion Date: 2025-12-09
[info] Precedential: No
[ok] Downloaded PDF: pdfs/26-104.ORDER.12-9-2025_2616530.pdf
[info] Extracting text from: 26-104.ORDER.12-9-2025_2616530.pdf
[info] Summarizing: 26-104.ORDER.12-9-2025_2616530.pdf
[info] Using scraped metadata: date=2025-12-09, case=26-104
[ok] Wrote summary: summaries/2025-12-09/non-precedential/2025.12.09_26-104.txt
[info] Processing uscourts link: https://www.cafc.uscourts.gov/12-09-2025-25-1398-garner-v-us-opinion-25-1398-opinion-12-9-2025_2616441/
[info] Found PDF URL: https://www.cafc.uscourts.gov/opinions-orders/25-1398.OPINION.12-9-2025_2616441.pdf
[info] Case: 25-1398: GARNER v. US
[info] Case Number: 25-1398
[info] Opinion Date: 2025-12-09
[info] Precedential: No
[ok] Downloaded PDF: pdfs/25-1398.OPINION.12-9-2025_2616441.pdf
[info] Extracting text from: 25-1398.OPINION.12-9-2025_2616441.pdf
[info] Summarizing: 25-1398.OPINION.12-9-2025_2616441.pdf
[info] Using scraped metadata: date=2025-12-09, case=25-1398
[ok] Wrote summary: summaries/2025-12-09/non-precedential/2025.12.09_25-1398.txt
[info] Processing uscourts link: https://www.cafc.uscourts.gov/12-09-2025-25-1882-watkins-v-district-of-columbia-order-25-1882-order-12-9-2025_2616505/
[info] Found PDF URL: https://www.cafc.uscourts.gov/opinions-orders/25-1882.ORDER.12-9-2025_2616505.pdf
[info] Case: 25-1882: WATKINS v. DISTRICT OF COLUMBIA
[info] Case Number: 25-1882
[info] Opinion Date: 2025-12-09
[info] Precedential: No
[ok] Downloaded PDF: pdfs/25-1882.ORDER.12-9-2025_2616505.pdf
[info] Extracting text from: 25-1882.ORDER.12-9-2025_2616505.pdf
[info] Summarizing: 25-1882.ORDER.12-9-2025_2616505.pdf
[info] Using scraped metadata: date=2025-12-09, case=25-1882
[ok] Wrote summary: summaries/2025-12-09/non-precedential/2025.12.09_25-1882.txt

[info] Sending summary email (to: L&WFEDERALCIRCUITSUMMARIES@lw.com; bcc: richard.lowry@lw.com, drew.roberts@lw.com, kylerobertsnc@gmail.com)...
[ok] Summary email sent (to: L&WFEDERALCIRCUITSUMMARIES@lw.com; bcc: richard.lowry@lw.com, drew.roberts@lw.com, kylerobertsnc@gmail.com)

[ok] Processed 18 PDF(s)
[2025-12-09 12:04:16] Check completed

========================================
[2025-12-09 12:06:01] Starting Federal Circuit check...
[info] Authenticating with Gmail API...
[ok] Successfully authenticated
[info] Summaries already exist for 2025-12-09 (18 files)
[info] Skipping processing to avoid duplicates (use --force to override)

[ok] Processed 0 PDF(s)
[2025-12-09 12:06:02] Check completed

========================================
[2025-12-09 12:08:01] Starting Federal Circuit check...
[info] Authenticating with Gmail API...
[ok] Successfully authenticated
[info] Summaries already exist for 2025-12-09 (18 files)
[info] Skipping processing to avoid duplicates (use --force to override)

[ok] Processed 0 PDF(s)
[2025-12-09 12:08:02] Check completed

========================================
[2025-12-09 12:10:01] Starting Federal Circuit check...
[info] Authenticating with Gmail API...
[ok] Successfully authenticated
[info] Summaries already exist for 2025-12-09 (18 files)
[info] Skipping processing to avoid duplicates (use --force to override)

[ok] Processed 0 PDF(s)
[2025-12-09 12:10:02] Check completed

========================================
[2025-12-09 12:12:01] Starting Federal Circuit check...
[info] Authenticating with Gmail API...
[ok] Successfully authenticated
[info] Summaries already exist for 2025-12-09 (18 files)
[info] Skipping processing to avoid duplicates (use --force to override)

[ok] Processed 0 PDF(s)
[2025-12-09 12:12:02] Check completed

========================================
[2025-12-09 12:14:01] Starting Federal Circuit check...
[info] Authenticating with Gmail API...
[ok] Successfully authenticated
[info] Summaries already exist for 2025-12-09 (18 files)
[info] Skipping processing to avoid duplicates (use --force to override)

[ok] Processed 0 PDF(s)
[2025-12-09 12:14:02] Check completed

========================================
[2025-12-10 12:00:01] Starting Federal Circuit check...
[info] Authenticating with Gmail API...
[ok] Successfully authenticated
[info] Searching Gmail for: from:uscourts@updates.uscourts.gov after:2025/12/10 before:2025/12/11
[info] No emails found from uscourts@updates.uscourts.gov on 2025/12/10
[info] Searching Gmail for: from:drewwileyroberts@gmail.com after:2025/12/10 before:2025/12/11
[info] No emails found from drewwileyroberts@gmail.com on 2025/12/10

[ok] Processed 0 PDF(s)
[2025-12-10 12:00:03] Check completed

========================================
[2025-12-10 12:02:01] Starting Federal Circuit check...
[info] Authenticating with Gmail API...
[ok] Successfully authenticated
[info] Searching Gmail for: from:uscourts@updates.uscourts.gov after:2025/12/10 before:2025/12/11
[info] Found 1 email(s)
[info] Searching Gmail for: from:drewwileyroberts@gmail.com after:2025/12/10 before:2025/12/11
[info] No emails found from drewwileyroberts@gmail.com on 2025/12/10

[info] Processing email 1/1
[info] Found 11 link(s) in email
[info] Processing uscourts link: https://www.cafc.uscourts.gov/12-10-2025-26-1097-grasshopper-gardens-inc-v-pma-mechanical-llc-order-26-1097-order-12-10-2025_2617121/
[info] Found PDF URL: https://www.cafc.uscourts.gov/opinions-orders/26-1097.ORDER.12-10-2025_2617121.pdf
[info] Case: 26-1097: GRASSHOPPER GARDENS, INC. v. PMA MECHANICAL LLC
[info] Case Number: 26-1097
[info] Opinion Date: 2025-12-10
[info] Precedential: No
[ok] Downloaded PDF: pdfs/26-1097.ORDER.12-10-2025_2617121.pdf
[info] Extracting text from: 26-1097.ORDER.12-10-2025_2617121.pdf
[info] Summarizing: 26-1097.ORDER.12-10-2025_2617121.pdf
[info] Using scraped metadata: date=2025-12-10, case=26-1097
[ok] Wrote summary: summaries/2025-12-10/non-precedential/2025.12.10_26-1097.txt
[info] Processing uscourts link: https://www.cafc.uscourts.gov/12-10-2025-25-2014-caldwell-v-us-order-25-2014-order-12-10-2025_2617196/
[info] Found PDF URL: https://www.cafc.uscourts.gov/opinions-orders/25-2014.ORDER.12-10-2025_2617196.pdf
[info] Case: 25-2014: CALDWELL v. US
[info] Case Number: 25-2014
[info] Opinion Date: 2025-12-10
[info] Precedential: No
[ok] Downloaded PDF: pdfs/25-2014.ORDER.12-10-2025_2617196.pdf
[info] Extracting text from: 25-2014.ORDER.12-10-2025_2617196.pdf
[info] Summarizing: 25-2014.ORDER.12-10-2025_2617196.pdf
[info] Using scraped metadata: date=2025-12-10, case=25-2014
[ok] Wrote summary: summaries/2025-12-10/non-precedential/2025.12.10_25-2014.txt
[info] Processing uscourts link: https://www.cafc.uscourts.gov/12-10-2025-24-1934-crenshaw-v-opm-opinion-24-1934-opinion-12-10-2025_2617247/
[info] Found PDF URL: https://www.cafc.uscourts.gov/opinions-orders/24-1934.OPINION.12-10-2025_2617247.pdf
[info] Case: 24-1934: CRENSHAW v. OPM
[info] Case Number: 24-1934
[info] Opinion Date: 2025-12-10
[info] Precedential: No
[ok] Downloaded PDF: pdfs/24-1934.OPINION.12-10-2025_2617247.pdf
[info] Extracting text from: 24-1934.OPINION.12-10-2025_2617247.pdf
[info] Summarizing: 24-1934.OPINION.12-10-2025_2617247.pdf
[info] Using scraped metadata: date=2025-12-10, case=24-1934
[ok] Wrote summary: summaries/2025-12-10/non-precedential/2025.12.10_24-1934.txt
[info] Processing uscourts link: https://www.cafc.uscourts.gov/12-10-2025-25-1547-samsung-electronics-co-ltd-v-resonant-systems-inc-order-25-1547-order-12-10-2025_2617389/
[info] Found PDF URL: https://www.cafc.uscourts.gov/opinions-orders/25-1547.ORDER.12-10-2025_2617389.pdf
[info] Case: 25-1547: SAMSUNG ELECTRONICS CO., LTD. v. RESONANT SYSTEMS, INC.
[info] Case Number: 25-1547
[info] Opinion Date: 2025-12-10
[info] Precedential: No
[ok] Downloaded PDF: pdfs/25-1547.ORDER.12-10-2025_2617389.pdf
[info] Extracting text from: 25-1547.ORDER.12-10-2025_2617389.pdf
[info] Summarizing: 25-1547.ORDER.12-10-2025_2617389.pdf
[info] Using scraped metadata: date=2025-12-10, case=25-1547
[ok] Wrote summary: summaries/2025-12-10/non-precedential/2025.12.10_25-1547.txt
[info] Processing uscourts link: https://www.cafc.uscourts.gov/12-10-2025-25-2135-goode-v-frtib-order-25-2135-order-12-10-2025_2617144/
[info] Found PDF URL: https://www.cafc.uscourts.gov/opinions-orders/25-2135.ORDER.12-10-2025_2617144.pdf
[info] Case: 25-2135: GOODE v. FRTIB
[info] Case Number: 25-2135
[info] Opinion Date: 2025-12-10
[info] Precedential: No
[ok] Downloaded PDF: pdfs/25-2135.ORDER.12-10-2025_2617144.pdf
[info] Extracting text from: 25-2135.ORDER.12-10-2025_2617144.pdf
[info] Summarizing: 25-2135.ORDER.12-10-2025_2617144.pdf
[info] Using scraped metadata: date=2025-12-10, case=25-2135
[ok] Wrote summary: summaries/2025-12-10/non-precedential/2025.12.10_25-2135.txt
[info] Processing uscourts link: https://www.cafc.uscourts.gov/12-10-2025-26-1010-kanam-v-burgum-order-26-1010-order-12-10-2025_2617289/
[info] Found PDF URL: https://www.cafc.uscourts.gov/opinions-orders/26-1010.ORDER.12-10-2025_2617289.pdf
[info] Case: 26-1010: KANAM v. BURGUM
[info] Case Number: 26-1010
[info] Opinion Date: 2025-12-10
[info] Precedential: No
[ok] Downloaded PDF: pdfs/26-1010.ORDER.12-10-2025_2617289.pdf
[info] Extracting text from: 26-1010.ORDER.12-10-2025_2617289.pdf
[info] Summarizing: 26-1010.ORDER.12-10-2025_2617289.pdf
[info] Using scraped metadata: date=2025-12-10, case=26-1010
[ok] Wrote summary: summaries/2025-12-10/non-precedential/2025.12.10_26-1010.txt
[info] Processing uscourts link: https://www.cafc.uscourts.gov/12-10-2025-24-1407-game-plan-inc-v-uninterrupted-ip-llc-opinion-24-1407-opinion-12-10-2025_2617313/
[info] Found PDF URL: https://www.cafc.uscourts.gov/opinions-orders/24-1407.OPINION.12-10-2025_2617313.pdf
[info] Case: 24-1407: GAME PLAN, INC. v. UNINTERRUPTED IP, LLC
[info] Case Number: 24-1407
[info] Opinion Date: 2025-12-10
[info] Precedential: Yes
[ok] Downloaded PDF: pdfs/24-1407.OPINION.12-10-2025_2617313.pdf
[info] Extracting text from: 24-1407.OPINION.12-10-2025_2617313.pdf
[info] Summarizing: 24-1407.OPINION.12-10-2025_2617313.pdf
[info] Using scraped metadata: date=2025-12-10, case=24-1407
[ok] Wrote summary: summaries/2025-12-10/precedential/2025.12.10_24-1407.txt
[info] Processing uscourts link: https://www.cafc.uscourts.gov/12-10-2025-25-2047-lopez-v-us-order-25-2047-order-12-10-2025_2617179/
[info] Found PDF URL: https://www.cafc.uscourts.gov/opinions-orders/25-2047.ORDER.12-10-2025_2617179.pdf
[info] Case: 25-2047: LOPEZ v. US
[info] Case Number: 25-2047
[info] Opinion Date: 2025-12-10
[info] Precedential: No
[ok] Downloaded PDF: pdfs/25-2047.ORDER.12-10-2025_2617179.pdf
[info] Extracting text from: 25-2047.ORDER.12-10-2025_2617179.pdf
[info] Summarizing: 25-2047.ORDER.12-10-2025_2617179.pdf
[info] Using scraped metadata: date=2025-12-10, case=25-2047
[ok] Wrote summary: summaries/2025-12-10/non-precedential/2025.12.10_25-2047.txt
[info] Processing uscourts link: https://www.cafc.uscourts.gov/12-10-2025-24-1951-medivis-inc-v-novarad-corp-rule-36-judgment-24-1951-rule_36_judgment-12-10-2025_2617263/
[info] Found PDF URL: https://www.cafc.uscourts.gov/opinions-orders/24-1951.RULE_36_JUDGMENT.12-10-2025_2617263.pdf
[info] Case: 24-1951: MEDIVIS, INC. v. NOVARAD CORP. [RULE 36 JUDGMENT]
[info] Case Number: 24-1951
[info] Opinion Date: 2025-12-10
[info] Precedential: No
[ok] Downloaded PDF: pdfs/24-1951.RULE_36_JUDGMENT.12-10-2025_2617263.pdf
[info] Extracting text from: 24-1951.RULE_36_JUDGMENT.12-10-2025_2617263.pdf
[info] Summarizing: 24-1951.RULE_36_JUDGMENT.12-10-2025_2617263.pdf
[info] Using scraped metadata: date=2025-12-10, case=24-1951
[ok] Wrote summary: summaries/2025-12-10/non-precedential/2025.12.10_24-1951.txt
[info] Processing uscourts link: https://www.cafc.uscourts.gov/12-10-2025-24-1782-darelius-v-opm-opinion-24-1782-opinion-12-10-2025_2617324/
[info] Found PDF URL: https://www.cafc.uscourts.gov/opinions-orders/24-1782.OPINION.12-10-2025_2617324.pdf
[info] Case: 24-1782: DARELIUS v. OPM
[info] Case Number: 24-1782
[info] Opinion Date: 2025-12-10
[info] Precedential: No
[ok] Downloaded PDF: pdfs/24-1782.OPINION.12-10-2025_2617324.pdf
[info] Extracting text from: 24-1782.OPINION.12-10-2025_2617324.pdf
[info] Summarizing: 24-1782.OPINION.12-10-2025_2617324.pdf
[info] Using scraped metadata: date=2025-12-10, case=24-1782
[ok] Wrote summary: summaries/2025-12-10/non-precedential/2025.12.10_24-1782.txt
[info] Processing uscourts link: https://www.cafc.uscourts.gov/12-10-2025-25-1687-lodge-v-collins-opinion-25-1687-opinion-12-10-2025_2617274/
[info] Found PDF URL: https://www.cafc.uscourts.gov/opinions-orders/25-1687.OPINION.12-10-2025_2617274.pdf
[info] Case: 25-1687: LODGE v. COLLINS
[info] Case Number: 25-1687
[info] Opinion Date: 2025-12-10
[info] Precedential: No
[ok] Downloaded PDF: pdfs/25-1687.OPINION.12-10-2025_2617274.pdf
[info] Extracting text from: 25-1687.OPINION.12-10-2025_2617274.pdf
[info] Summarizing: 25-1687.OPINION.12-10-2025_2617274.pdf
[info] Using scraped metadata: date=2025-12-10, case=25-1687
[ok] Wrote summary: summaries/2025-12-10/non-precedential/2025.12.10_25-1687.txt

[info] Sending summary email (to: L&WFEDERALCIRCUITSUMMARIES@lw.com; bcc: richard.lowry@lw.com, drew.roberts@lw.com, kylerobertsnc@gmail.com)...
[ok] Summary email sent (to: L&WFEDERALCIRCUITSUMMARIES@lw.com; bcc: richard.lowry@lw.com, drew.roberts@lw.com, kylerobertsnc@gmail.com)

[ok] Processed 11 PDF(s)
[2025-12-10 12:03:17] Check completed

========================================
[2025-12-10 12:04:01] Starting Federal Circuit check...
[info] Authenticating with Gmail API...
[ok] Successfully authenticated
[info] Summaries already exist for 2025-12-10 (11 files)
[info] Skipping processing to avoid duplicates (use --force to override)

[ok] Processed 0 PDF(s)
[2025-12-10 12:04:02] Check completed

========================================
[2025-12-10 12:06:01] Starting Federal Circuit check...
[info] Authenticating with Gmail API...
[ok] Successfully authenticated
[info] Summaries already exist for 2025-12-10 (11 files)
[info] Skipping processing to avoid duplicates (use --force to override)

[ok] Processed 0 PDF(s)
[2025-12-10 12:06:02] Check completed

========================================
[2025-12-10 12:08:01] Starting Federal Circuit check...
[info] Authenticating with Gmail API...
[ok] Successfully authenticated
[info] Summaries already exist for 2025-12-10 (11 files)
[info] Skipping processing to avoid duplicates (use --force to override)

[ok] Processed 0 PDF(s)
[2025-12-10 12:08:02] Check completed

========================================
[2025-12-10 12:10:01] Starting Federal Circuit check...
[info] Authenticating with Gmail API...
[ok] Successfully authenticated
[info] Summaries already exist for 2025-12-10 (11 files)
[info] Skipping processing to avoid duplicates (use --force to override)

[ok] Processed 0 PDF(s)
[2025-12-10 12:10:02] Check completed

========================================
[2025-12-10 12:12:01] Starting Federal Circuit check...
[info] Authenticating with Gmail API...
[ok] Successfully authenticated
[info] Summaries already exist for 2025-12-10 (11 files)
[info] Skipping processing to avoid duplicates (use --force to override)

[ok] Processed 0 PDF(s)
[2025-12-10 12:12:02] Check completed

========================================
[2025-12-10 12:14:01] Starting Federal Circuit check...
[info] Authenticating with Gmail API...
[ok] Successfully authenticated
[info] Summaries already exist for 2025-12-10 (11 files)
[info] Skipping processing to avoid duplicates (use --force to override)

[ok] Processed 0 PDF(s)
[2025-12-10 12:14:02] Check completed

========================================
[2025-12-11 12:00:01] Starting Federal Circuit check...
[info] Authenticating with Gmail API...
[error] Authentication failed: HTTPSConnectionPool(host='oauth2.googleapis.com', port=443): Max retries exceeded with url: /token (Caused by SSLError(SSLEOFError(8, '[SSL: UNEXPECTED_EOF_WHILE_READING] EOF occurred in violation of protocol (_ssl.c:1029)')))
[2025-12-11 12:00:34] Check completed

========================================
[2025-12-11 12:02:01] Starting Federal Circuit check...
========================================
[2025-12-11 12:04:01] Starting Federal Circuit check...
[info] Authenticating with Gmail API...
[ok] Successfully authenticated
[info] Summaries already exist for 2025-12-11 (2 files)
[info] Skipping processing to avoid duplicates (use --force to override)

[ok] Processed 0 PDF(s)
[2025-12-11 12:04:02] Check completed

[info] Authenticating with Gmail API...
[ok] Successfully authenticated
[info] Searching Gmail for: from:uscourts@updates.uscourts.gov after:2025/12/11 before:2025/12/12
[info] Found 1 email(s)
[info] Searching Gmail for: from:drewwileyroberts@gmail.com after:2025/12/11 before:2025/12/12
[info] No emails found from drewwileyroberts@gmail.com on 2025/12/11

[info] Processing email 1/1
[info] Found 5 link(s) in email
[info] Processing uscourts link: https://www.cafc.uscourts.gov/12-11-2025-24-1360-clantech-inc-v-costar-realty-information-inc-rule-36-judgment-24-1360-rule_36_judgment-12-11-2025_2617912/
[info] Found PDF URL: https://www.cafc.uscourts.gov/opinions-orders/24-1360.RULE_36_JUDGMENT.12-11-2025_2617912.pdf
[info] Case: 24-1360: CLANTECH, INC. v. COSTAR REALTY INFORMATION, INC. [RULE 36 JUDGMENT]
[info] Case Number: 24-1360
[info] Opinion Date: 2025-12-11
[info] Precedential: No
[ok] Downloaded PDF: pdfs/24-1360.RULE_36_JUDGMENT.12-11-2025_2617912.pdf
[info] Extracting text from: 24-1360.RULE_36_JUDGMENT.12-11-2025_2617912.pdf
[info] Summarizing: 24-1360.RULE_36_JUDGMENT.12-11-2025_2617912.pdf
[info] Using scraped metadata: date=2025-12-11, case=24-1360
[ok] Wrote summary: summaries/2025-12-11/non-precedential/2025.12.11_24-1360.txt
[info] Processing uscourts link: https://www.cafc.uscourts.gov/12-11-2025-23-1880-coda-development-sro-v-goodyear-tire-rubber-company-errata-23-1880-errata-12-11-2025_2617915/
[info] Found PDF URL: https://www.cafc.uscourts.gov/opinions-orders/23-1880.ERRATA.12-11-2025_2617915.pdf
[info] Case: 23-1880: CODA DEVELOPMENT S.R.O. v. GOODYEAR TIRE & RUBBER COMPANY [ERRATA]
[info] Case Number: 23-1880
[info] Opinion Date: 2025-12-11
[info] Precedential: No
[ok] Downloaded PDF: pdfs/23-1880.ERRATA.12-11-2025_2617915.pdf
[info] Extracting text from: 23-1880.ERRATA.12-11-2025_2617915.pdf
[info] Summarizing: 23-1880.ERRATA.12-11-2025_2617915.pdf
[info] Using scraped metadata: date=2025-12-11, case=23-1880
[ok] Wrote summary: summaries/2025-12-11/non-precedential/2025.12.11_23-1880.txt
[info] Processing uscourts link: https://www.cafc.uscourts.gov/12-11-2025-24-1820-cruz-v-dhs-opinion-24-1820-opinion-12-11-2025_2617926/
[info] Found PDF URL: https://www.cafc.uscourts.gov/opinions-orders/24-1820.OPINION.12-11-2025_2617926.pdf
[info] Case: 24-1820: CRUZ v. DHS
[info] Case Number: 24-1820
[info] Opinion Date: 2025-12-11
[info] Precedential: No
[ok] Downloaded PDF: pdfs/24-1820.OPINION.12-11-2025_2617926.pdf
[info] Extracting text from: 24-1820.OPINION.12-11-2025_2617926.pdf
[info] Summarizing: 24-1820.OPINION.12-11-2025_2617926.pdf
[info] Using scraped metadata: date=2025-12-11, case=24-1820
[ok] Wrote summary: summaries/2025-12-11/non-precedential/2025.12.11_24-1820.txt
[info] Processing uscourts link: https://www.cafc.uscourts.gov/12-11-2025-25-1973-montano-v-us-order-25-1973-order-12-11-2025_2618033/
[info] Found PDF URL: https://www.cafc.uscourts.gov/opinions-orders/25-1973.ORDER.12-11-2025_2618033.pdf
[info] Case: 25-1973: MONTANO v. US
[info] Case Number: 25-1973
[info] Opinion Date: 2025-12-11
[info] Precedential: No
[error] Failed to download PDF https://www.cafc.uscourts.gov/opinions-orders/25-1973.ORDER.12-11-2025_2618033.pdf: HTTPSConnectionPool(host='www.cafc.uscourts.gov', port=443): Max retries exceeded with url: /opinions-orders/25-1973.ORDER.12-11-2025_2618033.pdf (Caused by NameResolutionError("<urllib3.connection.HTTPSConnection object at 0x7fff19f85310>: Failed to resolve 'www.cafc.uscourts.gov' ([Errno -3] Temporary failure in name resolution)"))
[info] Processing uscourts link: https://www.cafc.uscourts.gov/12-11-2025-24-1582-first-busey-corp-v-banc-of-california-na-order-24-1582-order-12-11-2025_2618127/
[info] Found PDF URL: https://www.cafc.uscourts.gov/opinions-orders/24-1582.ORDER.12-11-2025_2618127.pdf
[info] Case: 24-1582: FIRST BUSEY CORP. v. BANC OF CALIFORNIA, N.A.
[info] Case Number: 24-1582
[info] Opinion Date: 2025-12-11
[info] Precedential: No
[error] Failed to download PDF https://www.cafc.uscourts.gov/opinions-orders/24-1582.ORDER.12-11-2025_2618127.pdf: ('Connection aborted.', RemoteDisconnected('Remote end closed connection without response'))

[info] Sending summary email (to: L&WFEDERALCIRCUITSUMMARIES@lw.com; bcc: richard.lowry@lw.com, drew.roberts@lw.com, kylerobertsnc@gmail.com)...
[ok] Summary email sent (to: L&WFEDERALCIRCUITSUMMARIES@lw.com; bcc: richard.lowry@lw.com, drew.roberts@lw.com, kylerobertsnc@gmail.com)

[ok] Processed 3 PDF(s)
[2025-12-11 12:04:49] Check completed

========================================
[2025-12-11 12:06:01] Starting Federal Circuit check...
[info] Authenticating with Gmail API...
[ok] Successfully authenticated
[info] Summaries already exist for 2025-12-11 (3 files)
[info] Skipping processing to avoid duplicates (use --force to override)

[ok] Processed 0 PDF(s)
[2025-12-11 12:06:02] Check completed

========================================
[2025-12-11 12:08:01] Starting Federal Circuit check...
[info] Authenticating with Gmail API...
[ok] Successfully authenticated
[info] Summaries already exist for 2025-12-11 (3 files)
[info] Skipping processing to avoid duplicates (use --force to override)

[ok] Processed 0 PDF(s)
[2025-12-11 12:08:02] Check completed

========================================
[2025-12-11 12:10:01] Starting Federal Circuit check...
[info] Authenticating with Gmail API...
[ok] Successfully authenticated
[info] Summaries already exist for 2025-12-11 (3 files)
[info] Skipping processing to avoid duplicates (use --force to override)

[ok] Processed 0 PDF(s)
[2025-12-11 12:10:02] Check completed

========================================
[2025-12-11 12:12:01] Starting Federal Circuit check...
[info] Authenticating with Gmail API...
[ok] Successfully authenticated
[info] Summaries already exist for 2025-12-11 (3 files)
[info] Skipping processing to avoid duplicates (use --force to override)

[ok] Processed 0 PDF(s)
[2025-12-11 12:12:02] Check completed

========================================
[2025-12-11 12:14:01] Starting Federal Circuit check...
[info] Authenticating with Gmail API...
[ok] Successfully authenticated
[info] Summaries already exist for 2025-12-11 (3 files)
[info] Skipping processing to avoid duplicates (use --force to override)

[ok] Processed 0 PDF(s)
[2025-12-11 12:14:02] Check completed

========================================
[2025-12-12 12:00:01] Starting Federal Circuit check...
[info] Authenticating with Gmail API...
[ok] Successfully authenticated
[info] Searching Gmail for: from:uscourts@updates.uscourts.gov after:2025/12/12 before:2025/12/13
[info] No emails found from uscourts@updates.uscourts.gov on 2025/12/12
[info] Searching Gmail for: from:drewwileyroberts@gmail.com after:2025/12/12 before:2025/12/13
[info] No emails found from drewwileyroberts@gmail.com on 2025/12/12

[ok] Processed 0 PDF(s)
[2025-12-12 12:00:03] Check completed

========================================
[2025-12-12 12:02:01] Starting Federal Circuit check...
[info] Authenticating with Gmail API...
[ok] Successfully authenticated
[info] Searching Gmail for: from:uscourts@updates.uscourts.gov after:2025/12/12 before:2025/12/13
[info] Found 1 email(s)
[info] Searching Gmail for: from:drewwileyroberts@gmail.com after:2025/12/12 before:2025/12/13
[info] No emails found from drewwileyroberts@gmail.com on 2025/12/12

[info] Processing email 1/1
[info] Found 5 link(s) in email
[info] Processing uscourts link: https://www.cafc.uscourts.gov/12-12-2025-23-2070-golden-v-collins-opinion-23-2070-opinion-12-12-2025_2618593/
[info] Found PDF URL: https://www.cafc.uscourts.gov/opinions-orders/23-2070.OPINION.12-12-2025_2618593.pdf
[info] Case: 23-2070: GOLDEN v. COLLINS
[info] Case Number: 23-2070
[info] Opinion Date: 2025-12-12
[info] Precedential: Yes
[ok] Downloaded PDF: pdfs/23-2070.OPINION.12-12-2025_2618593.pdf
[info] Extracting text from: 23-2070.OPINION.12-12-2025_2618593.pdf
[info] Summarizing: 23-2070.OPINION.12-12-2025_2618593.pdf
[info] Using scraped metadata: date=2025-12-12, case=23-2070
[ok] Wrote summary: summaries/2025-12-12/precedential/2025.12.12_23-2070.txt
[info] Processing uscourts link: https://www.cafc.uscourts.gov/12-12-2025-23-2087-johnson-v-collins-opinion-23-2087-opinion-12-12-2025_2618607/
[info] Found PDF URL: https://www.cafc.uscourts.gov/opinions-orders/23-2087.OPINION.12-12-2025_2618607.pdf
[info] Case: 23-2087: JOHNSON v. COLLINS
[info] Case Number: 23-2087
[info] Opinion Date: 2025-12-12
[info] Precedential: No
[ok] Downloaded PDF: pdfs/23-2087.OPINION.12-12-2025_2618607.pdf
[info] Extracting text from: 23-2087.OPINION.12-12-2025_2618607.pdf
[info] Summarizing: 23-2087.OPINION.12-12-2025_2618607.pdf
[info] Using scraped metadata: date=2025-12-12, case=23-2087
[ok] Wrote summary: summaries/2025-12-12/non-precedential/2025.12.12_23-2087.txt
[info] Processing uscourts link: https://www.cafc.uscourts.gov/12-12-2025-26-110-in-re-carter-order-26-110-order-12-12-2025_2618590/
[info] Found PDF URL: https://www.cafc.uscourts.gov/opinions-orders/26-110.ORDER.12-12-2025_2618590.pdf
[info] Case: 26-110: In Re CARTER
[info] Case Number: 26-110
[info] Opinion Date: 2025-12-12
[info] Precedential: No
[ok] Downloaded PDF: pdfs/26-110.ORDER.12-12-2025_2618590.pdf
[info] Extracting text from: 26-110.ORDER.12-12-2025_2618590.pdf
[info] Summarizing: 26-110.ORDER.12-12-2025_2618590.pdf
[info] Using scraped metadata: date=2025-12-12, case=26-110
[ok] Wrote summary: summaries/2025-12-12/non-precedential/2025.12.12_26-110.txt
[info] Processing uscourts link: https://www.cafc.uscourts.gov/12-12-2025-24-1731-lone-star-scm-systems-ltd-v-zebra-technologies-corporation-opinion-24-1731-opinion-12-12-2025_2618612/
[info] Found PDF URL: https://www.cafc.uscourts.gov/opinions-orders/24-1731.OPINION.12-12-2025_2618612.pdf
[info] Case: 24-1731: LONE STAR SCM SYSTEMS, LTD. v. ZEBRA TECHNOLOGIES CORPORATION
[info] Case Number: 24-1731
[info] Opinion Date: 2025-12-12
[info] Precedential: No
[ok] Downloaded PDF: pdfs/24-1731.OPINION.12-12-2025_2618612.pdf
[info] Extracting text from: 24-1731.OPINION.12-12-2025_2618612.pdf
[info] Summarizing: 24-1731.OPINION.12-12-2025_2618612.pdf
[info] Using scraped metadata: date=2025-12-12, case=24-1731
[ok] Wrote summary: summaries/2025-12-12/non-precedential/2025.12.12_24-1731.txt
[info] Processing uscourts link: https://www.cafc.uscourts.gov/12-11-2025-25-1534-in-re-lam-research-corp-order-25-1534-order-12-11-2025_2618268/
[info] Found PDF URL: https://www.cafc.uscourts.gov/opinions-orders/25-1534.ORDER.12-11-2025_2618268.pdf
[info] Case: 25-1534: In Re LAM RESEARCH CORP.
[info] Case Number: 25-1534
[info] Opinion Date: 2025-12-11
[info] Precedential: No
[ok] Downloaded PDF: pdfs/25-1534.ORDER.12-11-2025_2618268.pdf
[info] Extracting text from: 25-1534.ORDER.12-11-2025_2618268.pdf
[info] Summarizing: 25-1534.ORDER.12-11-2025_2618268.pdf
[info] Using scraped metadata: date=2025-12-11, case=25-1534
[ok] Wrote summary: summaries/2025-12-12/non-precedential/2025.12.11_25-1534.txt

[info] Sending summary email (to: L&WFEDERALCIRCUITSUMMARIES@lw.com; bcc: richard.lowry@lw.com, drew.roberts@lw.com, kylerobertsnc@gmail.com)...
[ok] Summary email sent (to: L&WFEDERALCIRCUITSUMMARIES@lw.com; bcc: richard.lowry@lw.com, drew.roberts@lw.com, kylerobertsnc@gmail.com)

[ok] Processed 5 PDF(s)
[2025-12-12 12:02:44] Check completed

========================================
[2025-12-12 12:04:01] Starting Federal Circuit check...
[info] Authenticating with Gmail API...
[ok] Successfully authenticated
[info] Summaries already exist for 2025-12-12 (5 files)
[info] Skipping processing to avoid duplicates (use --force to override)

[ok] Processed 0 PDF(s)
[2025-12-12 12:04:02] Check completed

========================================
[2025-12-12 12:06:01] Starting Federal Circuit check...
[info] Authenticating with Gmail API...
[ok] Successfully authenticated
[info] Summaries already exist for 2025-12-12 (5 files)
[info] Skipping processing to avoid duplicates (use --force to override)

[ok] Processed 0 PDF(s)
[2025-12-12 12:06:02] Check completed

========================================
[2025-12-12 12:08:01] Starting Federal Circuit check...
[info] Authenticating with Gmail API...
[ok] Successfully authenticated
[info] Summaries already exist for 2025-12-12 (5 files)
[info] Skipping processing to avoid duplicates (use --force to override)

[ok] Processed 0 PDF(s)
[2025-12-12 12:08:02] Check completed

========================================
[2025-12-12 12:10:01] Starting Federal Circuit check...
[info] Authenticating with Gmail API...
[ok] Successfully authenticated
[info] Summaries already exist for 2025-12-12 (5 files)
[info] Skipping processing to avoid duplicates (use --force to override)

[ok] Processed 0 PDF(s)
[2025-12-12 12:10:02] Check completed

========================================
[2025-12-12 12:12:01] Starting Federal Circuit check...
[info] Authenticating with Gmail API...
[ok] Successfully authenticated
[info] Summaries already exist for 2025-12-12 (5 files)
[info] Skipping processing to avoid duplicates (use --force to override)

[ok] Processed 0 PDF(s)
[2025-12-12 12:12:02] Check completed

========================================
[2025-12-12 12:14:01] Starting Federal Circuit check...
[info] Authenticating with Gmail API...
[ok] Successfully authenticated
[info] Summaries already exist for 2025-12-12 (5 files)
[info] Skipping processing to avoid duplicates (use --force to override)

[ok] Processed 0 PDF(s)
[2025-12-12 12:14:02] Check completed

========================================
[2025-12-15 12:00:01] Starting Federal Circuit check...
[info] Authenticating with Gmail API...
[ok] Successfully authenticated
[info] Searching Gmail for: from:uscourts@updates.uscourts.gov after:2025/12/15 before:2025/12/16
[info] No emails found from uscourts@updates.uscourts.gov on 2025/12/15
[info] Searching Gmail for: from:drewwileyroberts@gmail.com after:2025/12/15 before:2025/12/16
[info] No emails found from drewwileyroberts@gmail.com on 2025/12/15

[ok] Processed 0 PDF(s)
[2025-12-15 12:00:03] Check completed

========================================
[2025-12-15 12:02:01] Starting Federal Circuit check...
[info] Authenticating with Gmail API...
[ok] Successfully authenticated
[info] Searching Gmail for: from:uscourts@updates.uscourts.gov after:2025/12/15 before:2025/12/16
[info] Found 1 email(s)
[info] Searching Gmail for: from:drewwileyroberts@gmail.com after:2025/12/15 before:2025/12/16
[info] No emails found from drewwileyroberts@gmail.com on 2025/12/15

[info] Processing email 1/1
[info] Found 8 link(s) in email
[info] Processing uscourts link: https://www.cafc.uscourts.gov/12-15-2025-25-1597-kulkarni-v-mspb-opinion-25-1597-opinion-12-15-2025_2619258/
[info] Found PDF URL: https://www.cafc.uscourts.gov/opinions-orders/25-1597.OPINION.12-15-2025_2619258.pdf
[info] Case: 25-1597: KULKARNI v. MSPB
[info] Case Number: 25-1597
[info] Opinion Date: 2025-12-15
[info] Precedential: No
[ok] Downloaded PDF: pdfs/25-1597.OPINION.12-15-2025_2619258.pdf
[info] Extracting text from: 25-1597.OPINION.12-15-2025_2619258.pdf
[info] Summarizing: 25-1597.OPINION.12-15-2025_2619258.pdf
[info] Using scraped metadata: date=2025-12-15, case=25-1597
[ok] Wrote summary: summaries/2025-12-15/non-precedential/2025.12.15_25-1597.txt
[info] Processing uscourts link: https://www.cafc.uscourts.gov/12-15-2025-26-108-in-re-deflanders-order-26-108-order-12-15-2025_2619248/
[info] Found PDF URL: https://www.cafc.uscourts.gov/opinions-orders/26-108.ORDER.12-15-2025_2619248.pdf
[info] Case: 26-108: In Re DEFLANDERS
[info] Case Number: 26-108
[info] Opinion Date: 2025-12-15
[info] Precedential: No
[ok] Downloaded PDF: pdfs/26-108.ORDER.12-15-2025_2619248.pdf
[info] Extracting text from: 26-108.ORDER.12-15-2025_2619248.pdf
[info] Summarizing: 26-108.ORDER.12-15-2025_2619248.pdf
[info] Using scraped metadata: date=2025-12-15, case=26-108
[ok] Wrote summary: summaries/2025-12-15/non-precedential/2025.12.15_26-108.txt
[info] Processing uscourts link: https://www.cafc.uscourts.gov/12-15-2025-26-1001-carley-v-saalwaechter-inc-order-26-1001-order-12-15-2025_2619350/
[info] Found PDF URL: https://www.cafc.uscourts.gov/opinions-orders/26-1001.ORDER.12-15-2025_2619350.pdf
[info] Case: 26-1001: CARLEY v. SAALWAECHTER INC.
[info] Case Number: 26-1001
[info] Opinion Date: 2025-12-15
[info] Precedential: No
[ok] Downloaded PDF: pdfs/26-1001.ORDER.12-15-2025_2619350.pdf
[info] Extracting text from: 26-1001.ORDER.12-15-2025_2619350.pdf
[info] Summarizing: 26-1001.ORDER.12-15-2025_2619350.pdf
[info] Using scraped metadata: date=2025-12-15, case=26-1001
[ok] Wrote summary: summaries/2025-12-15/non-precedential/2025.12.15_26-1001.txt
[info] Processing uscourts link: https://www.cafc.uscourts.gov/12-15-2025-24-1755-asg-solutions-corp-v-us-opinion-24-1755-opinion-12-15-2025_2619225/
[info] Found PDF URL: https://www.cafc.uscourts.gov/opinions-orders/24-1755.OPINION.12-15-2025_2619225.pdf
[info] Case: 24-1755: ASG SOLUTIONS CORP. v. US
[info] Case Number: 24-1755
[info] Opinion Date: 2025-12-15
[info] Precedential: No
[ok] Downloaded PDF: pdfs/24-1755.OPINION.12-15-2025_2619225.pdf
[info] Extracting text from: 24-1755.OPINION.12-15-2025_2619225.pdf
[info] Summarizing: 24-1755.OPINION.12-15-2025_2619225.pdf
[info] Using scraped metadata: date=2025-12-15, case=24-1755
[ok] Wrote summary: summaries/2025-12-15/non-precedential/2025.12.15_24-1755.txt
[info] Processing uscourts link: https://www.cafc.uscourts.gov/12-15-2025-23-2056-cr-bard-inc-v-angiodynamics-inc-opinion-23-2056-opinion-12-15-2025_2619233/
[info] Found PDF URL: https://www.cafc.uscourts.gov/opinions-orders/23-2056.OPINION.12-15-2025_2619233.pdf
[info] Case: 23-2056: C.R. BARD, INC. v. ANGIODYNAMICS, INC.
[info] Case Number: 23-2056
[info] Opinion Date: 2025-12-15
[info] Precedential: No
[ok] Downloaded PDF: pdfs/23-2056.OPINION.12-15-2025_2619233.pdf
[info] Extracting text from: 23-2056.OPINION.12-15-2025_2619233.pdf
[info] Summarizing: 23-2056.OPINION.12-15-2025_2619233.pdf
[info] Using scraped metadata: date=2025-12-15, case=23-2056
[ok] Wrote summary: summaries/2025-12-15/non-precedential/2025.12.15_23-2056.txt
[info] Processing uscourts link: https://www.cafc.uscourts.gov/12-15-2025-26-114-in-re-briscoe-order-26-114-order-12-15-2025_2619299/
[info] Found PDF URL: https://www.cafc.uscourts.gov/opinions-orders/26-114.ORDER.12-15-2025_2619299.pdf
[info] Case: 26-114: In Re BRISCOE
[info] Case Number: 26-114
[info] Opinion Date: 2025-12-15
[info] Precedential: No
[ok] Downloaded PDF: pdfs/26-114.ORDER.12-15-2025_2619299.pdf
[info] Extracting text from: 26-114.ORDER.12-15-2025_2619299.pdf
[info] Summarizing: 26-114.ORDER.12-15-2025_2619299.pdf
[info] Using scraped metadata: date=2025-12-15, case=26-114
[ok] Wrote summary: summaries/2025-12-15/non-precedential/2025.12.15_26-114.txt
[info] Processing uscourts link: https://www.cafc.uscourts.gov/12-12-2025-23-1823-lesko-v-us-opinion-23-1823-opinion-12-12-2025_2618923/
[info] Found PDF URL: https://www.cafc.uscourts.gov/opinions-orders/23-1823.OPINION.12-12-2025_2618923.pdf
[info] Case: 23-1823: LESKO v. US
[info] Case Number: 23-1823
[info] Opinion Date: 2025-12-12
[info] Precedential: Yes
[ok] Downloaded PDF: pdfs/23-1823.OPINION.12-12-2025_2618923.pdf
[info] Extracting text from: 23-1823.OPINION.12-12-2025_2618923.pdf
[info] Summarizing: 23-1823.OPINION.12-12-2025_2618923.pdf
[info] Using scraped metadata: date=2025-12-12, case=23-1823
[ok] Wrote summary: summaries/2025-12-15/precedential/2025.12.12_23-1823.txt
[info] Processing uscourts link: https://www.cafc.uscourts.gov/12-15-2025-24-1617-in-re-amoss-opinion-24-1617-opinion-12-15-2025_2619327/
[info] Found PDF URL: https://www.cafc.uscourts.gov/opinions-orders/24-1617.OPINION.12-15-2025_2619327.pdf
[info] Case: 24-1617: In Re AMOSS
[info] Case Number: 24-1617
[info] Opinion Date: 2025-12-15
[info] Precedential: No
[ok] Downloaded PDF: pdfs/24-1617.OPINION.12-15-2025_2619327.pdf
[info] Extracting text from: 24-1617.OPINION.12-15-2025_2619327.pdf
[info] Summarizing: 24-1617.OPINION.12-15-2025_2619327.pdf
[info] Using scraped metadata: date=2025-12-15, case=24-1617
[ok] Wrote summary: summaries/2025-12-15/non-precedential/2025.12.15_24-1617.txt

[info] Sending summary email (to: L&WFEDERALCIRCUITSUMMARIES@lw.com; bcc: richard.lowry@lw.com, drew.roberts@lw.com, kylerobertsnc@gmail.com)...
[ok] Summary email sent (to: L&WFEDERALCIRCUITSUMMARIES@lw.com; bcc: richard.lowry@lw.com, drew.roberts@lw.com, kylerobertsnc@gmail.com)

[ok] Processed 8 PDF(s)
[2025-12-15 12:03:38] Check completed

========================================
[2025-12-15 12:04:01] Starting Federal Circuit check...
[info] Authenticating with Gmail API...
[ok] Successfully authenticated
[info] Summaries already exist for 2025-12-15 (8 files)
[info] Skipping processing to avoid duplicates (use --force to override)

[ok] Processed 0 PDF(s)
[2025-12-15 12:04:02] Check completed

========================================
[2025-12-15 12:06:01] Starting Federal Circuit check...
[info] Authenticating with Gmail API...
[ok] Successfully authenticated
[info] Summaries already exist for 2025-12-15 (8 files)
[info] Skipping processing to avoid duplicates (use --force to override)

[ok] Processed 0 PDF(s)
[2025-12-15 12:06:02] Check completed

========================================
[2025-12-15 12:08:01] Starting Federal Circuit check...
[info] Authenticating with Gmail API...
[ok] Successfully authenticated
[info] Summaries already exist for 2025-12-15 (8 files)
[info] Skipping processing to avoid duplicates (use --force to override)

[ok] Processed 0 PDF(s)
[2025-12-15 12:08:02] Check completed

========================================
[2025-12-15 12:10:01] Starting Federal Circuit check...
[info] Authenticating with Gmail API...
[ok] Successfully authenticated
[info] Summaries already exist for 2025-12-15 (8 files)
[info] Skipping processing to avoid duplicates (use --force to override)

[ok] Processed 0 PDF(s)
[2025-12-15 12:10:02] Check completed

========================================
[2025-12-15 12:12:01] Starting Federal Circuit check...
[info] Authenticating with Gmail API...
[ok] Successfully authenticated
[info] Summaries already exist for 2025-12-15 (8 files)
[info] Skipping processing to avoid duplicates (use --force to override)

[ok] Processed 0 PDF(s)
[2025-12-15 12:12:02] Check completed

========================================
[2025-12-15 12:14:01] Starting Federal Circuit check...
[info] Authenticating with Gmail API...
[ok] Successfully authenticated
[info] Summaries already exist for 2025-12-15 (8 files)
[info] Skipping processing to avoid duplicates (use --force to override)

[ok] Processed 0 PDF(s)
[2025-12-15 12:14:02] Check completed

========================================
[2025-12-16 12:00:01] Starting Federal Circuit check...
[info] Authenticating with Gmail API...
[ok] Successfully authenticated
[info] Searching Gmail for: from:uscourts@updates.uscourts.gov after:2025/12/16 before:2025/12/17
[info] No emails found from uscourts@updates.uscourts.gov on 2025/12/16
[info] Searching Gmail for: from:drewwileyroberts@gmail.com after:2025/12/16 before:2025/12/17
[info] No emails found from drewwileyroberts@gmail.com on 2025/12/16

[ok] Processed 0 PDF(s)
[2025-12-16 12:00:04] Check completed

========================================
[2025-12-16 12:02:01] Starting Federal Circuit check...
[info] Authenticating with Gmail API...
[ok] Successfully authenticated
[info] Searching Gmail for: from:uscourts@updates.uscourts.gov after:2025/12/16 before:2025/12/17
[info] Found 1 email(s)
[info] Searching Gmail for: from:drewwileyroberts@gmail.com after:2025/12/16 before:2025/12/17
[info] No emails found from drewwileyroberts@gmail.com on 2025/12/16

[info] Processing email 1/1
[info] Found 5 link(s) in email
[info] Processing uscourts link: https://www.cafc.uscourts.gov/12-16-2025-26-1125-natera-inc-v-neogenomics-laboratories-inc-order-26-1125-order-12-16-2025_2619942/
[info] Found PDF URL: https://www.cafc.uscourts.gov/opinions-orders/26-1125.ORDER.12-16-2025_2619942.pdf
[info] Case: 26-1125: NATERA, INC. v. NEOGENOMICS LABORATORIES, INC.
[info] Case Number: 26-1125
[info] Opinion Date: 2025-12-16
[info] Precedential: No
[ok] Downloaded PDF: pdfs/26-1125.ORDER.12-16-2025_2619942.pdf
[info] Extracting text from: 26-1125.ORDER.12-16-2025_2619942.pdf
[info] Summarizing: 26-1125.ORDER.12-16-2025_2619942.pdf
[info] Using scraped metadata: date=2025-12-16, case=26-1125
[ok] Wrote summary: summaries/2025-12-16/non-precedential/2025.12.16_26-1125.txt
[info] Processing uscourts link: https://www.cafc.uscourts.gov/12-16-2025-24-1550-cooperative-entertainment-inc-v-kollective-technology-inc-opinion-24-1550-opinion-12-16-2025_2619889/
[info] Found PDF URL: https://www.cafc.uscourts.gov/opinions-orders/24-1550.OPINION.12-16-2025_2619889.pdf
[info] Case: 24-1550: COOPERATIVE ENTERTAINMENT, INC. v. KOLLECTIVE TECHNOLOGY, INC.
[info] Case Number: 24-1550
[info] Opinion Date: 2025-12-16
[info] Precedential: No
[ok] Downloaded PDF: pdfs/24-1550.OPINION.12-16-2025_2619889.pdf
[info] Extracting text from: 24-1550.OPINION.12-16-2025_2619889.pdf
[info] Summarizing: 24-1550.OPINION.12-16-2025_2619889.pdf
[info] Using scraped metadata: date=2025-12-16, case=24-1550
[ok] Wrote summary: summaries/2025-12-16/non-precedential/2025.12.16_24-1550.txt
[info] Processing uscourts link: https://www.cafc.uscourts.gov/12-16-2025-25-2095-masimo-corporation-v-apple-inc-order-25-2095-order-12-16-2025_2619928/
[info] Found PDF URL: https://www.cafc.uscourts.gov/opinions-orders/25-2095.ORDER.12-16-2025_2619928.pdf
[info] Case: 25-2095: MASIMO CORPORATION v. APPLE INC.
[info] Case Number: 25-2095
[info] Opinion Date: 2025-12-16
[info] Precedential: No
[ok] Downloaded PDF: pdfs/25-2095.ORDER.12-16-2025_2619928.pdf
[info] Extracting text from: 25-2095.ORDER.12-16-2025_2619928.pdf
[info] Summarizing: 25-2095.ORDER.12-16-2025_2619928.pdf
[info] Using scraped metadata: date=2025-12-16, case=25-2095
[ok] Wrote summary: summaries/2025-12-16/non-precedential/2025.12.16_25-2095.txt
[info] Processing uscourts link: https://www.cafc.uscourts.gov/12-16-2025-24-1298-fales-v-collins-rule-36-judgment-24-1298-rule_36_judgment-12-16-2025_2619876/
[info] Found PDF URL: https://www.cafc.uscourts.gov/opinions-orders/24-1298.RULE_36_JUDGMENT.12-16-2025_2619876.pdf
[info] Case: 24-1298: FALES v. COLLINS [RULE 36 JUDGMENT]
[info] Case Number: 24-1298
[info] Opinion Date: 2025-12-16
[info] Precedential: No
[ok] Downloaded PDF: pdfs/24-1298.RULE_36_JUDGMENT.12-16-2025_2619876.pdf
[info] Extracting text from: 24-1298.RULE_36_JUDGMENT.12-16-2025_2619876.pdf
[info] Summarizing: 24-1298.RULE_36_JUDGMENT.12-16-2025_2619876.pdf
[info] Using scraped metadata: date=2025-12-16, case=24-1298
[ok] Wrote summary: summaries/2025-12-16/non-precedential/2025.12.16_24-1298.txt
[info] Processing uscourts link: https://www.cafc.uscourts.gov/12-15-2025-25-2011-intelligent-wellhead-systems-inc-v-downing-wellhead-equipment-llc-order-25-2011-order-12-15-2025_2619545/
[info] Found PDF URL: https://www.cafc.uscourts.gov/opinions-orders/25-2011.ORDER.12-15-2025_2619545.pdf
[info] Case: 25-2011: INTELLIGENT WELLHEAD SYSTEMS, INC. v. DOWNING WELLHEAD EQUIPMENT, LLC
[info] Case Number: 25-2011
[info] Opinion Date: 2025-12-15
[info] Precedential: No
[ok] Downloaded PDF: pdfs/25-2011.ORDER.12-15-2025_2619545.pdf
[info] Extracting text from: 25-2011.ORDER.12-15-2025_2619545.pdf
[info] Summarizing: 25-2011.ORDER.12-15-2025_2619545.pdf
[info] Using scraped metadata: date=2025-12-15, case=25-2011
[ok] Wrote summary: summaries/2025-12-16/non-precedential/2025.12.15_25-2011.txt

[info] Sending summary email (to: L&WFEDERALCIRCUITSUMMARIES@lw.com; bcc: richard.lowry@lw.com, drew.roberts@lw.com, kylerobertsnc@gmail.com)...
[ok] Summary email sent (to: L&WFEDERALCIRCUITSUMMARIES@lw.com; bcc: richard.lowry@lw.com, drew.roberts@lw.com, kylerobertsnc@gmail.com)

[ok] Processed 5 PDF(s)
[2025-12-16 12:02:36] Check completed

========================================
[2025-12-16 12:04:01] Starting Federal Circuit check...
[info] Authenticating with Gmail API...
[ok] Successfully authenticated
[info] Summaries already exist for 2025-12-16 (5 files)
[info] Skipping processing to avoid duplicates (use --force to override)

[ok] Processed 0 PDF(s)
[2025-12-16 12:04:02] Check completed

========================================
[2025-12-16 12:06:01] Starting Federal Circuit check...
[info] Authenticating with Gmail API...
[ok] Successfully authenticated
[info] Summaries already exist for 2025-12-16 (5 files)
[info] Skipping processing to avoid duplicates (use --force to override)

[ok] Processed 0 PDF(s)
[2025-12-16 12:06:02] Check completed

========================================
[2025-12-16 12:08:01] Starting Federal Circuit check...
[info] Authenticating with Gmail API...
[ok] Successfully authenticated
[info] Summaries already exist for 2025-12-16 (5 files)
[info] Skipping processing to avoid duplicates (use --force to override)

[ok] Processed 0 PDF(s)
[2025-12-16 12:08:02] Check completed

========================================
[2025-12-16 12:10:01] Starting Federal Circuit check...
[info] Authenticating with Gmail API...
[ok] Successfully authenticated
[info] Summaries already exist for 2025-12-16 (5 files)
[info] Skipping processing to avoid duplicates (use --force to override)

[ok] Processed 0 PDF(s)
[2025-12-16 12:10:02] Check completed

========================================
[2025-12-16 12:12:01] Starting Federal Circuit check...
[info] Authenticating with Gmail API...
[ok] Successfully authenticated
[info] Summaries already exist for 2025-12-16 (5 files)
[info] Skipping processing to avoid duplicates (use --force to override)

[ok] Processed 0 PDF(s)
[2025-12-16 12:12:02] Check completed

========================================
[2025-12-16 12:14:01] Starting Federal Circuit check...
[info] Authenticating with Gmail API...
[ok] Successfully authenticated
[info] Summaries already exist for 2025-12-16 (5 files)
[info] Skipping processing to avoid duplicates (use --force to override)

[ok] Processed 0 PDF(s)
[2025-12-16 12:14:02] Check completed

========================================
[2025-12-17 12:00:01] Starting Federal Circuit check...
[info] Authenticating with Gmail API...
[ok] Successfully authenticated
[info] Searching Gmail for: from:uscourts@updates.uscourts.gov after:2025/12/17 before:2025/12/18
[info] No emails found from uscourts@updates.uscourts.gov on 2025/12/17
[info] Searching Gmail for: from:drewwileyroberts@gmail.com after:2025/12/17 before:2025/12/18
[info] No emails found from drewwileyroberts@gmail.com on 2025/12/17

[ok] Processed 0 PDF(s)
[2025-12-17 12:00:03] Check completed

========================================
[2025-12-17 12:02:01] Starting Federal Circuit check...
[info] Authenticating with Gmail API...
[ok] Successfully authenticated
[info] Searching Gmail for: from:uscourts@updates.uscourts.gov after:2025/12/17 before:2025/12/18
[info] Found 1 email(s)
[info] Searching Gmail for: from:drewwileyroberts@gmail.com after:2025/12/17 before:2025/12/18
[info] No emails found from drewwileyroberts@gmail.com on 2025/12/17

[info] Processing email 1/1
[info] Found 9 link(s) in email
[info] Processing uscourts link: https://www.cafc.uscourts.gov/12-17-2025-24-1783-ortiz-associates-consulting-llc-v-vizio-inc-opinion-24-1783-opinion-12-17-2025_2620392/
[info] Found PDF URL: https://www.cafc.uscourts.gov/opinions-orders/24-1783.OPINION.12-17-2025_2620392.pdf
[info] Case: 24-1783: ORTIZ & ASSOCIATES CONSULTING, LLC v. VIZIO, INC.
[info] Case Number: 24-1783
[info] Opinion Date: 2025-12-17
[info] Precedential: No
[ok] Downloaded PDF: pdfs/24-1783.OPINION.12-17-2025_2620392.pdf
[info] Extracting text from: 24-1783.OPINION.12-17-2025_2620392.pdf
[info] Summarizing: 24-1783.OPINION.12-17-2025_2620392.pdf
[info] Using scraped metadata: date=2025-12-17, case=24-1783
[ok] Wrote summary: summaries/2025-12-17/non-precedential/2025.12.17_24-1783.txt
[info] Processing uscourts link: https://www.cafc.uscourts.gov/12-17-2025-24-1531-flatland-realty-llc-v-secretary-of-the-army-opinion-24-1531-opinion-12-17-2025_2620405/
[info] Found PDF URL: https://www.cafc.uscourts.gov/opinions-orders/24-1531.OPINION.12-17-2025_2620405.pdf
[info] Case: 24-1531: FLATLAND REALTY, LLC v. SECRETARY OF THE ARMY
[info] Case Number: 24-1531
[info] Opinion Date: 2025-12-17
[info] Precedential: No
[ok] Downloaded PDF: pdfs/24-1531.OPINION.12-17-2025_2620405.pdf
[info] Extracting text from: 24-1531.OPINION.12-17-2025_2620405.pdf
[info] Summarizing: 24-1531.OPINION.12-17-2025_2620405.pdf
[info] Using scraped metadata: date=2025-12-17, case=24-1531
[ok] Wrote summary: summaries/2025-12-17/non-precedential/2025.12.17_24-1531.txt
[info] Processing uscourts link: https://www.cafc.uscourts.gov/12-17-2025-26-1125-natera-inc-v-neogenomics-laboratories-inc-order-26-1125-order-12-16-2025_261125/
[info] Found PDF URL: https://www.cafc.uscourts.gov/opinions-orders/26-1125.ORDER.12-16-2025_261125.pdf
[info] Case: 26-1125: NATERA, INC. v. NEOGENOMICS LABORATORIES, INC.
[info] Case Number: 26-1125
[info] Opinion Date: 2025-12-17
[info] Precedential: No
[ok] Downloaded PDF: pdfs/26-1125.ORDER.12-16-2025_261125.pdf
[info] Extracting text from: 26-1125.ORDER.12-16-2025_261125.pdf
[info] Summarizing: 26-1125.ORDER.12-16-2025_261125.pdf
[info] Using scraped metadata: date=2025-12-17, case=26-1125
[ok] Wrote summary: summaries/2025-12-17/non-precedential/2025.12.17_26-1125.txt
[info] Processing uscourts link: https://www.cafc.uscourts.gov/12-16-2025-25-2095-masimo-corporation-v-apple-inc-order-25-2095-order-12-16-2025_25209596/
[info] Found PDF URL: https://www.cafc.uscourts.gov/opinions-orders/25-2095.ORDER.12-16-2025_25209596.pdf
[info] Case: 25-2095: MASIMO CORPORATION v. APPLE INC.
[info] Case Number: 25-2095
[info] Opinion Date: 2025-12-16
[info] Precedential: No
[ok] Downloaded PDF: pdfs/25-2095.ORDER.12-16-2025_25209596.pdf
[info] Extracting text from: 25-2095.ORDER.12-16-2025_25209596.pdf
[info] Summarizing: 25-2095.ORDER.12-16-2025_25209596.pdf
[info] Using scraped metadata: date=2025-12-16, case=25-2095
[ok] Wrote summary: summaries/2025-12-17/non-precedential/2025.12.16_25-2095.txt
[info] Processing uscourts link: https://www.cafc.uscourts.gov/12-17-2025-24-1263-laird-v-collins-opinion-24-1263-opinion-12-17-2025_2620438/
[info] Found PDF URL: https://www.cafc.uscourts.gov/opinions-orders/24-1263.OPINION.12-17-2025_2620438.pdf
[info] Case: 24-1263: LAIRD v. COLLINS
[info] Case Number: 24-1263
[info] Opinion Date: 2025-12-17
[info] Precedential: No
[ok] Downloaded PDF: pdfs/24-1263.OPINION.12-17-2025_2620438.pdf
[info] Extracting text from: 24-1263.OPINION.12-17-2025_2620438.pdf
[info] Summarizing: 24-1263.OPINION.12-17-2025_2620438.pdf
[info] Using scraped metadata: date=2025-12-17, case=24-1263
[ok] Wrote summary: summaries/2025-12-17/non-precedential/2025.12.17_24-1263.txt
[info] Processing uscourts link: https://www.cafc.uscourts.gov/12-17-2025-24-1614-rfcyber-corp-v-squires-opinion-24-1614-opinion-12-17-2025_2620416/
[info] Found PDF URL: https://www.cafc.uscourts.gov/opinions-orders/24-1614.OPINION.12-17-2025_2620416.pdf
[info] Case: 24-1614: RFCYBER CORP. v. SQUIRES
[info] Case Number: 24-1614
[info] Opinion Date: 2025-12-17
[info] Precedential: No
[ok] Downloaded PDF: pdfs/24-1614.OPINION.12-17-2025_2620416.pdf
[info] Extracting text from: 24-1614.OPINION.12-17-2025_2620416.pdf
[info] Summarizing: 24-1614.OPINION.12-17-2025_2620416.pdf
[info] Using scraped metadata: date=2025-12-17, case=24-1614
[ok] Wrote summary: summaries/2025-12-17/non-precedential/2025.12.17_24-1614.txt
[info] Processing uscourts link: https://www.cafc.uscourts.gov/12-17-2025-23-2043-wonderland-switzerland-ag-v-evenflo-company-inc-opinion-23-2043-opinion-12-17-2025_2620462/
[info] Found PDF URL: https://www.cafc.uscourts.gov/opinions-orders/23-2043.OPINION.12-17-2025_2620462.pdf
[info] Case: 23-2043: WONDERLAND SWITZERLAND AG v. EVENFLO COMPANY, INC.
[info] Case Number: 23-2043
[info] Opinion Date: 2025-12-17
[info] Precedential: Yes
[ok] Downloaded PDF: pdfs/23-2043.OPINION.12-17-2025_2620462.pdf
[info] Extracting text from: 23-2043.OPINION.12-17-2025_2620462.pdf
[info] Summarizing: 23-2043.OPINION.12-17-2025_2620462.pdf
[info] Using scraped metadata: date=2025-12-17, case=23-2043
[ok] Wrote summary: summaries/2025-12-17/precedential/2025.12.17_23-2043.txt
[info] Processing uscourts link: https://www.cafc.uscourts.gov/12-17-2025-24-1388-brimer-v-navy-opinion-24-1388-opinion-12-17-2025_2620424/
[info] Found PDF URL: https://www.cafc.uscourts.gov/opinions-orders/24-1388.OPINION.12-17-2025_2620424.pdf
[info] Case: 24-1388: BRIMER v. NAVY
[info] Case Number: 24-1388
[info] Opinion Date: 2025-12-17
[info] Precedential: Yes
[ok] Downloaded PDF: pdfs/24-1388.OPINION.12-17-2025_2620424.pdf
[info] Extracting text from: 24-1388.OPINION.12-17-2025_2620424.pdf
[info] Summarizing: 24-1388.OPINION.12-17-2025_2620424.pdf
[info] Using scraped metadata: date=2025-12-17, case=24-1388
[ok] Wrote summary: summaries/2025-12-17/precedential/2025.12.17_24-1388.txt
[info] Processing uscourts link: https://www.cafc.uscourts.gov/12-17-2025-24-1896-entropic-communications-llc-v-charter-communications-inc-opinion-24-1896-opinion-12-17-2025_2620384/
[info] Found PDF URL: https://www.cafc.uscourts.gov/opinions-orders/24-1896.OPINION.12-17-2025_2620384.pdf
[info] Case: 24-1896: ENTROPIC COMMUNICATIONS, LLC v. CHARTER COMMUNICATIONS, INC.
[info] Case Number: 24-1896
[info] Opinion Date: 2025-12-17
[info] Precedential: No
[ok] Downloaded PDF: pdfs/24-1896.OPINION.12-17-2025_2620384.pdf
[info] Extracting text from: 24-1896.OPINION.12-17-2025_2620384.pdf
[info] Summarizing: 24-1896.OPINION.12-17-2025_2620384.pdf
[info] Using scraped metadata: date=2025-12-17, case=24-1896
[ok] Wrote summary: summaries/2025-12-17/non-precedential/2025.12.17_24-1896.txt

[info] Sending summary email (to: L&WFEDERALCIRCUITSUMMARIES@lw.com; bcc: richard.lowry@lw.com, drew.roberts@lw.com, kylerobertsnc@gmail.com)...
[ok] Summary email sent (to: L&WFEDERALCIRCUITSUMMARIES@lw.com; bcc: richard.lowry@lw.com, drew.roberts@lw.com, kylerobertsnc@gmail.com)

[ok] Processed 9 PDF(s)
[2025-12-17 12:03:24] Check completed

========================================
[2025-12-17 12:04:01] Starting Federal Circuit check...
[info] Authenticating with Gmail API...
[ok] Successfully authenticated
[info] Summaries already exist for 2025-12-17 (9 files)
[info] Skipping processing to avoid duplicates (use --force to override)

[ok] Processed 0 PDF(s)
[2025-12-17 12:04:02] Check completed

========================================
[2025-12-17 12:06:01] Starting Federal Circuit check...
[info] Authenticating with Gmail API...
[ok] Successfully authenticated
[info] Summaries already exist for 2025-12-17 (9 files)
[info] Skipping processing to avoid duplicates (use --force to override)

[ok] Processed 0 PDF(s)
[2025-12-17 12:06:02] Check completed

========================================
[2025-12-17 12:08:01] Starting Federal Circuit check...
[info] Authenticating with Gmail API...
[ok] Successfully authenticated
[info] Summaries already exist for 2025-12-17 (9 files)
[info] Skipping processing to avoid duplicates (use --force to override)

[ok] Processed 0 PDF(s)
[2025-12-17 12:08:02] Check completed

========================================
[2025-12-17 12:10:01] Starting Federal Circuit check...
[info] Authenticating with Gmail API...
[ok] Successfully authenticated
[info] Summaries already exist for 2025-12-17 (9 files)
[info] Skipping processing to avoid duplicates (use --force to override)

[ok] Processed 0 PDF(s)
[2025-12-17 12:10:02] Check completed

========================================
[2025-12-17 12:12:01] Starting Federal Circuit check...
[info] Authenticating with Gmail API...
[ok] Successfully authenticated
[info] Summaries already exist for 2025-12-17 (9 files)
[info] Skipping processing to avoid duplicates (use --force to override)

[ok] Processed 0 PDF(s)
[2025-12-17 12:12:02] Check completed

========================================
[2025-12-17 12:14:01] Starting Federal Circuit check...
[info] Authenticating with Gmail API...
[ok] Successfully authenticated
[info] Summaries already exist for 2025-12-17 (9 files)
[info] Skipping processing to avoid duplicates (use --force to override)

[ok] Processed 0 PDF(s)
[2025-12-17 12:14:02] Check completed

========================================
[2025-12-18 12:00:01] Starting Federal Circuit check...
[info] Authenticating with Gmail API...
[ok] Successfully authenticated
[info] Searching Gmail for: from:uscourts@updates.uscourts.gov after:2025/12/18 before:2025/12/19
[info] No emails found from uscourts@updates.uscourts.gov on 2025/12/18
[info] Searching Gmail for: from:drewwileyroberts@gmail.com after:2025/12/18 before:2025/12/19
[info] No emails found from drewwileyroberts@gmail.com on 2025/12/18

[ok] Processed 0 PDF(s)
[2025-12-18 12:00:03] Check completed

========================================
[2025-12-18 12:02:01] Starting Federal Circuit check...
[info] Authenticating with Gmail API...
[ok] Successfully authenticated
[info] Searching Gmail for: from:uscourts@updates.uscourts.gov after:2025/12/18 before:2025/12/19
[info] Found 1 email(s)
[info] Searching Gmail for: from:drewwileyroberts@gmail.com after:2025/12/18 before:2025/12/19
[info] No emails found from drewwileyroberts@gmail.com on 2025/12/18

[info] Processing email 1/1
[info] Found 3 link(s) in email
[info] Processing uscourts link: https://www.cafc.uscourts.gov/12-18-2025-23-2007-micron-technology-inc-v-longhorn-ip-llc-opinion-23-2007-opinion-12-18-2025_2621143/
[info] Found PDF URL: https://www.cafc.uscourts.gov/opinions-orders/23-2007.OPINION.12-18-2025_2621143.pdf
[info] Case: 23-2007: MICRON TECHNOLOGY INC. v. LONGHORN IP LLC
[info] Case Number: 23-2007
[info] Opinion Date: 2025-12-18
[info] Precedential: Yes
[ok] Downloaded PDF: pdfs/23-2007.OPINION.12-18-2025_2621143.pdf
[info] Extracting text from: 23-2007.OPINION.12-18-2025_2621143.pdf
[info] Summarizing: 23-2007.OPINION.12-18-2025_2621143.pdf
[info] Using scraped metadata: date=2025-12-18, case=23-2007
[ok] Wrote summary: summaries/2025-12-18/precedential/2025.12.18_23-2007.txt
[info] Processing uscourts link: https://www.cafc.uscourts.gov/12-18-2025-24-1644-mutakaber-v-secretary-of-state-opinion-24-1644-opinion-12-18-2025_2621183/
[info] Found PDF URL: https://www.cafc.uscourts.gov/opinions-orders/24-1644.OPINION.12-18-2025_2621183.pdf
[info] Case: 24-1644: MUTAKABER v. SECRETARY OF STATE
[info] Case Number: 24-1644
[info] Opinion Date: 2025-12-18
[info] Precedential: Yes
[ok] Downloaded PDF: pdfs/24-1644.OPINION.12-18-2025_2621183.pdf
[info] Extracting text from: 24-1644.OPINION.12-18-2025_2621183.pdf
[info] Summarizing: 24-1644.OPINION.12-18-2025_2621183.pdf
[info] Using scraped metadata: date=2025-12-18, case=24-1644
[ok] Wrote summary: summaries/2025-12-18/precedential/2025.12.18_24-1644.txt
[info] Processing uscourts link: https://www.cafc.uscourts.gov/12-17-2025-25-2141-prewitt-v-collins-order-25-2141-order-12-17-2025_2620671/
[info] Found PDF URL: https://www.cafc.uscourts.gov/opinions-orders/25-2141.ORDER.12-17-2025_2620671.pdf
[info] Case: 25-2141: PREWITT v. COLLINS
[info] Case Number: 25-2141
[info] Opinion Date: 2025-12-17
[info] Precedential: No
[ok] Downloaded PDF: pdfs/25-2141.ORDER.12-17-2025_2620671.pdf
[info] Extracting text from: 25-2141.ORDER.12-17-2025_2620671.pdf
[info] Summarizing: 25-2141.ORDER.12-17-2025_2620671.pdf
[info] Using scraped metadata: date=2025-12-17, case=25-2141
[ok] Wrote summary: summaries/2025-12-18/non-precedential/2025.12.17_25-2141.txt

[info] Sending summary email (to: L&WFEDERALCIRCUITSUMMARIES@lw.com; bcc: richard.lowry@lw.com, drew.roberts@lw.com, kylerobertsnc@gmail.com)...
[ok] Summary email sent (to: L&WFEDERALCIRCUITSUMMARIES@lw.com; bcc: richard.lowry@lw.com, drew.roberts@lw.com, kylerobertsnc@gmail.com)

[ok] Processed 3 PDF(s)
[2025-12-18 12:02:27] Check completed

========================================
[2025-12-18 12:04:01] Starting Federal Circuit check...
[info] Authenticating with Gmail API...
[ok] Successfully authenticated
[info] Summaries already exist for 2025-12-18 (3 files)
[info] Skipping processing to avoid duplicates (use --force to override)

[ok] Processed 0 PDF(s)
[2025-12-18 12:04:02] Check completed

========================================
[2025-12-18 12:06:01] Starting Federal Circuit check...
[info] Authenticating with Gmail API...
[ok] Successfully authenticated
[info] Summaries already exist for 2025-12-18 (3 files)
[info] Skipping processing to avoid duplicates (use --force to override)

[ok] Processed 0 PDF(s)
[2025-12-18 12:06:02] Check completed

========================================
[2025-12-18 12:08:01] Starting Federal Circuit check...
[info] Authenticating with Gmail API...
[ok] Successfully authenticated
[info] Summaries already exist for 2025-12-18 (3 files)
[info] Skipping processing to avoid duplicates (use --force to override)

[ok] Processed 0 PDF(s)
[2025-12-18 12:08:02] Check completed

========================================
[2025-12-18 12:10:01] Starting Federal Circuit check...
[info] Authenticating with Gmail API...
[ok] Successfully authenticated
[info] Summaries already exist for 2025-12-18 (3 files)
[info] Skipping processing to avoid duplicates (use --force to override)

[ok] Processed 0 PDF(s)
[2025-12-18 12:10:02] Check completed

========================================
[2025-12-18 12:12:01] Starting Federal Circuit check...
[info] Authenticating with Gmail API...
[ok] Successfully authenticated
[info] Summaries already exist for 2025-12-18 (3 files)
[info] Skipping processing to avoid duplicates (use --force to override)

[ok] Processed 0 PDF(s)
[2025-12-18 12:12:02] Check completed

========================================
[2025-12-18 12:14:01] Starting Federal Circuit check...
[info] Authenticating with Gmail API...
[ok] Successfully authenticated
[info] Summaries already exist for 2025-12-18 (3 files)
[info] Skipping processing to avoid duplicates (use --force to override)

[ok] Processed 0 PDF(s)
[2025-12-18 12:14:02] Check completed

========================================
[2025-12-19 12:00:01] Starting Federal Circuit check...
[info] Authenticating with Gmail API...
[ok] Successfully authenticated
[info] Searching Gmail for: from:uscourts@updates.uscourts.gov after:2025/12/19 before:2025/12/20
[info] No emails found from uscourts@updates.uscourts.gov on 2025/12/19
[info] Searching Gmail for: from:drewwileyroberts@gmail.com after:2025/12/19 before:2025/12/20
[info] No emails found from drewwileyroberts@gmail.com on 2025/12/19

[ok] Processed 0 PDF(s)
[2025-12-19 12:00:02] Check completed

========================================
[2025-12-19 12:02:01] Starting Federal Circuit check...
[info] Authenticating with Gmail API...
[ok] Successfully authenticated
[info] Searching Gmail for: from:uscourts@updates.uscourts.gov after:2025/12/19 before:2025/12/20
[info] Found 1 email(s)
[info] Searching Gmail for: from:drewwileyroberts@gmail.com after:2025/12/19 before:2025/12/20
[info] No emails found from drewwileyroberts@gmail.com on 2025/12/19

[info] Processing email 1/1
[info] Found 6 link(s) in email
[info] Processing uscourts link: https://www.cafc.uscourts.gov/12-18-2025-25-1836-hoppe-v-collins-order-25-1836-order-12-18-2025_2621608/
[info] Found PDF URL: https://www.cafc.uscourts.gov/opinions-orders/25-1836.ORDER.12-18-2025_2621608.pdf
[info] Case: 25-1836: HOPPE v. COLLINS
[info] Case Number: 25-1836
[info] Opinion Date: 2025-12-18
[info] Precedential: No
[ok] Downloaded PDF: pdfs/25-1836.ORDER.12-18-2025_2621608.pdf
[info] Extracting text from: 25-1836.ORDER.12-18-2025_2621608.pdf
[info] Summarizing: 25-1836.ORDER.12-18-2025_2621608.pdf
[info] Using scraped metadata: date=2025-12-18, case=25-1836
[ok] Wrote summary: summaries/2025-12-19/non-precedential/2025.12.18_25-1836.txt
[info] Processing uscourts link: https://www.cafc.uscourts.gov/12-18-2025-26-1198-mcfadden-v-dhs-order-26-1198-order-12-18-2025_2621368/
[info] Found PDF URL: https://www.cafc.uscourts.gov/opinions-orders/26-1198.ORDER.12-18-2025_2621368.pdf
[info] Case: 26-1198: MCFADDEN v. DHS
[info] Case Number: 26-1198
[info] Opinion Date: 2025-12-18
[info] Precedential: No
[ok] Downloaded PDF: pdfs/26-1198.ORDER.12-18-2025_2621368.pdf
[info] Extracting text from: 26-1198.ORDER.12-18-2025_2621368.pdf
[info] Summarizing: 26-1198.ORDER.12-18-2025_2621368.pdf
[info] Using scraped metadata: date=2025-12-18, case=26-1198
[ok] Wrote summary: summaries/2025-12-19/non-precedential/2025.12.18_26-1198.txt
[info] Processing uscourts link: https://www.cafc.uscourts.gov/12-19-2025-24-1624-apple-inc-v-smart-mobile-technologies-llc-opinion-24-1624-opinion-12-19-2025_2621810/
[info] Found PDF URL: https://www.cafc.uscourts.gov/opinions-orders/24-1624.OPINION.12-19-2025_2621810.pdf
[info] Case: 24-1624: APPLE INC. v. SMART MOBILE TECHNOLOGIES LLC
[info] Case Number: 24-1624
[info] Opinion Date: 2025-12-19
[info] Precedential: No
[ok] Downloaded PDF: pdfs/24-1624.OPINION.12-19-2025_2621810.pdf
[info] Extracting text from: 24-1624.OPINION.12-19-2025_2621810.pdf
[info] Summarizing: 24-1624.OPINION.12-19-2025_2621810.pdf
[info] Using scraped metadata: date=2025-12-19, case=24-1624
[ok] Wrote summary: summaries/2025-12-19/non-precedential/2025.12.19_24-1624.txt
[info] Processing uscourts link: https://www.cafc.uscourts.gov/12-19-2025-24-1322-memoryweb-llc-v-samsung-electronics-co-ltd-opinion-24-1322-opinion-12-19-2025_2621829/
[info] Found PDF URL: https://www.cafc.uscourts.gov/opinions-orders/24-1322.OPINION.12-19-2025_2621829.pdf
[info] Case: 24-1322: MEMORYWEB, LLC v. SAMSUNG ELECTRONICS CO., LTD.
[info] Case Number: 24-1322
[info] Opinion Date: 2025-12-19
[info] Precedential: No
[ok] Downloaded PDF: pdfs/24-1322.OPINION.12-19-2025_2621829.pdf
[info] Extracting text from: 24-1322.OPINION.12-19-2025_2621829.pdf
[info] Summarizing: 24-1322.OPINION.12-19-2025_2621829.pdf
[info] Using scraped metadata: date=2025-12-19, case=24-1322
[ok] Wrote summary: summaries/2025-12-19/non-precedential/2025.12.19_24-1322.txt
[info] Processing uscourts link: https://www.cafc.uscourts.gov/12-18-2025-25-1838-hoppe-v-collins-order-25-1838-order-12-18-2025_2621613/
[info] Found PDF URL: https://www.cafc.uscourts.gov/opinions-orders/25-1838.ORDER.12-18-2025_2621613.pdf
[info] Case: 25-1838: HOPPE v. COLLINS
[info] Case Number: 25-1838
[info] Opinion Date: 2025-12-18
[info] Precedential: No
[ok] Downloaded PDF: pdfs/25-1838.ORDER.12-18-2025_2621613.pdf
[info] Extracting text from: 25-1838.ORDER.12-18-2025_2621613.pdf
[info] Summarizing: 25-1838.ORDER.12-18-2025_2621613.pdf
[info] Using scraped metadata: date=2025-12-18, case=25-1838
[ok] Wrote summary: summaries/2025-12-19/non-precedential/2025.12.18_25-1838.txt
[info] Processing uscourts link: https://www.cafc.uscourts.gov/12-19-2025-24-1384-kioxia-corporation-v-viasat-inc-opinion-24-1384-opinion-12-19-2025_2621821/
[info] Found PDF URL: https://www.cafc.uscourts.gov/opinions-orders/24-1384.OPINION.12-19-2025_2621821.pdf
[info] Case: 24-1384: KIOXIA CORPORATION v. VIASAT, INC.
[info] Case Number: 24-1384
[info] Opinion Date: 2025-12-19
[info] Precedential: No
[ok] Downloaded PDF: pdfs/24-1384.OPINION.12-19-2025_2621821.pdf
[info] Extracting text from: 24-1384.OPINION.12-19-2025_2621821.pdf
[info] Summarizing: 24-1384.OPINION.12-19-2025_2621821.pdf
[info] Using scraped metadata: date=2025-12-19, case=24-1384
[ok] Wrote summary: summaries/2025-12-19/non-precedential/2025.12.19_24-1384.txt

[info] Sending summary email (to: L&WFEDERALCIRCUITSUMMARIES@lw.com; bcc: richard.lowry@lw.com, drew.roberts@lw.com, kylerobertsnc@gmail.com)...
[ok] Summary email sent (to: L&WFEDERALCIRCUITSUMMARIES@lw.com; bcc: richard.lowry@lw.com, drew.roberts@lw.com, kylerobertsnc@gmail.com)

[ok] Processed 6 PDF(s)
[2025-12-19 12:02:48] Check completed

========================================
[2025-12-19 12:04:01] Starting Federal Circuit check...
[info] Authenticating with Gmail API...
[ok] Successfully authenticated
[info] Summaries already exist for 2025-12-19 (6 files)
[info] Skipping processing to avoid duplicates (use --force to override)

[ok] Processed 0 PDF(s)
[2025-12-19 12:04:02] Check completed

========================================
[2025-12-19 12:06:01] Starting Federal Circuit check...
[info] Authenticating with Gmail API...
[ok] Successfully authenticated
[info] Summaries already exist for 2025-12-19 (6 files)
[info] Skipping processing to avoid duplicates (use --force to override)

[ok] Processed 0 PDF(s)
[2025-12-19 12:06:02] Check completed

========================================
[2025-12-19 12:08:01] Starting Federal Circuit check...
[info] Authenticating with Gmail API...
[ok] Successfully authenticated
[info] Summaries already exist for 2025-12-19 (6 files)
[info] Skipping processing to avoid duplicates (use --force to override)

[ok] Processed 0 PDF(s)
[2025-12-19 12:08:02] Check completed

========================================
[2025-12-19 12:10:01] Starting Federal Circuit check...
[info] Authenticating with Gmail API...
[ok] Successfully authenticated
[info] Summaries already exist for 2025-12-19 (6 files)
[info] Skipping processing to avoid duplicates (use --force to override)

[ok] Processed 0 PDF(s)
[2025-12-19 12:10:02] Check completed

========================================
[2025-12-19 12:12:01] Starting Federal Circuit check...
[info] Authenticating with Gmail API...
[ok] Successfully authenticated
[info] Summaries already exist for 2025-12-19 (6 files)
[info] Skipping processing to avoid duplicates (use --force to override)

[ok] Processed 0 PDF(s)
[2025-12-19 12:12:02] Check completed

========================================
[2025-12-19 12:14:01] Starting Federal Circuit check...
[info] Authenticating with Gmail API...
[ok] Successfully authenticated
[info] Summaries already exist for 2025-12-19 (6 files)
[info] Skipping processing to avoid duplicates (use --force to override)

[ok] Processed 0 PDF(s)
[2025-12-19 12:14:02] Check completed

========================================
[2025-12-22 12:00:01] Starting Federal Circuit check...
[info] Authenticating with Gmail API...
[ok] Successfully authenticated
[info] Searching Gmail for: from:uscourts@updates.uscourts.gov after:2025/12/22 before:2025/12/23
[info] No emails found from uscourts@updates.uscourts.gov on 2025/12/22
[info] Searching Gmail for: from:drewwileyroberts@gmail.com after:2025/12/22 before:2025/12/23
[info] No emails found from drewwileyroberts@gmail.com on 2025/12/22

[ok] Processed 0 PDF(s)
[2025-12-22 12:00:03] Check completed

========================================
[2025-12-22 12:02:01] Starting Federal Circuit check...
Traceback (most recent call last):
  File "<frozen runpy>", line 198, in _run_module_as_main
  File "<frozen runpy>", line 88, in _run_code
  File "/home/pi/case-summarizer/summarizer/gmail_cli.py", line 116, in <module>
    raise SystemExit(main())
                     ~~~~^^
  File "/home/pi/case-summarizer/summarizer/gmail_cli.py", line 99, in main
    pdf_count = process_court_emails(
        service=service,
    ...<7 lines>...
        force=args.force,
    )
  File "/home/pi/case-summarizer/summarizer/gmail_checker.py", line 605, in process_court_emails
    result = summarize_text(text, prompt_file=prompt_file, opinion_date=opinion_date, case_number=case_number)
  File "/home/pi/case-summarizer/summarizer/openai_summarizer.py", line 299, in summarize_text
    structured_info = _extract_structured_info(client, model, text)
  File "/home/pi/case-summarizer/summarizer/openai_summarizer.py", line 232, in _extract_structured_info
    response = _call_model(client, model, structured_prompt, sample)
  File "/home/pi/case-summarizer/summarizer/openai_summarizer.py", line 61, in _call_model
    response = client.chat.completions.create(
        model=model,
    ...<4 lines>...
        temperature=0.2,
    )
  File "/home/pi/case-summarizer/.venv/lib/python3.13/site-packages/openai/_utils/_utils.py", line 286, in wrapper
    return func(*args, **kwargs)
  File "/home/pi/case-summarizer/.venv/lib/python3.13/site-packages/openai/resources/chat/completions/completions.py", line 1156, in create
    return self._post(
           ~~~~~~~~~~^
        "/chat/completions",
        ^^^^^^^^^^^^^^^^^^^^
    ...<46 lines>...
        stream_cls=Stream[ChatCompletionChunk],
        ^^^^^^^^^^^^^^^^^^^^^^^^^^^^^^^^^^^^^^^
    )
    ^
  File "/home/pi/case-summarizer/.venv/lib/python3.13/site-packages/openai/_base_client.py", line 1259, in post
    return cast(ResponseT, self.request(cast_to, opts, stream=stream, stream_cls=stream_cls))
                           ~~~~~~~~~~~~^^^^^^^^^^^^^^^^^^^^^^^^^^^^^^^^^^^^^^^^^^^^^^^^^^^^^
  File "/home/pi/case-summarizer/.venv/lib/python3.13/site-packages/openai/_base_client.py", line 1047, in request
    raise self._make_status_error_from_response(err.response) from None
openai.RateLimitError: Error code: 429 - {'error': {'message': 'You exceeded your current quota, please check your plan and billing details. For more information on this error, read the docs: https://platform.openai.com/docs/guides/error-codes/api-errors.', 'type': 'insufficient_quota', 'param': None, 'code': 'insufficient_quota'}}
[info] Authenticating with Gmail API...
[ok] Successfully authenticated
[info] Searching Gmail for: from:uscourts@updates.uscourts.gov after:2025/12/22 before:2025/12/23
[info] Found 1 email(s)
[info] Searching Gmail for: from:drewwileyroberts@gmail.com after:2025/12/22 before:2025/12/23
[info] No emails found from drewwileyroberts@gmail.com on 2025/12/22

[info] Processing email 1/1
[info] Found 2 link(s) in email
[info] Processing uscourts link: https://www.cafc.uscourts.gov/12-22-2025-23-1363-ablan-v-us-opinion-23-1363-opinion-12-22-2025_2622469/
[info] Found PDF URL: https://www.cafc.uscourts.gov/opinions-orders/23-1363.OPINION.12-22-2025_2622469.pdf
[info] Case: 23-1363: ABLAN v. US
[info] Case Number: 23-1363
[info] Opinion Date: 2025-12-22
[info] Precedential: Yes
[ok] Downloaded PDF: pdfs/23-1363.OPINION.12-22-2025_2622469.pdf
[info] Extracting text from: 23-1363.OPINION.12-22-2025_2622469.pdf
[info] Summarizing: 23-1363.OPINION.12-22-2025_2622469.pdf
[info] Using scraped metadata: date=2025-12-22, case=23-1363
[ok] Wrote summary: summaries/2025-12-22/precedential/2025.12.22_23-1363.txt
[info] Processing uscourts link: https://www.cafc.uscourts.gov/12-22-2025-24-1372-white-v-hhs-opinion-24-1372-opinion-12-22-2025_2622454/
[info] Found PDF URL: https://www.cafc.uscourts.gov/opinions-orders/24-1372.OPINION.12-22-2025_2622454.pdf
[info] Case: 24-1372: WHITE v. HHS
[info] Case Number: 24-1372
[info] Opinion Date: 2025-12-22
[info] Precedential: Yes
[ok] Downloaded PDF: pdfs/24-1372.OPINION.12-22-2025_2622454.pdf
[info] Extracting text from: 24-1372.OPINION.12-22-2025_2622454.pdf
[info] Summarizing: 24-1372.OPINION.12-22-2025_2622454.pdf
[info] Using scraped metadata: date=2025-12-22, case=24-1372
[2025-12-22 12:02:24] Check completed

========================================
[2025-12-22 12:04:01] Starting Federal Circuit check...
[info] Authenticating with Gmail API...
[ok] Successfully authenticated
[info] Summaries already exist for 2025-12-22 (1 files)
[info] Skipping processing to avoid duplicates (use --force to override)

[ok] Processed 0 PDF(s)
[2025-12-22 12:04:02] Check completed

========================================
[2025-12-22 12:06:01] Starting Federal Circuit check...
[info] Authenticating with Gmail API...
[ok] Successfully authenticated
[info] Summaries already exist for 2025-12-22 (1 files)
[info] Skipping processing to avoid duplicates (use --force to override)

[ok] Processed 0 PDF(s)
[2025-12-22 12:06:02] Check completed

========================================
[2025-12-22 12:08:01] Starting Federal Circuit check...
[info] Authenticating with Gmail API...
[ok] Successfully authenticated
[info] Summaries already exist for 2025-12-22 (1 files)
[info] Skipping processing to avoid duplicates (use --force to override)

[ok] Processed 0 PDF(s)
[2025-12-22 12:08:02] Check completed

========================================
[2025-12-22 12:10:01] Starting Federal Circuit check...
[info] Authenticating with Gmail API...
[ok] Successfully authenticated
[info] Summaries already exist for 2025-12-22 (1 files)
[info] Skipping processing to avoid duplicates (use --force to override)

[ok] Processed 0 PDF(s)
[2025-12-22 12:10:02] Check completed

========================================
[2025-12-22 12:12:01] Starting Federal Circuit check...
[info] Authenticating with Gmail API...
[ok] Successfully authenticated
[info] Summaries already exist for 2025-12-22 (1 files)
[info] Skipping processing to avoid duplicates (use --force to override)

[ok] Processed 0 PDF(s)
[2025-12-22 12:12:02] Check completed

========================================
[2025-12-22 12:14:01] Starting Federal Circuit check...
[info] Authenticating with Gmail API...
[ok] Successfully authenticated
[info] Summaries already exist for 2025-12-22 (1 files)
[info] Skipping processing to avoid duplicates (use --force to override)

[ok] Processed 0 PDF(s)
[2025-12-22 12:14:02] Check completed

========================================
[2025-12-23 12:00:01] Starting Federal Circuit check...
[info] Authenticating with Gmail API...
[ok] Successfully authenticated
[info] Searching Gmail for: from:uscourts@updates.uscourts.gov after:2025/12/23 before:2025/12/24
[info] No emails found from uscourts@updates.uscourts.gov on 2025/12/23
[info] Searching Gmail for: from:drewwileyroberts@gmail.com after:2025/12/23 before:2025/12/24
[info] No emails found from drewwileyroberts@gmail.com on 2025/12/23

[ok] Processed 0 PDF(s)
[2025-12-23 12:00:02] Check completed

========================================
[2025-12-23 12:02:01] Starting Federal Circuit check...
Traceback (most recent call last):
  File "<frozen runpy>", line 198, in _run_module_as_main
  File "<frozen runpy>", line 88, in _run_code
  File "/home/pi/case-summarizer/summarizer/gmail_cli.py", line 116, in <module>
    raise SystemExit(main())
                     ~~~~^^
  File "/home/pi/case-summarizer/summarizer/gmail_cli.py", line 99, in main
    pdf_count = process_court_emails(
        service=service,
    ...<7 lines>...
        force=args.force,
    )
  File "/home/pi/case-summarizer/summarizer/gmail_checker.py", line 605, in process_court_emails
    result = summarize_text(text, prompt_file=prompt_file, opinion_date=opinion_date, case_number=case_number)
  File "/home/pi/case-summarizer/summarizer/openai_summarizer.py", line 299, in summarize_text
    structured_info = _extract_structured_info(client, model, text)
  File "/home/pi/case-summarizer/summarizer/openai_summarizer.py", line 232, in _extract_structured_info
    response = _call_model(client, model, structured_prompt, sample)
  File "/home/pi/case-summarizer/summarizer/openai_summarizer.py", line 61, in _call_model
    response = client.chat.completions.create(
        model=model,
    ...<4 lines>...
        temperature=0.2,
    )
  File "/home/pi/case-summarizer/.venv/lib/python3.13/site-packages/openai/_utils/_utils.py", line 286, in wrapper
    return func(*args, **kwargs)
  File "/home/pi/case-summarizer/.venv/lib/python3.13/site-packages/openai/resources/chat/completions/completions.py", line 1156, in create
    return self._post(
           ~~~~~~~~~~^
        "/chat/completions",
        ^^^^^^^^^^^^^^^^^^^^
    ...<46 lines>...
        stream_cls=Stream[ChatCompletionChunk],
        ^^^^^^^^^^^^^^^^^^^^^^^^^^^^^^^^^^^^^^^
    )
    ^
  File "/home/pi/case-summarizer/.venv/lib/python3.13/site-packages/openai/_base_client.py", line 1259, in post
    return cast(ResponseT, self.request(cast_to, opts, stream=stream, stream_cls=stream_cls))
                           ~~~~~~~~~~~~^^^^^^^^^^^^^^^^^^^^^^^^^^^^^^^^^^^^^^^^^^^^^^^^^^^^^
  File "/home/pi/case-summarizer/.venv/lib/python3.13/site-packages/openai/_base_client.py", line 1047, in request
    raise self._make_status_error_from_response(err.response) from None
openai.RateLimitError: Error code: 429 - {'error': {'message': 'You exceeded your current quota, please check your plan and billing details. For more information on this error, read the docs: https://platform.openai.com/docs/guides/error-codes/api-errors.', 'type': 'insufficient_quota', 'param': None, 'code': 'insufficient_quota'}}
[info] Authenticating with Gmail API...
[ok] Successfully authenticated
[info] Searching Gmail for: from:uscourts@updates.uscourts.gov after:2025/12/23 before:2025/12/24
[info] Found 1 email(s)
[info] Searching Gmail for: from:drewwileyroberts@gmail.com after:2025/12/23 before:2025/12/24
[info] No emails found from drewwileyroberts@gmail.com on 2025/12/23

[info] Processing email 1/1
[info] Found 4 link(s) in email
[info] Processing uscourts link: https://www.cafc.uscourts.gov/12-23-2025-24-1381-ethanol-boosting-systems-llc-v-ford-motor-company-opinion-24-1381-opinion-12-23-2025_2623346/
[info] Found PDF URL: https://www.cafc.uscourts.gov/opinions-orders/24-1381.OPINION.12-23-2025_2623346.pdf
[info] Case: 24-1381: ETHANOL BOOSTING SYSTEMS, LLC v. FORD MOTOR COMPANY
[info] Case Number: 24-1381
[info] Opinion Date: 2025-12-23
[info] Precedential: Yes
[ok] Downloaded PDF: pdfs/24-1381.OPINION.12-23-2025_2623346.pdf
[info] Extracting text from: 24-1381.OPINION.12-23-2025_2623346.pdf
[info] Summarizing: 24-1381.OPINION.12-23-2025_2623346.pdf
[info] Using scraped metadata: date=2025-12-23, case=24-1381
[2025-12-23 12:02:10] Check completed

========================================
[2025-12-23 12:04:01] Starting Federal Circuit check...
Traceback (most recent call last):
  File "<frozen runpy>", line 198, in _run_module_as_main
  File "<frozen runpy>", line 88, in _run_code
  File "/home/pi/case-summarizer/summarizer/gmail_cli.py", line 116, in <module>
    raise SystemExit(main())
                     ~~~~^^
  File "/home/pi/case-summarizer/summarizer/gmail_cli.py", line 99, in main
    pdf_count = process_court_emails(
        service=service,
    ...<7 lines>...
        force=args.force,
    )
  File "/home/pi/case-summarizer/summarizer/gmail_checker.py", line 605, in process_court_emails
    result = summarize_text(text, prompt_file=prompt_file, opinion_date=opinion_date, case_number=case_number)
  File "/home/pi/case-summarizer/summarizer/openai_summarizer.py", line 299, in summarize_text
    structured_info = _extract_structured_info(client, model, text)
  File "/home/pi/case-summarizer/summarizer/openai_summarizer.py", line 232, in _extract_structured_info
    response = _call_model(client, model, structured_prompt, sample)
  File "/home/pi/case-summarizer/summarizer/openai_summarizer.py", line 61, in _call_model
    response = client.chat.completions.create(
        model=model,
    ...<4 lines>...
        temperature=0.2,
    )
  File "/home/pi/case-summarizer/.venv/lib/python3.13/site-packages/openai/_utils/_utils.py", line 286, in wrapper
    return func(*args, **kwargs)
  File "/home/pi/case-summarizer/.venv/lib/python3.13/site-packages/openai/resources/chat/completions/completions.py", line 1156, in create
    return self._post(
           ~~~~~~~~~~^
        "/chat/completions",
        ^^^^^^^^^^^^^^^^^^^^
    ...<46 lines>...
        stream_cls=Stream[ChatCompletionChunk],
        ^^^^^^^^^^^^^^^^^^^^^^^^^^^^^^^^^^^^^^^
    )
    ^
  File "/home/pi/case-summarizer/.venv/lib/python3.13/site-packages/openai/_base_client.py", line 1259, in post
    return cast(ResponseT, self.request(cast_to, opts, stream=stream, stream_cls=stream_cls))
                           ~~~~~~~~~~~~^^^^^^^^^^^^^^^^^^^^^^^^^^^^^^^^^^^^^^^^^^^^^^^^^^^^^
  File "/home/pi/case-summarizer/.venv/lib/python3.13/site-packages/openai/_base_client.py", line 1047, in request
    raise self._make_status_error_from_response(err.response) from None
openai.RateLimitError: Error code: 429 - {'error': {'message': 'You exceeded your current quota, please check your plan and billing details. For more information on this error, read the docs: https://platform.openai.com/docs/guides/error-codes/api-errors.', 'type': 'insufficient_quota', 'param': None, 'code': 'insufficient_quota'}}
[info] Authenticating with Gmail API...
[ok] Successfully authenticated
[info] Searching Gmail for: from:uscourts@updates.uscourts.gov after:2025/12/23 before:2025/12/24
[info] Found 1 email(s)
[info] Searching Gmail for: from:drewwileyroberts@gmail.com after:2025/12/23 before:2025/12/24
[info] No emails found from drewwileyroberts@gmail.com on 2025/12/23

[info] Processing email 1/1
[info] Found 4 link(s) in email
[info] Processing uscourts link: https://www.cafc.uscourts.gov/12-23-2025-24-2025-osburn-v-us-opinion-24-2025-opinion-12-23-2025_2623388/
[info] Found PDF URL: https://www.cafc.uscourts.gov/opinions-orders/24-2025.OPINION.12-23-2025_2623388.pdf
[info] Case: 24-2025: OSBURN v. US
[info] Case Number: 24-2025
[info] Opinion Date: 2025-12-23
[info] Precedential: No
[ok] Downloaded PDF: pdfs/24-2025.OPINION.12-23-2025_2623388.pdf
[info] Extracting text from: 24-2025.OPINION.12-23-2025_2623388.pdf
[info] Summarizing: 24-2025.OPINION.12-23-2025_2623388.pdf
[info] Using scraped metadata: date=2025-12-23, case=24-2025
[2025-12-23 12:04:09] Check completed

========================================
[2025-12-23 12:06:01] Starting Federal Circuit check...
Traceback (most recent call last):
  File "<frozen runpy>", line 198, in _run_module_as_main
  File "<frozen runpy>", line 88, in _run_code
  File "/home/pi/case-summarizer/summarizer/gmail_cli.py", line 116, in <module>
    raise SystemExit(main())
                     ~~~~^^
  File "/home/pi/case-summarizer/summarizer/gmail_cli.py", line 99, in main
    pdf_count = process_court_emails(
        service=service,
    ...<7 lines>...
        force=args.force,
    )
  File "/home/pi/case-summarizer/summarizer/gmail_checker.py", line 605, in process_court_emails
    result = summarize_text(text, prompt_file=prompt_file, opinion_date=opinion_date, case_number=case_number)
  File "/home/pi/case-summarizer/summarizer/openai_summarizer.py", line 299, in summarize_text
    structured_info = _extract_structured_info(client, model, text)
  File "/home/pi/case-summarizer/summarizer/openai_summarizer.py", line 232, in _extract_structured_info
    response = _call_model(client, model, structured_prompt, sample)
  File "/home/pi/case-summarizer/summarizer/openai_summarizer.py", line 61, in _call_model
    response = client.chat.completions.create(
        model=model,
    ...<4 lines>...
        temperature=0.2,
    )
  File "/home/pi/case-summarizer/.venv/lib/python3.13/site-packages/openai/_utils/_utils.py", line 286, in wrapper
    return func(*args, **kwargs)
  File "/home/pi/case-summarizer/.venv/lib/python3.13/site-packages/openai/resources/chat/completions/completions.py", line 1156, in create
    return self._post(
           ~~~~~~~~~~^
        "/chat/completions",
        ^^^^^^^^^^^^^^^^^^^^
    ...<46 lines>...
        stream_cls=Stream[ChatCompletionChunk],
        ^^^^^^^^^^^^^^^^^^^^^^^^^^^^^^^^^^^^^^^
    )
    ^
  File "/home/pi/case-summarizer/.venv/lib/python3.13/site-packages/openai/_base_client.py", line 1259, in post
    return cast(ResponseT, self.request(cast_to, opts, stream=stream, stream_cls=stream_cls))
                           ~~~~~~~~~~~~^^^^^^^^^^^^^^^^^^^^^^^^^^^^^^^^^^^^^^^^^^^^^^^^^^^^^
  File "/home/pi/case-summarizer/.venv/lib/python3.13/site-packages/openai/_base_client.py", line 1047, in request
    raise self._make_status_error_from_response(err.response) from None
openai.RateLimitError: Error code: 429 - {'error': {'message': 'You exceeded your current quota, please check your plan and billing details. For more information on this error, read the docs: https://platform.openai.com/docs/guides/error-codes/api-errors.', 'type': 'insufficient_quota', 'param': None, 'code': 'insufficient_quota'}}
[info] Authenticating with Gmail API...
[ok] Successfully authenticated
[info] Searching Gmail for: from:uscourts@updates.uscourts.gov after:2025/12/23 before:2025/12/24
[info] Found 1 email(s)
[info] Searching Gmail for: from:drewwileyroberts@gmail.com after:2025/12/23 before:2025/12/24
[info] No emails found from drewwileyroberts@gmail.com on 2025/12/23

[info] Processing email 1/1
[info] Found 4 link(s) in email
[info] Processing uscourts link: https://www.cafc.uscourts.gov/12-23-2025-24-2025-osburn-v-us-opinion-24-2025-opinion-12-23-2025_2623388/
[info] Found PDF URL: https://www.cafc.uscourts.gov/opinions-orders/24-2025.OPINION.12-23-2025_2623388.pdf
[info] Case: 24-2025: OSBURN v. US
[info] Case Number: 24-2025
[info] Opinion Date: 2025-12-23
[info] Precedential: No
[ok] Downloaded PDF: pdfs/24-2025.OPINION.12-23-2025_2623388.pdf
[info] Extracting text from: 24-2025.OPINION.12-23-2025_2623388.pdf
[info] Summarizing: 24-2025.OPINION.12-23-2025_2623388.pdf
[info] Using scraped metadata: date=2025-12-23, case=24-2025
[2025-12-23 12:06:09] Check completed

========================================
[2025-12-23 12:08:01] Starting Federal Circuit check...
Traceback (most recent call last):
  File "<frozen runpy>", line 198, in _run_module_as_main
  File "<frozen runpy>", line 88, in _run_code
  File "/home/pi/case-summarizer/summarizer/gmail_cli.py", line 116, in <module>
    raise SystemExit(main())
                     ~~~~^^
  File "/home/pi/case-summarizer/summarizer/gmail_cli.py", line 99, in main
    pdf_count = process_court_emails(
        service=service,
    ...<7 lines>...
        force=args.force,
    )
  File "/home/pi/case-summarizer/summarizer/gmail_checker.py", line 605, in process_court_emails
    result = summarize_text(text, prompt_file=prompt_file, opinion_date=opinion_date, case_number=case_number)
  File "/home/pi/case-summarizer/summarizer/openai_summarizer.py", line 299, in summarize_text
    structured_info = _extract_structured_info(client, model, text)
  File "/home/pi/case-summarizer/summarizer/openai_summarizer.py", line 232, in _extract_structured_info
    response = _call_model(client, model, structured_prompt, sample)
  File "/home/pi/case-summarizer/summarizer/openai_summarizer.py", line 61, in _call_model
    response = client.chat.completions.create(
        model=model,
    ...<4 lines>...
        temperature=0.2,
    )
  File "/home/pi/case-summarizer/.venv/lib/python3.13/site-packages/openai/_utils/_utils.py", line 286, in wrapper
    return func(*args, **kwargs)
  File "/home/pi/case-summarizer/.venv/lib/python3.13/site-packages/openai/resources/chat/completions/completions.py", line 1156, in create
    return self._post(
           ~~~~~~~~~~^
        "/chat/completions",
        ^^^^^^^^^^^^^^^^^^^^
    ...<46 lines>...
        stream_cls=Stream[ChatCompletionChunk],
        ^^^^^^^^^^^^^^^^^^^^^^^^^^^^^^^^^^^^^^^
    )
    ^
  File "/home/pi/case-summarizer/.venv/lib/python3.13/site-packages/openai/_base_client.py", line 1259, in post
    return cast(ResponseT, self.request(cast_to, opts, stream=stream, stream_cls=stream_cls))
                           ~~~~~~~~~~~~^^^^^^^^^^^^^^^^^^^^^^^^^^^^^^^^^^^^^^^^^^^^^^^^^^^^^
  File "/home/pi/case-summarizer/.venv/lib/python3.13/site-packages/openai/_base_client.py", line 1047, in request
    raise self._make_status_error_from_response(err.response) from None
openai.RateLimitError: Error code: 429 - {'error': {'message': 'You exceeded your current quota, please check your plan and billing details. For more information on this error, read the docs: https://platform.openai.com/docs/guides/error-codes/api-errors.', 'type': 'insufficient_quota', 'param': None, 'code': 'insufficient_quota'}}
[info] Authenticating with Gmail API...
[ok] Successfully authenticated
[info] Searching Gmail for: from:uscourts@updates.uscourts.gov after:2025/12/23 before:2025/12/24
[info] Found 1 email(s)
[info] Searching Gmail for: from:drewwileyroberts@gmail.com after:2025/12/23 before:2025/12/24
[info] No emails found from drewwileyroberts@gmail.com on 2025/12/23

[info] Processing email 1/1
[info] Found 4 link(s) in email
[info] Processing uscourts link: https://www.cafc.uscourts.gov/12-23-2025-24-1381-ethanol-boosting-systems-llc-v-ford-motor-company-opinion-24-1381-opinion-12-23-2025_2623346/
[info] Found PDF URL: https://www.cafc.uscourts.gov/opinions-orders/24-1381.OPINION.12-23-2025_2623346.pdf
[info] Case: 24-1381: ETHANOL BOOSTING SYSTEMS, LLC v. FORD MOTOR COMPANY
[info] Case Number: 24-1381
[info] Opinion Date: 2025-12-23
[info] Precedential: Yes
[ok] Downloaded PDF: pdfs/24-1381.OPINION.12-23-2025_2623346.pdf
[info] Extracting text from: 24-1381.OPINION.12-23-2025_2623346.pdf
[info] Summarizing: 24-1381.OPINION.12-23-2025_2623346.pdf
[info] Using scraped metadata: date=2025-12-23, case=24-1381
[2025-12-23 12:08:08] Check completed

========================================
[2025-12-23 12:10:01] Starting Federal Circuit check...
Traceback (most recent call last):
  File "<frozen runpy>", line 198, in _run_module_as_main
  File "<frozen runpy>", line 88, in _run_code
  File "/home/pi/case-summarizer/summarizer/gmail_cli.py", line 116, in <module>
    raise SystemExit(main())
                     ~~~~^^
  File "/home/pi/case-summarizer/summarizer/gmail_cli.py", line 99, in main
    pdf_count = process_court_emails(
        service=service,
    ...<7 lines>...
        force=args.force,
    )
  File "/home/pi/case-summarizer/summarizer/gmail_checker.py", line 605, in process_court_emails
    result = summarize_text(text, prompt_file=prompt_file, opinion_date=opinion_date, case_number=case_number)
  File "/home/pi/case-summarizer/summarizer/openai_summarizer.py", line 299, in summarize_text
    structured_info = _extract_structured_info(client, model, text)
  File "/home/pi/case-summarizer/summarizer/openai_summarizer.py", line 232, in _extract_structured_info
    response = _call_model(client, model, structured_prompt, sample)
  File "/home/pi/case-summarizer/summarizer/openai_summarizer.py", line 61, in _call_model
    response = client.chat.completions.create(
        model=model,
    ...<4 lines>...
        temperature=0.2,
    )
  File "/home/pi/case-summarizer/.venv/lib/python3.13/site-packages/openai/_utils/_utils.py", line 286, in wrapper
    return func(*args, **kwargs)
  File "/home/pi/case-summarizer/.venv/lib/python3.13/site-packages/openai/resources/chat/completions/completions.py", line 1156, in create
    return self._post(
           ~~~~~~~~~~^
        "/chat/completions",
        ^^^^^^^^^^^^^^^^^^^^
    ...<46 lines>...
        stream_cls=Stream[ChatCompletionChunk],
        ^^^^^^^^^^^^^^^^^^^^^^^^^^^^^^^^^^^^^^^
    )
    ^
  File "/home/pi/case-summarizer/.venv/lib/python3.13/site-packages/openai/_base_client.py", line 1259, in post
    return cast(ResponseT, self.request(cast_to, opts, stream=stream, stream_cls=stream_cls))
                           ~~~~~~~~~~~~^^^^^^^^^^^^^^^^^^^^^^^^^^^^^^^^^^^^^^^^^^^^^^^^^^^^^
  File "/home/pi/case-summarizer/.venv/lib/python3.13/site-packages/openai/_base_client.py", line 1047, in request
    raise self._make_status_error_from_response(err.response) from None
openai.RateLimitError: Error code: 429 - {'error': {'message': 'You exceeded your current quota, please check your plan and billing details. For more information on this error, read the docs: https://platform.openai.com/docs/guides/error-codes/api-errors.', 'type': 'insufficient_quota', 'param': None, 'code': 'insufficient_quota'}}
[info] Authenticating with Gmail API...
[ok] Successfully authenticated
[info] Searching Gmail for: from:uscourts@updates.uscourts.gov after:2025/12/23 before:2025/12/24
[info] Found 1 email(s)
[info] Searching Gmail for: from:drewwileyroberts@gmail.com after:2025/12/23 before:2025/12/24
[info] No emails found from drewwileyroberts@gmail.com on 2025/12/23

[info] Processing email 1/1
[info] Found 4 link(s) in email
[info] Processing uscourts link: https://www.cafc.uscourts.gov/12-23-2025-24-1935-in-re-estech-systems-ip-llc-opinion-24-1935-opinion-12-23-2025_2623368/
[info] Found PDF URL: https://www.cafc.uscourts.gov/opinions-orders/24-1935.OPINION.12-23-2025_2623368.pdf
[info] Case: 24-1935: In Re ESTECH SYSTEMS IP, LLC
[info] Case Number: 24-1935
[info] Opinion Date: 2025-12-23
[info] Precedential: No
[ok] Downloaded PDF: pdfs/24-1935.OPINION.12-23-2025_2623368.pdf
[info] Extracting text from: 24-1935.OPINION.12-23-2025_2623368.pdf
[info] Summarizing: 24-1935.OPINION.12-23-2025_2623368.pdf
[info] Using scraped metadata: date=2025-12-23, case=24-1935
[2025-12-23 12:10:07] Check completed

========================================
[2025-12-23 12:12:01] Starting Federal Circuit check...
Traceback (most recent call last):
  File "<frozen runpy>", line 198, in _run_module_as_main
  File "<frozen runpy>", line 88, in _run_code
  File "/home/pi/case-summarizer/summarizer/gmail_cli.py", line 116, in <module>
    raise SystemExit(main())
                     ~~~~^^
  File "/home/pi/case-summarizer/summarizer/gmail_cli.py", line 99, in main
    pdf_count = process_court_emails(
        service=service,
    ...<7 lines>...
        force=args.force,
    )
  File "/home/pi/case-summarizer/summarizer/gmail_checker.py", line 605, in process_court_emails
    result = summarize_text(text, prompt_file=prompt_file, opinion_date=opinion_date, case_number=case_number)
  File "/home/pi/case-summarizer/summarizer/openai_summarizer.py", line 299, in summarize_text
    structured_info = _extract_structured_info(client, model, text)
  File "/home/pi/case-summarizer/summarizer/openai_summarizer.py", line 232, in _extract_structured_info
    response = _call_model(client, model, structured_prompt, sample)
  File "/home/pi/case-summarizer/summarizer/openai_summarizer.py", line 61, in _call_model
    response = client.chat.completions.create(
        model=model,
    ...<4 lines>...
        temperature=0.2,
    )
  File "/home/pi/case-summarizer/.venv/lib/python3.13/site-packages/openai/_utils/_utils.py", line 286, in wrapper
    return func(*args, **kwargs)
  File "/home/pi/case-summarizer/.venv/lib/python3.13/site-packages/openai/resources/chat/completions/completions.py", line 1156, in create
    return self._post(
           ~~~~~~~~~~^
        "/chat/completions",
        ^^^^^^^^^^^^^^^^^^^^
    ...<46 lines>...
        stream_cls=Stream[ChatCompletionChunk],
        ^^^^^^^^^^^^^^^^^^^^^^^^^^^^^^^^^^^^^^^
    )
    ^
  File "/home/pi/case-summarizer/.venv/lib/python3.13/site-packages/openai/_base_client.py", line 1259, in post
    return cast(ResponseT, self.request(cast_to, opts, stream=stream, stream_cls=stream_cls))
                           ~~~~~~~~~~~~^^^^^^^^^^^^^^^^^^^^^^^^^^^^^^^^^^^^^^^^^^^^^^^^^^^^^
  File "/home/pi/case-summarizer/.venv/lib/python3.13/site-packages/openai/_base_client.py", line 1047, in request
    raise self._make_status_error_from_response(err.response) from None
openai.RateLimitError: Error code: 429 - {'error': {'message': 'You exceeded your current quota, please check your plan and billing details. For more information on this error, read the docs: https://platform.openai.com/docs/guides/error-codes/api-errors.', 'type': 'insufficient_quota', 'param': None, 'code': 'insufficient_quota'}}
[info] Authenticating with Gmail API...
[ok] Successfully authenticated
[info] Searching Gmail for: from:uscourts@updates.uscourts.gov after:2025/12/23 before:2025/12/24
[info] Found 1 email(s)
[info] Searching Gmail for: from:drewwileyroberts@gmail.com after:2025/12/23 before:2025/12/24
[info] No emails found from drewwileyroberts@gmail.com on 2025/12/23

[info] Processing email 1/1
[info] Found 4 link(s) in email
[info] Processing uscourts link: https://www.cafc.uscourts.gov/12-23-2025-24-1381-ethanol-boosting-systems-llc-v-ford-motor-company-opinion-24-1381-opinion-12-23-2025_2623346/
[info] Found PDF URL: https://www.cafc.uscourts.gov/opinions-orders/24-1381.OPINION.12-23-2025_2623346.pdf
[info] Case: 24-1381: ETHANOL BOOSTING SYSTEMS, LLC v. FORD MOTOR COMPANY
[info] Case Number: 24-1381
[info] Opinion Date: 2025-12-23
[info] Precedential: Yes
[ok] Downloaded PDF: pdfs/24-1381.OPINION.12-23-2025_2623346.pdf
[info] Extracting text from: 24-1381.OPINION.12-23-2025_2623346.pdf
[info] Summarizing: 24-1381.OPINION.12-23-2025_2623346.pdf
[info] Using scraped metadata: date=2025-12-23, case=24-1381
[2025-12-23 12:12:06] Check completed

========================================
[2025-12-23 12:14:01] Starting Federal Circuit check...
Traceback (most recent call last):
  File "<frozen runpy>", line 198, in _run_module_as_main
  File "<frozen runpy>", line 88, in _run_code
  File "/home/pi/case-summarizer/summarizer/gmail_cli.py", line 116, in <module>
    raise SystemExit(main())
                     ~~~~^^
  File "/home/pi/case-summarizer/summarizer/gmail_cli.py", line 99, in main
    pdf_count = process_court_emails(
        service=service,
    ...<7 lines>...
        force=args.force,
    )
  File "/home/pi/case-summarizer/summarizer/gmail_checker.py", line 605, in process_court_emails
    result = summarize_text(text, prompt_file=prompt_file, opinion_date=opinion_date, case_number=case_number)
  File "/home/pi/case-summarizer/summarizer/openai_summarizer.py", line 299, in summarize_text
    structured_info = _extract_structured_info(client, model, text)
  File "/home/pi/case-summarizer/summarizer/openai_summarizer.py", line 232, in _extract_structured_info
    response = _call_model(client, model, structured_prompt, sample)
  File "/home/pi/case-summarizer/summarizer/openai_summarizer.py", line 61, in _call_model
    response = client.chat.completions.create(
        model=model,
    ...<4 lines>...
        temperature=0.2,
    )
  File "/home/pi/case-summarizer/.venv/lib/python3.13/site-packages/openai/_utils/_utils.py", line 286, in wrapper
    return func(*args, **kwargs)
  File "/home/pi/case-summarizer/.venv/lib/python3.13/site-packages/openai/resources/chat/completions/completions.py", line 1156, in create
    return self._post(
           ~~~~~~~~~~^
        "/chat/completions",
        ^^^^^^^^^^^^^^^^^^^^
    ...<46 lines>...
        stream_cls=Stream[ChatCompletionChunk],
        ^^^^^^^^^^^^^^^^^^^^^^^^^^^^^^^^^^^^^^^
    )
    ^
  File "/home/pi/case-summarizer/.venv/lib/python3.13/site-packages/openai/_base_client.py", line 1259, in post
    return cast(ResponseT, self.request(cast_to, opts, stream=stream, stream_cls=stream_cls))
                           ~~~~~~~~~~~~^^^^^^^^^^^^^^^^^^^^^^^^^^^^^^^^^^^^^^^^^^^^^^^^^^^^^
  File "/home/pi/case-summarizer/.venv/lib/python3.13/site-packages/openai/_base_client.py", line 1047, in request
    raise self._make_status_error_from_response(err.response) from None
openai.RateLimitError: Error code: 429 - {'error': {'message': 'You exceeded your current quota, please check your plan and billing details. For more information on this error, read the docs: https://platform.openai.com/docs/guides/error-codes/api-errors.', 'type': 'insufficient_quota', 'param': None, 'code': 'insufficient_quota'}}
[info] Authenticating with Gmail API...
[ok] Successfully authenticated
[info] Searching Gmail for: from:uscourts@updates.uscourts.gov after:2025/12/23 before:2025/12/24
[info] Found 1 email(s)
[info] Searching Gmail for: from:drewwileyroberts@gmail.com after:2025/12/23 before:2025/12/24
[info] No emails found from drewwileyroberts@gmail.com on 2025/12/23

[info] Processing email 1/1
[info] Found 4 link(s) in email
[info] Processing uscourts link: https://www.cafc.uscourts.gov/12-23-2025-24-1935-in-re-estech-systems-ip-llc-opinion-24-1935-opinion-12-23-2025_2623368/
[info] Found PDF URL: https://www.cafc.uscourts.gov/opinions-orders/24-1935.OPINION.12-23-2025_2623368.pdf
[info] Case: 24-1935: In Re ESTECH SYSTEMS IP, LLC
[info] Case Number: 24-1935
[info] Opinion Date: 2025-12-23
[info] Precedential: No
[ok] Downloaded PDF: pdfs/24-1935.OPINION.12-23-2025_2623368.pdf
[info] Extracting text from: 24-1935.OPINION.12-23-2025_2623368.pdf
[info] Summarizing: 24-1935.OPINION.12-23-2025_2623368.pdf
[info] Using scraped metadata: date=2025-12-23, case=24-1935
[2025-12-23 12:14:11] Check completed

========================================
[2025-12-24 12:00:02] Starting Federal Circuit check...
[info] Authenticating with Gmail API...
[ok] Successfully authenticated
[info] Searching Gmail for: from:uscourts@updates.uscourts.gov after:2025/12/24 before:2025/12/25
[info] No emails found from uscourts@updates.uscourts.gov on 2025/12/24
[info] Searching Gmail for: from:drewwileyroberts@gmail.com after:2025/12/24 before:2025/12/25
[info] No emails found from drewwileyroberts@gmail.com on 2025/12/24

[ok] Processed 0 PDF(s)
[2025-12-24 12:00:03] Check completed

========================================
[2025-12-24 12:02:01] Starting Federal Circuit check...
Traceback (most recent call last):
  File "<frozen runpy>", line 198, in _run_module_as_main
  File "<frozen runpy>", line 88, in _run_code
  File "/home/pi/case-summarizer/summarizer/gmail_cli.py", line 116, in <module>
    raise SystemExit(main())
                     ~~~~^^
  File "/home/pi/case-summarizer/summarizer/gmail_cli.py", line 99, in main
    pdf_count = process_court_emails(
        service=service,
    ...<7 lines>...
        force=args.force,
    )
  File "/home/pi/case-summarizer/summarizer/gmail_checker.py", line 605, in process_court_emails
    result = summarize_text(text, prompt_file=prompt_file, opinion_date=opinion_date, case_number=case_number)
  File "/home/pi/case-summarizer/summarizer/openai_summarizer.py", line 299, in summarize_text
    structured_info = _extract_structured_info(client, model, text)
  File "/home/pi/case-summarizer/summarizer/openai_summarizer.py", line 232, in _extract_structured_info
    response = _call_model(client, model, structured_prompt, sample)
  File "/home/pi/case-summarizer/summarizer/openai_summarizer.py", line 61, in _call_model
    response = client.chat.completions.create(
        model=model,
    ...<4 lines>...
        temperature=0.2,
    )
  File "/home/pi/case-summarizer/.venv/lib/python3.13/site-packages/openai/_utils/_utils.py", line 286, in wrapper
    return func(*args, **kwargs)
  File "/home/pi/case-summarizer/.venv/lib/python3.13/site-packages/openai/resources/chat/completions/completions.py", line 1156, in create
    return self._post(
           ~~~~~~~~~~^
        "/chat/completions",
        ^^^^^^^^^^^^^^^^^^^^
    ...<46 lines>...
        stream_cls=Stream[ChatCompletionChunk],
        ^^^^^^^^^^^^^^^^^^^^^^^^^^^^^^^^^^^^^^^
    )
    ^
  File "/home/pi/case-summarizer/.venv/lib/python3.13/site-packages/openai/_base_client.py", line 1259, in post
    return cast(ResponseT, self.request(cast_to, opts, stream=stream, stream_cls=stream_cls))
                           ~~~~~~~~~~~~^^^^^^^^^^^^^^^^^^^^^^^^^^^^^^^^^^^^^^^^^^^^^^^^^^^^^
  File "/home/pi/case-summarizer/.venv/lib/python3.13/site-packages/openai/_base_client.py", line 1047, in request
    raise self._make_status_error_from_response(err.response) from None
openai.RateLimitError: Error code: 429 - {'error': {'message': 'You exceeded your current quota, please check your plan and billing details. For more information on this error, read the docs: https://platform.openai.com/docs/guides/error-codes/api-errors.', 'type': 'insufficient_quota', 'param': None, 'code': 'insufficient_quota'}}
[info] Authenticating with Gmail API...
[ok] Successfully authenticated
[info] Searching Gmail for: from:uscourts@updates.uscourts.gov after:2025/12/24 before:2025/12/25
[info] Found 1 email(s)
[info] Searching Gmail for: from:drewwileyroberts@gmail.com after:2025/12/24 before:2025/12/25
[info] No emails found from drewwileyroberts@gmail.com on 2025/12/24

[info] Processing email 1/1
[info] Found 1 link(s) in email
[info] Processing uscourts link: https://www.cafc.uscourts.gov/12-23-2025-26-1087-spectre-corp-v-us-order-26-1087-order-12-23-2025_2623997/
[info] Found PDF URL: https://www.cafc.uscourts.gov/opinions-orders/26-1087.ORDER.12-23-2025_2623997.pdf
[info] Case: 26-1087: SPECTRE CORP. v. US
[info] Case Number: 26-1087
[info] Opinion Date: 2025-12-23
[info] Precedential: No
[ok] Downloaded PDF: pdfs/26-1087.ORDER.12-23-2025_2623997.pdf
[info] Extracting text from: 26-1087.ORDER.12-23-2025_2623997.pdf
[info] Summarizing: 26-1087.ORDER.12-23-2025_2623997.pdf
[info] Using scraped metadata: date=2025-12-23, case=26-1087
[2025-12-24 12:02:08] Check completed

========================================
[2025-12-24 12:04:01] Starting Federal Circuit check...
Traceback (most recent call last):
  File "<frozen runpy>", line 198, in _run_module_as_main
  File "<frozen runpy>", line 88, in _run_code
  File "/home/pi/case-summarizer/summarizer/gmail_cli.py", line 116, in <module>
    raise SystemExit(main())
                     ~~~~^^
  File "/home/pi/case-summarizer/summarizer/gmail_cli.py", line 99, in main
    pdf_count = process_court_emails(
        service=service,
    ...<7 lines>...
        force=args.force,
    )
  File "/home/pi/case-summarizer/summarizer/gmail_checker.py", line 605, in process_court_emails
    result = summarize_text(text, prompt_file=prompt_file, opinion_date=opinion_date, case_number=case_number)
  File "/home/pi/case-summarizer/summarizer/openai_summarizer.py", line 299, in summarize_text
    structured_info = _extract_structured_info(client, model, text)
  File "/home/pi/case-summarizer/summarizer/openai_summarizer.py", line 232, in _extract_structured_info
    response = _call_model(client, model, structured_prompt, sample)
  File "/home/pi/case-summarizer/summarizer/openai_summarizer.py", line 61, in _call_model
    response = client.chat.completions.create(
        model=model,
    ...<4 lines>...
        temperature=0.2,
    )
  File "/home/pi/case-summarizer/.venv/lib/python3.13/site-packages/openai/_utils/_utils.py", line 286, in wrapper
    return func(*args, **kwargs)
  File "/home/pi/case-summarizer/.venv/lib/python3.13/site-packages/openai/resources/chat/completions/completions.py", line 1156, in create
    return self._post(
           ~~~~~~~~~~^
        "/chat/completions",
        ^^^^^^^^^^^^^^^^^^^^
    ...<46 lines>...
        stream_cls=Stream[ChatCompletionChunk],
        ^^^^^^^^^^^^^^^^^^^^^^^^^^^^^^^^^^^^^^^
    )
    ^
  File "/home/pi/case-summarizer/.venv/lib/python3.13/site-packages/openai/_base_client.py", line 1259, in post
    return cast(ResponseT, self.request(cast_to, opts, stream=stream, stream_cls=stream_cls))
                           ~~~~~~~~~~~~^^^^^^^^^^^^^^^^^^^^^^^^^^^^^^^^^^^^^^^^^^^^^^^^^^^^^
  File "/home/pi/case-summarizer/.venv/lib/python3.13/site-packages/openai/_base_client.py", line 1047, in request
    raise self._make_status_error_from_response(err.response) from None
openai.RateLimitError: Error code: 429 - {'error': {'message': 'You exceeded your current quota, please check your plan and billing details. For more information on this error, read the docs: https://platform.openai.com/docs/guides/error-codes/api-errors.', 'type': 'insufficient_quota', 'param': None, 'code': 'insufficient_quota'}}
[info] Authenticating with Gmail API...
[ok] Successfully authenticated
[info] Searching Gmail for: from:uscourts@updates.uscourts.gov after:2025/12/24 before:2025/12/25
[info] Found 1 email(s)
[info] Searching Gmail for: from:drewwileyroberts@gmail.com after:2025/12/24 before:2025/12/25
[info] No emails found from drewwileyroberts@gmail.com on 2025/12/24

[info] Processing email 1/1
[info] Found 1 link(s) in email
[info] Processing uscourts link: https://www.cafc.uscourts.gov/12-23-2025-26-1087-spectre-corp-v-us-order-26-1087-order-12-23-2025_2623997/
[info] Found PDF URL: https://www.cafc.uscourts.gov/opinions-orders/26-1087.ORDER.12-23-2025_2623997.pdf
[info] Case: 26-1087: SPECTRE CORP. v. US
[info] Case Number: 26-1087
[info] Opinion Date: 2025-12-23
[info] Precedential: No
[ok] Downloaded PDF: pdfs/26-1087.ORDER.12-23-2025_2623997.pdf
[info] Extracting text from: 26-1087.ORDER.12-23-2025_2623997.pdf
[info] Summarizing: 26-1087.ORDER.12-23-2025_2623997.pdf
[info] Using scraped metadata: date=2025-12-23, case=26-1087
[2025-12-24 12:04:05] Check completed

========================================
[2025-12-24 12:06:01] Starting Federal Circuit check...
Traceback (most recent call last):
  File "<frozen runpy>", line 198, in _run_module_as_main
  File "<frozen runpy>", line 88, in _run_code
  File "/home/pi/case-summarizer/summarizer/gmail_cli.py", line 116, in <module>
    raise SystemExit(main())
                     ~~~~^^
  File "/home/pi/case-summarizer/summarizer/gmail_cli.py", line 99, in main
    pdf_count = process_court_emails(
        service=service,
    ...<7 lines>...
        force=args.force,
    )
  File "/home/pi/case-summarizer/summarizer/gmail_checker.py", line 605, in process_court_emails
    result = summarize_text(text, prompt_file=prompt_file, opinion_date=opinion_date, case_number=case_number)
  File "/home/pi/case-summarizer/summarizer/openai_summarizer.py", line 299, in summarize_text
    structured_info = _extract_structured_info(client, model, text)
  File "/home/pi/case-summarizer/summarizer/openai_summarizer.py", line 232, in _extract_structured_info
    response = _call_model(client, model, structured_prompt, sample)
  File "/home/pi/case-summarizer/summarizer/openai_summarizer.py", line 61, in _call_model
    response = client.chat.completions.create(
        model=model,
    ...<4 lines>...
        temperature=0.2,
    )
  File "/home/pi/case-summarizer/.venv/lib/python3.13/site-packages/openai/_utils/_utils.py", line 286, in wrapper
    return func(*args, **kwargs)
  File "/home/pi/case-summarizer/.venv/lib/python3.13/site-packages/openai/resources/chat/completions/completions.py", line 1156, in create
    return self._post(
           ~~~~~~~~~~^
        "/chat/completions",
        ^^^^^^^^^^^^^^^^^^^^
    ...<46 lines>...
        stream_cls=Stream[ChatCompletionChunk],
        ^^^^^^^^^^^^^^^^^^^^^^^^^^^^^^^^^^^^^^^
    )
    ^
  File "/home/pi/case-summarizer/.venv/lib/python3.13/site-packages/openai/_base_client.py", line 1259, in post
    return cast(ResponseT, self.request(cast_to, opts, stream=stream, stream_cls=stream_cls))
                           ~~~~~~~~~~~~^^^^^^^^^^^^^^^^^^^^^^^^^^^^^^^^^^^^^^^^^^^^^^^^^^^^^
  File "/home/pi/case-summarizer/.venv/lib/python3.13/site-packages/openai/_base_client.py", line 1047, in request
    raise self._make_status_error_from_response(err.response) from None
openai.RateLimitError: Error code: 429 - {'error': {'message': 'You exceeded your current quota, please check your plan and billing details. For more information on this error, read the docs: https://platform.openai.com/docs/guides/error-codes/api-errors.', 'type': 'insufficient_quota', 'param': None, 'code': 'insufficient_quota'}}
[info] Authenticating with Gmail API...
[ok] Successfully authenticated
[info] Searching Gmail for: from:uscourts@updates.uscourts.gov after:2025/12/24 before:2025/12/25
[info] Found 1 email(s)
[info] Searching Gmail for: from:drewwileyroberts@gmail.com after:2025/12/24 before:2025/12/25
[info] No emails found from drewwileyroberts@gmail.com on 2025/12/24

[info] Processing email 1/1
[info] Found 1 link(s) in email
[info] Processing uscourts link: https://www.cafc.uscourts.gov/12-23-2025-26-1087-spectre-corp-v-us-order-26-1087-order-12-23-2025_2623997/
[info] Found PDF URL: https://www.cafc.uscourts.gov/opinions-orders/26-1087.ORDER.12-23-2025_2623997.pdf
[info] Case: 26-1087: SPECTRE CORP. v. US
[info] Case Number: 26-1087
[info] Opinion Date: 2025-12-23
[info] Precedential: No
[ok] Downloaded PDF: pdfs/26-1087.ORDER.12-23-2025_2623997.pdf
[info] Extracting text from: 26-1087.ORDER.12-23-2025_2623997.pdf
[info] Summarizing: 26-1087.ORDER.12-23-2025_2623997.pdf
[info] Using scraped metadata: date=2025-12-23, case=26-1087
[2025-12-24 12:06:07] Check completed

========================================
[2025-12-24 12:08:01] Starting Federal Circuit check...
Traceback (most recent call last):
  File "<frozen runpy>", line 198, in _run_module_as_main
  File "<frozen runpy>", line 88, in _run_code
  File "/home/pi/case-summarizer/summarizer/gmail_cli.py", line 116, in <module>
    raise SystemExit(main())
                     ~~~~^^
  File "/home/pi/case-summarizer/summarizer/gmail_cli.py", line 99, in main
    pdf_count = process_court_emails(
        service=service,
    ...<7 lines>...
        force=args.force,
    )
  File "/home/pi/case-summarizer/summarizer/gmail_checker.py", line 605, in process_court_emails
    result = summarize_text(text, prompt_file=prompt_file, opinion_date=opinion_date, case_number=case_number)
  File "/home/pi/case-summarizer/summarizer/openai_summarizer.py", line 299, in summarize_text
    structured_info = _extract_structured_info(client, model, text)
  File "/home/pi/case-summarizer/summarizer/openai_summarizer.py", line 232, in _extract_structured_info
    response = _call_model(client, model, structured_prompt, sample)
  File "/home/pi/case-summarizer/summarizer/openai_summarizer.py", line 61, in _call_model
    response = client.chat.completions.create(
        model=model,
    ...<4 lines>...
        temperature=0.2,
    )
  File "/home/pi/case-summarizer/.venv/lib/python3.13/site-packages/openai/_utils/_utils.py", line 286, in wrapper
    return func(*args, **kwargs)
  File "/home/pi/case-summarizer/.venv/lib/python3.13/site-packages/openai/resources/chat/completions/completions.py", line 1156, in create
    return self._post(
           ~~~~~~~~~~^
        "/chat/completions",
        ^^^^^^^^^^^^^^^^^^^^
    ...<46 lines>...
        stream_cls=Stream[ChatCompletionChunk],
        ^^^^^^^^^^^^^^^^^^^^^^^^^^^^^^^^^^^^^^^
    )
    ^
  File "/home/pi/case-summarizer/.venv/lib/python3.13/site-packages/openai/_base_client.py", line 1259, in post
    return cast(ResponseT, self.request(cast_to, opts, stream=stream, stream_cls=stream_cls))
                           ~~~~~~~~~~~~^^^^^^^^^^^^^^^^^^^^^^^^^^^^^^^^^^^^^^^^^^^^^^^^^^^^^
  File "/home/pi/case-summarizer/.venv/lib/python3.13/site-packages/openai/_base_client.py", line 1047, in request
    raise self._make_status_error_from_response(err.response) from None
openai.RateLimitError: Error code: 429 - {'error': {'message': 'You exceeded your current quota, please check your plan and billing details. For more information on this error, read the docs: https://platform.openai.com/docs/guides/error-codes/api-errors.', 'type': 'insufficient_quota', 'param': None, 'code': 'insufficient_quota'}}
[info] Authenticating with Gmail API...
[ok] Successfully authenticated
[info] Searching Gmail for: from:uscourts@updates.uscourts.gov after:2025/12/24 before:2025/12/25
[info] Found 1 email(s)
[info] Searching Gmail for: from:drewwileyroberts@gmail.com after:2025/12/24 before:2025/12/25
[info] No emails found from drewwileyroberts@gmail.com on 2025/12/24

[info] Processing email 1/1
[info] Found 1 link(s) in email
[info] Processing uscourts link: https://www.cafc.uscourts.gov/12-23-2025-26-1087-spectre-corp-v-us-order-26-1087-order-12-23-2025_2623997/
[info] Found PDF URL: https://www.cafc.uscourts.gov/opinions-orders/26-1087.ORDER.12-23-2025_2623997.pdf
[info] Case: 26-1087: SPECTRE CORP. v. US
[info] Case Number: 26-1087
[info] Opinion Date: 2025-12-23
[info] Precedential: No
[ok] Downloaded PDF: pdfs/26-1087.ORDER.12-23-2025_2623997.pdf
[info] Extracting text from: 26-1087.ORDER.12-23-2025_2623997.pdf
[info] Summarizing: 26-1087.ORDER.12-23-2025_2623997.pdf
[info] Using scraped metadata: date=2025-12-23, case=26-1087
[2025-12-24 12:08:05] Check completed

========================================
[2025-12-24 12:10:01] Starting Federal Circuit check...
Traceback (most recent call last):
  File "<frozen runpy>", line 198, in _run_module_as_main
  File "<frozen runpy>", line 88, in _run_code
  File "/home/pi/case-summarizer/summarizer/gmail_cli.py", line 116, in <module>
    raise SystemExit(main())
                     ~~~~^^
  File "/home/pi/case-summarizer/summarizer/gmail_cli.py", line 99, in main
    pdf_count = process_court_emails(
        service=service,
    ...<7 lines>...
        force=args.force,
    )
  File "/home/pi/case-summarizer/summarizer/gmail_checker.py", line 605, in process_court_emails
    result = summarize_text(text, prompt_file=prompt_file, opinion_date=opinion_date, case_number=case_number)
  File "/home/pi/case-summarizer/summarizer/openai_summarizer.py", line 299, in summarize_text
    structured_info = _extract_structured_info(client, model, text)
  File "/home/pi/case-summarizer/summarizer/openai_summarizer.py", line 232, in _extract_structured_info
    response = _call_model(client, model, structured_prompt, sample)
  File "/home/pi/case-summarizer/summarizer/openai_summarizer.py", line 61, in _call_model
    response = client.chat.completions.create(
        model=model,
    ...<4 lines>...
        temperature=0.2,
    )
  File "/home/pi/case-summarizer/.venv/lib/python3.13/site-packages/openai/_utils/_utils.py", line 286, in wrapper
    return func(*args, **kwargs)
  File "/home/pi/case-summarizer/.venv/lib/python3.13/site-packages/openai/resources/chat/completions/completions.py", line 1156, in create
    return self._post(
           ~~~~~~~~~~^
        "/chat/completions",
        ^^^^^^^^^^^^^^^^^^^^
    ...<46 lines>...
        stream_cls=Stream[ChatCompletionChunk],
        ^^^^^^^^^^^^^^^^^^^^^^^^^^^^^^^^^^^^^^^
    )
    ^
  File "/home/pi/case-summarizer/.venv/lib/python3.13/site-packages/openai/_base_client.py", line 1259, in post
    return cast(ResponseT, self.request(cast_to, opts, stream=stream, stream_cls=stream_cls))
                           ~~~~~~~~~~~~^^^^^^^^^^^^^^^^^^^^^^^^^^^^^^^^^^^^^^^^^^^^^^^^^^^^^
  File "/home/pi/case-summarizer/.venv/lib/python3.13/site-packages/openai/_base_client.py", line 1047, in request
    raise self._make_status_error_from_response(err.response) from None
openai.RateLimitError: Error code: 429 - {'error': {'message': 'You exceeded your current quota, please check your plan and billing details. For more information on this error, read the docs: https://platform.openai.com/docs/guides/error-codes/api-errors.', 'type': 'insufficient_quota', 'param': None, 'code': 'insufficient_quota'}}
[info] Authenticating with Gmail API...
[ok] Successfully authenticated
[info] Searching Gmail for: from:uscourts@updates.uscourts.gov after:2025/12/24 before:2025/12/25
[info] Found 1 email(s)
[info] Searching Gmail for: from:drewwileyroberts@gmail.com after:2025/12/24 before:2025/12/25
[info] No emails found from drewwileyroberts@gmail.com on 2025/12/24

[info] Processing email 1/1
[info] Found 1 link(s) in email
[info] Processing uscourts link: https://www.cafc.uscourts.gov/12-23-2025-26-1087-spectre-corp-v-us-order-26-1087-order-12-23-2025_2623997/
[info] Found PDF URL: https://www.cafc.uscourts.gov/opinions-orders/26-1087.ORDER.12-23-2025_2623997.pdf
[info] Case: 26-1087: SPECTRE CORP. v. US
[info] Case Number: 26-1087
[info] Opinion Date: 2025-12-23
[info] Precedential: No
[ok] Downloaded PDF: pdfs/26-1087.ORDER.12-23-2025_2623997.pdf
[info] Extracting text from: 26-1087.ORDER.12-23-2025_2623997.pdf
[info] Summarizing: 26-1087.ORDER.12-23-2025_2623997.pdf
[info] Using scraped metadata: date=2025-12-23, case=26-1087
[2025-12-24 12:10:06] Check completed

========================================
[2025-12-24 12:12:01] Starting Federal Circuit check...
Traceback (most recent call last):
  File "<frozen runpy>", line 198, in _run_module_as_main
  File "<frozen runpy>", line 88, in _run_code
  File "/home/pi/case-summarizer/summarizer/gmail_cli.py", line 116, in <module>
    raise SystemExit(main())
                     ~~~~^^
  File "/home/pi/case-summarizer/summarizer/gmail_cli.py", line 99, in main
    pdf_count = process_court_emails(
        service=service,
    ...<7 lines>...
        force=args.force,
    )
  File "/home/pi/case-summarizer/summarizer/gmail_checker.py", line 605, in process_court_emails
    result = summarize_text(text, prompt_file=prompt_file, opinion_date=opinion_date, case_number=case_number)
  File "/home/pi/case-summarizer/summarizer/openai_summarizer.py", line 299, in summarize_text
    structured_info = _extract_structured_info(client, model, text)
  File "/home/pi/case-summarizer/summarizer/openai_summarizer.py", line 232, in _extract_structured_info
    response = _call_model(client, model, structured_prompt, sample)
  File "/home/pi/case-summarizer/summarizer/openai_summarizer.py", line 61, in _call_model
    response = client.chat.completions.create(
        model=model,
    ...<4 lines>...
        temperature=0.2,
    )
  File "/home/pi/case-summarizer/.venv/lib/python3.13/site-packages/openai/_utils/_utils.py", line 286, in wrapper
    return func(*args, **kwargs)
  File "/home/pi/case-summarizer/.venv/lib/python3.13/site-packages/openai/resources/chat/completions/completions.py", line 1156, in create
    return self._post(
           ~~~~~~~~~~^
        "/chat/completions",
        ^^^^^^^^^^^^^^^^^^^^
    ...<46 lines>...
        stream_cls=Stream[ChatCompletionChunk],
        ^^^^^^^^^^^^^^^^^^^^^^^^^^^^^^^^^^^^^^^
    )
    ^
  File "/home/pi/case-summarizer/.venv/lib/python3.13/site-packages/openai/_base_client.py", line 1259, in post
    return cast(ResponseT, self.request(cast_to, opts, stream=stream, stream_cls=stream_cls))
                           ~~~~~~~~~~~~^^^^^^^^^^^^^^^^^^^^^^^^^^^^^^^^^^^^^^^^^^^^^^^^^^^^^
  File "/home/pi/case-summarizer/.venv/lib/python3.13/site-packages/openai/_base_client.py", line 1047, in request
    raise self._make_status_error_from_response(err.response) from None
openai.RateLimitError: Error code: 429 - {'error': {'message': 'You exceeded your current quota, please check your plan and billing details. For more information on this error, read the docs: https://platform.openai.com/docs/guides/error-codes/api-errors.', 'type': 'insufficient_quota', 'param': None, 'code': 'insufficient_quota'}}
[info] Authenticating with Gmail API...
[ok] Successfully authenticated
[info] Searching Gmail for: from:uscourts@updates.uscourts.gov after:2025/12/24 before:2025/12/25
[info] Found 1 email(s)
[info] Searching Gmail for: from:drewwileyroberts@gmail.com after:2025/12/24 before:2025/12/25
[info] No emails found from drewwileyroberts@gmail.com on 2025/12/24

[info] Processing email 1/1
[info] Found 1 link(s) in email
[info] Processing uscourts link: https://www.cafc.uscourts.gov/12-23-2025-26-1087-spectre-corp-v-us-order-26-1087-order-12-23-2025_2623997/
[info] Found PDF URL: https://www.cafc.uscourts.gov/opinions-orders/26-1087.ORDER.12-23-2025_2623997.pdf
[info] Case: 26-1087: SPECTRE CORP. v. US
[info] Case Number: 26-1087
[info] Opinion Date: 2025-12-23
[info] Precedential: No
[ok] Downloaded PDF: pdfs/26-1087.ORDER.12-23-2025_2623997.pdf
[info] Extracting text from: 26-1087.ORDER.12-23-2025_2623997.pdf
[info] Summarizing: 26-1087.ORDER.12-23-2025_2623997.pdf
[info] Using scraped metadata: date=2025-12-23, case=26-1087
[2025-12-24 12:12:06] Check completed

========================================
[2025-12-24 12:14:01] Starting Federal Circuit check...
Traceback (most recent call last):
  File "<frozen runpy>", line 198, in _run_module_as_main
  File "<frozen runpy>", line 88, in _run_code
  File "/home/pi/case-summarizer/summarizer/gmail_cli.py", line 116, in <module>
    raise SystemExit(main())
                     ~~~~^^
  File "/home/pi/case-summarizer/summarizer/gmail_cli.py", line 99, in main
    pdf_count = process_court_emails(
        service=service,
    ...<7 lines>...
        force=args.force,
    )
  File "/home/pi/case-summarizer/summarizer/gmail_checker.py", line 605, in process_court_emails
    result = summarize_text(text, prompt_file=prompt_file, opinion_date=opinion_date, case_number=case_number)
  File "/home/pi/case-summarizer/summarizer/openai_summarizer.py", line 299, in summarize_text
    structured_info = _extract_structured_info(client, model, text)
  File "/home/pi/case-summarizer/summarizer/openai_summarizer.py", line 232, in _extract_structured_info
    response = _call_model(client, model, structured_prompt, sample)
  File "/home/pi/case-summarizer/summarizer/openai_summarizer.py", line 61, in _call_model
    response = client.chat.completions.create(
        model=model,
    ...<4 lines>...
        temperature=0.2,
    )
  File "/home/pi/case-summarizer/.venv/lib/python3.13/site-packages/openai/_utils/_utils.py", line 286, in wrapper
    return func(*args, **kwargs)
  File "/home/pi/case-summarizer/.venv/lib/python3.13/site-packages/openai/resources/chat/completions/completions.py", line 1156, in create
    return self._post(
           ~~~~~~~~~~^
        "/chat/completions",
        ^^^^^^^^^^^^^^^^^^^^
    ...<46 lines>...
        stream_cls=Stream[ChatCompletionChunk],
        ^^^^^^^^^^^^^^^^^^^^^^^^^^^^^^^^^^^^^^^
    )
    ^
  File "/home/pi/case-summarizer/.venv/lib/python3.13/site-packages/openai/_base_client.py", line 1259, in post
    return cast(ResponseT, self.request(cast_to, opts, stream=stream, stream_cls=stream_cls))
                           ~~~~~~~~~~~~^^^^^^^^^^^^^^^^^^^^^^^^^^^^^^^^^^^^^^^^^^^^^^^^^^^^^
  File "/home/pi/case-summarizer/.venv/lib/python3.13/site-packages/openai/_base_client.py", line 1047, in request
    raise self._make_status_error_from_response(err.response) from None
openai.RateLimitError: Error code: 429 - {'error': {'message': 'You exceeded your current quota, please check your plan and billing details. For more information on this error, read the docs: https://platform.openai.com/docs/guides/error-codes/api-errors.', 'type': 'insufficient_quota', 'param': None, 'code': 'insufficient_quota'}}
[info] Authenticating with Gmail API...
[ok] Successfully authenticated
[info] Searching Gmail for: from:uscourts@updates.uscourts.gov after:2025/12/24 before:2025/12/25
[info] Found 1 email(s)
[info] Searching Gmail for: from:drewwileyroberts@gmail.com after:2025/12/24 before:2025/12/25
[info] No emails found from drewwileyroberts@gmail.com on 2025/12/24

[info] Processing email 1/1
[info] Found 1 link(s) in email
[info] Processing uscourts link: https://www.cafc.uscourts.gov/12-23-2025-26-1087-spectre-corp-v-us-order-26-1087-order-12-23-2025_2623997/
[info] Found PDF URL: https://www.cafc.uscourts.gov/opinions-orders/26-1087.ORDER.12-23-2025_2623997.pdf
[info] Case: 26-1087: SPECTRE CORP. v. US
[info] Case Number: 26-1087
[info] Opinion Date: 2025-12-23
[info] Precedential: No
[ok] Downloaded PDF: pdfs/26-1087.ORDER.12-23-2025_2623997.pdf
[info] Extracting text from: 26-1087.ORDER.12-23-2025_2623997.pdf
[info] Summarizing: 26-1087.ORDER.12-23-2025_2623997.pdf
[info] Using scraped metadata: date=2025-12-23, case=26-1087
[2025-12-24 12:14:07] Check completed

========================================
[2025-12-25 12:00:01] Starting Federal Circuit check...
[info] Authenticating with Gmail API...
[ok] Successfully authenticated
[info] Searching Gmail for: from:uscourts@updates.uscourts.gov after:2025/12/25 before:2025/12/26
[info] No emails found from uscourts@updates.uscourts.gov on 2025/12/25
[info] Searching Gmail for: from:drewwileyroberts@gmail.com after:2025/12/25 before:2025/12/26
[info] No emails found from drewwileyroberts@gmail.com on 2025/12/25

[ok] Processed 0 PDF(s)
[2025-12-25 12:00:03] Check completed

========================================
[2025-12-25 12:02:01] Starting Federal Circuit check...
[info] Authenticating with Gmail API...
[ok] Successfully authenticated
[info] Searching Gmail for: from:uscourts@updates.uscourts.gov after:2025/12/25 before:2025/12/26
[info] No emails found from uscourts@updates.uscourts.gov on 2025/12/25
[info] Searching Gmail for: from:drewwileyroberts@gmail.com after:2025/12/25 before:2025/12/26
[info] No emails found from drewwileyroberts@gmail.com on 2025/12/25

[ok] Processed 0 PDF(s)
[2025-12-25 12:02:03] Check completed

========================================
[2025-12-25 12:04:01] Starting Federal Circuit check...
[info] Authenticating with Gmail API...
[ok] Successfully authenticated
[info] Searching Gmail for: from:uscourts@updates.uscourts.gov after:2025/12/25 before:2025/12/26
[info] No emails found from uscourts@updates.uscourts.gov on 2025/12/25
[info] Searching Gmail for: from:drewwileyroberts@gmail.com after:2025/12/25 before:2025/12/26
[info] No emails found from drewwileyroberts@gmail.com on 2025/12/25

[ok] Processed 0 PDF(s)
[2025-12-25 12:04:02] Check completed

========================================
[2025-12-25 12:06:01] Starting Federal Circuit check...
[info] Authenticating with Gmail API...
[ok] Successfully authenticated
[info] Searching Gmail for: from:uscourts@updates.uscourts.gov after:2025/12/25 before:2025/12/26
[info] No emails found from uscourts@updates.uscourts.gov on 2025/12/25
[info] Searching Gmail for: from:drewwileyroberts@gmail.com after:2025/12/25 before:2025/12/26
[info] No emails found from drewwileyroberts@gmail.com on 2025/12/25

[ok] Processed 0 PDF(s)
[2025-12-25 12:06:09] Check completed

========================================
[2025-12-25 12:08:01] Starting Federal Circuit check...
[info] Authenticating with Gmail API...
[ok] Successfully authenticated
[info] Searching Gmail for: from:uscourts@updates.uscourts.gov after:2025/12/25 before:2025/12/26
[info] No emails found from uscourts@updates.uscourts.gov on 2025/12/25
[info] Searching Gmail for: from:drewwileyroberts@gmail.com after:2025/12/25 before:2025/12/26
[info] No emails found from drewwileyroberts@gmail.com on 2025/12/25

[ok] Processed 0 PDF(s)
[2025-12-25 12:08:03] Check completed

========================================
[2025-12-25 12:10:01] Starting Federal Circuit check...
[info] Authenticating with Gmail API...
[ok] Successfully authenticated
[info] Searching Gmail for: from:uscourts@updates.uscourts.gov after:2025/12/25 before:2025/12/26
[info] No emails found from uscourts@updates.uscourts.gov on 2025/12/25
[info] Searching Gmail for: from:drewwileyroberts@gmail.com after:2025/12/25 before:2025/12/26
[info] No emails found from drewwileyroberts@gmail.com on 2025/12/25

[ok] Processed 0 PDF(s)
[2025-12-25 12:10:02] Check completed

========================================
[2025-12-25 12:12:01] Starting Federal Circuit check...
[info] Authenticating with Gmail API...
[ok] Successfully authenticated
[info] Searching Gmail for: from:uscourts@updates.uscourts.gov after:2025/12/25 before:2025/12/26
[info] No emails found from uscourts@updates.uscourts.gov on 2025/12/25
[info] Searching Gmail for: from:drewwileyroberts@gmail.com after:2025/12/25 before:2025/12/26
[info] No emails found from drewwileyroberts@gmail.com on 2025/12/25

[ok] Processed 0 PDF(s)
[2025-12-25 12:12:03] Check completed

========================================
[2025-12-25 12:14:01] Starting Federal Circuit check...
[info] Authenticating with Gmail API...
[ok] Successfully authenticated
[info] Searching Gmail for: from:uscourts@updates.uscourts.gov after:2025/12/25 before:2025/12/26
[info] No emails found from uscourts@updates.uscourts.gov on 2025/12/25
[info] Searching Gmail for: from:drewwileyroberts@gmail.com after:2025/12/25 before:2025/12/26
[info] No emails found from drewwileyroberts@gmail.com on 2025/12/25

[ok] Processed 0 PDF(s)
[2025-12-25 12:14:02] Check completed

========================================
[2025-12-26 12:00:01] Starting Federal Circuit check...
[info] Authenticating with Gmail API...
[ok] Successfully authenticated
[info] Searching Gmail for: from:uscourts@updates.uscourts.gov after:2025/12/26 before:2025/12/27
[info] No emails found from uscourts@updates.uscourts.gov on 2025/12/26
[info] Searching Gmail for: from:drewwileyroberts@gmail.com after:2025/12/26 before:2025/12/27
[info] No emails found from drewwileyroberts@gmail.com on 2025/12/26

[ok] Processed 0 PDF(s)
[2025-12-26 12:00:03] Check completed

========================================
[2025-12-26 12:02:01] Starting Federal Circuit check...
[info] Authenticating with Gmail API...
[ok] Successfully authenticated
[info] Searching Gmail for: from:uscourts@updates.uscourts.gov after:2025/12/26 before:2025/12/27
[info] No emails found from uscourts@updates.uscourts.gov on 2025/12/26
[info] Searching Gmail for: from:drewwileyroberts@gmail.com after:2025/12/26 before:2025/12/27
[info] No emails found from drewwileyroberts@gmail.com on 2025/12/26

[ok] Processed 0 PDF(s)
[2025-12-26 12:02:03] Check completed

========================================
[2025-12-26 12:04:01] Starting Federal Circuit check...
[info] Authenticating with Gmail API...
[ok] Successfully authenticated
[info] Searching Gmail for: from:uscourts@updates.uscourts.gov after:2025/12/26 before:2025/12/27
[info] No emails found from uscourts@updates.uscourts.gov on 2025/12/26
[info] Searching Gmail for: from:drewwileyroberts@gmail.com after:2025/12/26 before:2025/12/27
[info] No emails found from drewwileyroberts@gmail.com on 2025/12/26

[ok] Processed 0 PDF(s)
[2025-12-26 12:04:02] Check completed

========================================
[2025-12-26 12:06:01] Starting Federal Circuit check...
[info] Authenticating with Gmail API...
[ok] Successfully authenticated
[info] Searching Gmail for: from:uscourts@updates.uscourts.gov after:2025/12/26 before:2025/12/27
[info] No emails found from uscourts@updates.uscourts.gov on 2025/12/26
[info] Searching Gmail for: from:drewwileyroberts@gmail.com after:2025/12/26 before:2025/12/27
[info] No emails found from drewwileyroberts@gmail.com on 2025/12/26

[ok] Processed 0 PDF(s)
[2025-12-26 12:06:03] Check completed

========================================
[2025-12-26 12:08:01] Starting Federal Circuit check...
[info] Authenticating with Gmail API...
[ok] Successfully authenticated
[info] Searching Gmail for: from:uscourts@updates.uscourts.gov after:2025/12/26 before:2025/12/27
[info] No emails found from uscourts@updates.uscourts.gov on 2025/12/26
[info] Searching Gmail for: from:drewwileyroberts@gmail.com after:2025/12/26 before:2025/12/27
[info] No emails found from drewwileyroberts@gmail.com on 2025/12/26

[ok] Processed 0 PDF(s)
[2025-12-26 12:08:02] Check completed

========================================
[2025-12-26 12:10:01] Starting Federal Circuit check...
[info] Authenticating with Gmail API...
[ok] Successfully authenticated
[info] Searching Gmail for: from:uscourts@updates.uscourts.gov after:2025/12/26 before:2025/12/27
[info] No emails found from uscourts@updates.uscourts.gov on 2025/12/26
[info] Searching Gmail for: from:drewwileyroberts@gmail.com after:2025/12/26 before:2025/12/27
[info] No emails found from drewwileyroberts@gmail.com on 2025/12/26

[ok] Processed 0 PDF(s)
[2025-12-26 12:10:03] Check completed

========================================
[2025-12-26 12:12:01] Starting Federal Circuit check...
[info] Authenticating with Gmail API...
[ok] Successfully authenticated
[info] Searching Gmail for: from:uscourts@updates.uscourts.gov after:2025/12/26 before:2025/12/27
[info] No emails found from uscourts@updates.uscourts.gov on 2025/12/26
[info] Searching Gmail for: from:drewwileyroberts@gmail.com after:2025/12/26 before:2025/12/27
[info] No emails found from drewwileyroberts@gmail.com on 2025/12/26

[ok] Processed 0 PDF(s)
[2025-12-26 12:12:03] Check completed

========================================
[2025-12-26 12:14:01] Starting Federal Circuit check...
[info] Authenticating with Gmail API...
[ok] Successfully authenticated
[info] Searching Gmail for: from:uscourts@updates.uscourts.gov after:2025/12/26 before:2025/12/27
[info] No emails found from uscourts@updates.uscourts.gov on 2025/12/26
[info] Searching Gmail for: from:drewwileyroberts@gmail.com after:2025/12/26 before:2025/12/27
[info] No emails found from drewwileyroberts@gmail.com on 2025/12/26

[ok] Processed 0 PDF(s)
[2025-12-26 12:14:02] Check completed

========================================
[2025-12-29 12:00:01] Starting Federal Circuit check...
[info] Authenticating with Gmail API...
[ok] Successfully authenticated
[info] Searching Gmail for: from:uscourts@updates.uscourts.gov after:2025/12/29 before:2025/12/30
[info] No emails found from uscourts@updates.uscourts.gov on 2025/12/29
[info] Searching Gmail for: from:drewwileyroberts@gmail.com after:2025/12/29 before:2025/12/30
[info] No emails found from drewwileyroberts@gmail.com on 2025/12/29

[ok] Processed 0 PDF(s)
[2025-12-29 12:00:03] Check completed

========================================
[2025-12-29 12:02:01] Starting Federal Circuit check...
Traceback (most recent call last):
  File "<frozen runpy>", line 198, in _run_module_as_main
  File "<frozen runpy>", line 88, in _run_code
  File "/home/pi/case-summarizer/summarizer/gmail_cli.py", line 116, in <module>
    raise SystemExit(main())
                     ~~~~^^
  File "/home/pi/case-summarizer/summarizer/gmail_cli.py", line 99, in main
    pdf_count = process_court_emails(
        service=service,
    ...<7 lines>...
        force=args.force,
    )
  File "/home/pi/case-summarizer/summarizer/gmail_checker.py", line 605, in process_court_emails
    result = summarize_text(text, prompt_file=prompt_file, opinion_date=opinion_date, case_number=case_number)
  File "/home/pi/case-summarizer/summarizer/openai_summarizer.py", line 299, in summarize_text
    structured_info = _extract_structured_info(client, model, text)
  File "/home/pi/case-summarizer/summarizer/openai_summarizer.py", line 232, in _extract_structured_info
    response = _call_model(client, model, structured_prompt, sample)
  File "/home/pi/case-summarizer/summarizer/openai_summarizer.py", line 61, in _call_model
    response = client.chat.completions.create(
        model=model,
    ...<4 lines>...
        temperature=0.2,
    )
  File "/home/pi/case-summarizer/.venv/lib/python3.13/site-packages/openai/_utils/_utils.py", line 286, in wrapper
    return func(*args, **kwargs)
  File "/home/pi/case-summarizer/.venv/lib/python3.13/site-packages/openai/resources/chat/completions/completions.py", line 1156, in create
    return self._post(
           ~~~~~~~~~~^
        "/chat/completions",
        ^^^^^^^^^^^^^^^^^^^^
    ...<46 lines>...
        stream_cls=Stream[ChatCompletionChunk],
        ^^^^^^^^^^^^^^^^^^^^^^^^^^^^^^^^^^^^^^^
    )
    ^
  File "/home/pi/case-summarizer/.venv/lib/python3.13/site-packages/openai/_base_client.py", line 1259, in post
    return cast(ResponseT, self.request(cast_to, opts, stream=stream, stream_cls=stream_cls))
                           ~~~~~~~~~~~~^^^^^^^^^^^^^^^^^^^^^^^^^^^^^^^^^^^^^^^^^^^^^^^^^^^^^
  File "/home/pi/case-summarizer/.venv/lib/python3.13/site-packages/openai/_base_client.py", line 1047, in request
    raise self._make_status_error_from_response(err.response) from None
openai.RateLimitError: Error code: 429 - {'error': {'message': 'You exceeded your current quota, please check your plan and billing details. For more information on this error, read the docs: https://platform.openai.com/docs/guides/error-codes/api-errors.', 'type': 'insufficient_quota', 'param': None, 'code': 'insufficient_quota'}}
[info] Authenticating with Gmail API...
[ok] Successfully authenticated
[info] Searching Gmail for: from:uscourts@updates.uscourts.gov after:2025/12/29 before:2025/12/30
[info] Found 1 email(s)
[info] Searching Gmail for: from:drewwileyroberts@gmail.com after:2025/12/29 before:2025/12/30
[info] No emails found from drewwileyroberts@gmail.com on 2025/12/29

[info] Processing email 1/1
[info] Found 5 link(s) in email
[info] Processing uscourts link: https://www.cafc.uscourts.gov/12-29-2025-26-1018-us-v-dervishaj-order-26-1018-order-12-29-2025_2624568/
[info] Found PDF URL: https://www.cafc.uscourts.gov/opinions-orders/26-1018.ORDER.12-29-2025_2624568.pdf
[info] Case: 26-1018: US v. DERVISHAJ
[info] Case Number: 26-1018
[info] Opinion Date: 2025-12-29
[info] Precedential: No
[ok] Downloaded PDF: pdfs/26-1018.ORDER.12-29-2025_2624568.pdf
[info] Extracting text from: 26-1018.ORDER.12-29-2025_2624568.pdf
[info] Summarizing: 26-1018.ORDER.12-29-2025_2624568.pdf
[info] Using scraped metadata: date=2025-12-29, case=26-1018
[2025-12-29 12:02:08] Check completed

========================================
[2025-12-29 12:04:01] Starting Federal Circuit check...
Traceback (most recent call last):
  File "<frozen runpy>", line 198, in _run_module_as_main
  File "<frozen runpy>", line 88, in _run_code
  File "/home/pi/case-summarizer/summarizer/gmail_cli.py", line 116, in <module>
    raise SystemExit(main())
                     ~~~~^^
  File "/home/pi/case-summarizer/summarizer/gmail_cli.py", line 99, in main
    pdf_count = process_court_emails(
        service=service,
    ...<7 lines>...
        force=args.force,
    )
  File "/home/pi/case-summarizer/summarizer/gmail_checker.py", line 605, in process_court_emails
    result = summarize_text(text, prompt_file=prompt_file, opinion_date=opinion_date, case_number=case_number)
  File "/home/pi/case-summarizer/summarizer/openai_summarizer.py", line 299, in summarize_text
    structured_info = _extract_structured_info(client, model, text)
  File "/home/pi/case-summarizer/summarizer/openai_summarizer.py", line 232, in _extract_structured_info
    response = _call_model(client, model, structured_prompt, sample)
  File "/home/pi/case-summarizer/summarizer/openai_summarizer.py", line 61, in _call_model
    response = client.chat.completions.create(
        model=model,
    ...<4 lines>...
        temperature=0.2,
    )
  File "/home/pi/case-summarizer/.venv/lib/python3.13/site-packages/openai/_utils/_utils.py", line 286, in wrapper
    return func(*args, **kwargs)
  File "/home/pi/case-summarizer/.venv/lib/python3.13/site-packages/openai/resources/chat/completions/completions.py", line 1156, in create
    return self._post(
           ~~~~~~~~~~^
        "/chat/completions",
        ^^^^^^^^^^^^^^^^^^^^
    ...<46 lines>...
        stream_cls=Stream[ChatCompletionChunk],
        ^^^^^^^^^^^^^^^^^^^^^^^^^^^^^^^^^^^^^^^
    )
    ^
  File "/home/pi/case-summarizer/.venv/lib/python3.13/site-packages/openai/_base_client.py", line 1259, in post
    return cast(ResponseT, self.request(cast_to, opts, stream=stream, stream_cls=stream_cls))
                           ~~~~~~~~~~~~^^^^^^^^^^^^^^^^^^^^^^^^^^^^^^^^^^^^^^^^^^^^^^^^^^^^^
  File "/home/pi/case-summarizer/.venv/lib/python3.13/site-packages/openai/_base_client.py", line 1047, in request
    raise self._make_status_error_from_response(err.response) from None
openai.RateLimitError: Error code: 429 - {'error': {'message': 'You exceeded your current quota, please check your plan and billing details. For more information on this error, read the docs: https://platform.openai.com/docs/guides/error-codes/api-errors.', 'type': 'insufficient_quota', 'param': None, 'code': 'insufficient_quota'}}
[info] Authenticating with Gmail API...
[ok] Successfully authenticated
[info] Searching Gmail for: from:uscourts@updates.uscourts.gov after:2025/12/29 before:2025/12/30
[info] Found 1 email(s)
[info] Searching Gmail for: from:drewwileyroberts@gmail.com after:2025/12/29 before:2025/12/30
[info] No emails found from drewwileyroberts@gmail.com on 2025/12/29

[info] Processing email 1/1
[info] Found 5 link(s) in email
[info] Processing uscourts link: https://www.cafc.uscourts.gov/12-29-2025-25-2055-smith-v-collins-order-25-2055-order-12-29-2025_2624525/
[info] Found PDF URL: https://www.cafc.uscourts.gov/opinions-orders/25-2055.ORDER.12-29-2025_2624525.pdf
[info] Case: 25-2055: SMITH v. COLLINS
[info] Case Number: 25-2055
[info] Opinion Date: 2025-12-29
[info] Precedential: No
[ok] Downloaded PDF: pdfs/25-2055.ORDER.12-29-2025_2624525.pdf
[info] Extracting text from: 25-2055.ORDER.12-29-2025_2624525.pdf
[info] Summarizing: 25-2055.ORDER.12-29-2025_2624525.pdf
[info] Using scraped metadata: date=2025-12-29, case=25-2055
[2025-12-29 12:04:07] Check completed

========================================
[2025-12-29 12:06:01] Starting Federal Circuit check...
Traceback (most recent call last):
  File "<frozen runpy>", line 198, in _run_module_as_main
  File "<frozen runpy>", line 88, in _run_code
  File "/home/pi/case-summarizer/summarizer/gmail_cli.py", line 116, in <module>
    raise SystemExit(main())
                     ~~~~^^
  File "/home/pi/case-summarizer/summarizer/gmail_cli.py", line 99, in main
    pdf_count = process_court_emails(
        service=service,
    ...<7 lines>...
        force=args.force,
    )
  File "/home/pi/case-summarizer/summarizer/gmail_checker.py", line 605, in process_court_emails
    result = summarize_text(text, prompt_file=prompt_file, opinion_date=opinion_date, case_number=case_number)
  File "/home/pi/case-summarizer/summarizer/openai_summarizer.py", line 299, in summarize_text
    structured_info = _extract_structured_info(client, model, text)
  File "/home/pi/case-summarizer/summarizer/openai_summarizer.py", line 232, in _extract_structured_info
    response = _call_model(client, model, structured_prompt, sample)
  File "/home/pi/case-summarizer/summarizer/openai_summarizer.py", line 61, in _call_model
    response = client.chat.completions.create(
        model=model,
    ...<4 lines>...
        temperature=0.2,
    )
  File "/home/pi/case-summarizer/.venv/lib/python3.13/site-packages/openai/_utils/_utils.py", line 286, in wrapper
    return func(*args, **kwargs)
  File "/home/pi/case-summarizer/.venv/lib/python3.13/site-packages/openai/resources/chat/completions/completions.py", line 1156, in create
    return self._post(
           ~~~~~~~~~~^
        "/chat/completions",
        ^^^^^^^^^^^^^^^^^^^^
    ...<46 lines>...
        stream_cls=Stream[ChatCompletionChunk],
        ^^^^^^^^^^^^^^^^^^^^^^^^^^^^^^^^^^^^^^^
    )
    ^
  File "/home/pi/case-summarizer/.venv/lib/python3.13/site-packages/openai/_base_client.py", line 1259, in post
    return cast(ResponseT, self.request(cast_to, opts, stream=stream, stream_cls=stream_cls))
                           ~~~~~~~~~~~~^^^^^^^^^^^^^^^^^^^^^^^^^^^^^^^^^^^^^^^^^^^^^^^^^^^^^
  File "/home/pi/case-summarizer/.venv/lib/python3.13/site-packages/openai/_base_client.py", line 1047, in request
    raise self._make_status_error_from_response(err.response) from None
openai.RateLimitError: Error code: 429 - {'error': {'message': 'You exceeded your current quota, please check your plan and billing details. For more information on this error, read the docs: https://platform.openai.com/docs/guides/error-codes/api-errors.', 'type': 'insufficient_quota', 'param': None, 'code': 'insufficient_quota'}}
[info] Authenticating with Gmail API...
[ok] Successfully authenticated
[info] Searching Gmail for: from:uscourts@updates.uscourts.gov after:2025/12/29 before:2025/12/30
[info] Found 1 email(s)
[info] Searching Gmail for: from:drewwileyroberts@gmail.com after:2025/12/29 before:2025/12/30
[info] No emails found from drewwileyroberts@gmail.com on 2025/12/29

[info] Processing email 1/1
[info] Found 5 link(s) in email
[info] Processing uscourts link: https://www.cafc.uscourts.gov/12-29-2025-26-1172-parrott-v-us-order-26-1172-order-12-29-2025_2624606/
[info] Found PDF URL: https://www.cafc.uscourts.gov/opinions-orders/26-1172.ORDER.12-29-2025_2624606.pdf
[info] Case: 26-1172: PARROTT v. US
[info] Case Number: 26-1172
[info] Opinion Date: 2025-12-29
[info] Precedential: No
[ok] Downloaded PDF: pdfs/26-1172.ORDER.12-29-2025_2624606.pdf
[info] Extracting text from: 26-1172.ORDER.12-29-2025_2624606.pdf
[info] Summarizing: 26-1172.ORDER.12-29-2025_2624606.pdf
[info] Using scraped metadata: date=2025-12-29, case=26-1172
[2025-12-29 12:06:07] Check completed

========================================
[2025-12-29 12:08:01] Starting Federal Circuit check...
Traceback (most recent call last):
  File "<frozen runpy>", line 198, in _run_module_as_main
  File "<frozen runpy>", line 88, in _run_code
  File "/home/pi/case-summarizer/summarizer/gmail_cli.py", line 116, in <module>
    raise SystemExit(main())
                     ~~~~^^
  File "/home/pi/case-summarizer/summarizer/gmail_cli.py", line 99, in main
    pdf_count = process_court_emails(
        service=service,
    ...<7 lines>...
        force=args.force,
    )
  File "/home/pi/case-summarizer/summarizer/gmail_checker.py", line 605, in process_court_emails
    result = summarize_text(text, prompt_file=prompt_file, opinion_date=opinion_date, case_number=case_number)
  File "/home/pi/case-summarizer/summarizer/openai_summarizer.py", line 299, in summarize_text
    structured_info = _extract_structured_info(client, model, text)
  File "/home/pi/case-summarizer/summarizer/openai_summarizer.py", line 232, in _extract_structured_info
    response = _call_model(client, model, structured_prompt, sample)
  File "/home/pi/case-summarizer/summarizer/openai_summarizer.py", line 61, in _call_model
    response = client.chat.completions.create(
        model=model,
    ...<4 lines>...
        temperature=0.2,
    )
  File "/home/pi/case-summarizer/.venv/lib/python3.13/site-packages/openai/_utils/_utils.py", line 286, in wrapper
    return func(*args, **kwargs)
  File "/home/pi/case-summarizer/.venv/lib/python3.13/site-packages/openai/resources/chat/completions/completions.py", line 1156, in create
    return self._post(
           ~~~~~~~~~~^
        "/chat/completions",
        ^^^^^^^^^^^^^^^^^^^^
    ...<46 lines>...
        stream_cls=Stream[ChatCompletionChunk],
        ^^^^^^^^^^^^^^^^^^^^^^^^^^^^^^^^^^^^^^^
    )
    ^
  File "/home/pi/case-summarizer/.venv/lib/python3.13/site-packages/openai/_base_client.py", line 1259, in post
    return cast(ResponseT, self.request(cast_to, opts, stream=stream, stream_cls=stream_cls))
                           ~~~~~~~~~~~~^^^^^^^^^^^^^^^^^^^^^^^^^^^^^^^^^^^^^^^^^^^^^^^^^^^^^
  File "/home/pi/case-summarizer/.venv/lib/python3.13/site-packages/openai/_base_client.py", line 1047, in request
    raise self._make_status_error_from_response(err.response) from None
openai.RateLimitError: Error code: 429 - {'error': {'message': 'You exceeded your current quota, please check your plan and billing details. For more information on this error, read the docs: https://platform.openai.com/docs/guides/error-codes/api-errors.', 'type': 'insufficient_quota', 'param': None, 'code': 'insufficient_quota'}}
[info] Authenticating with Gmail API...
[ok] Successfully authenticated
[info] Searching Gmail for: from:uscourts@updates.uscourts.gov after:2025/12/29 before:2025/12/30
[info] Found 1 email(s)
[info] Searching Gmail for: from:drewwileyroberts@gmail.com after:2025/12/29 before:2025/12/30
[info] No emails found from drewwileyroberts@gmail.com on 2025/12/29

[info] Processing email 1/1
[info] Found 5 link(s) in email
[info] Processing uscourts link: https://www.cafc.uscourts.gov/12-29-2025-26-1018-us-v-dervishaj-order-26-1018-order-12-29-2025_2624568/
[info] Found PDF URL: https://www.cafc.uscourts.gov/opinions-orders/26-1018.ORDER.12-29-2025_2624568.pdf
[info] Case: 26-1018: US v. DERVISHAJ
[info] Case Number: 26-1018
[info] Opinion Date: 2025-12-29
[info] Precedential: No
[ok] Downloaded PDF: pdfs/26-1018.ORDER.12-29-2025_2624568.pdf
[info] Extracting text from: 26-1018.ORDER.12-29-2025_2624568.pdf
[info] Summarizing: 26-1018.ORDER.12-29-2025_2624568.pdf
[info] Using scraped metadata: date=2025-12-29, case=26-1018
[2025-12-29 12:08:06] Check completed

========================================
[2025-12-29 12:10:01] Starting Federal Circuit check...
Traceback (most recent call last):
  File "<frozen runpy>", line 198, in _run_module_as_main
  File "<frozen runpy>", line 88, in _run_code
  File "/home/pi/case-summarizer/summarizer/gmail_cli.py", line 116, in <module>
    raise SystemExit(main())
                     ~~~~^^
  File "/home/pi/case-summarizer/summarizer/gmail_cli.py", line 99, in main
    pdf_count = process_court_emails(
        service=service,
    ...<7 lines>...
        force=args.force,
    )
  File "/home/pi/case-summarizer/summarizer/gmail_checker.py", line 605, in process_court_emails
    result = summarize_text(text, prompt_file=prompt_file, opinion_date=opinion_date, case_number=case_number)
  File "/home/pi/case-summarizer/summarizer/openai_summarizer.py", line 299, in summarize_text
    structured_info = _extract_structured_info(client, model, text)
  File "/home/pi/case-summarizer/summarizer/openai_summarizer.py", line 232, in _extract_structured_info
    response = _call_model(client, model, structured_prompt, sample)
  File "/home/pi/case-summarizer/summarizer/openai_summarizer.py", line 61, in _call_model
    response = client.chat.completions.create(
        model=model,
    ...<4 lines>...
        temperature=0.2,
    )
  File "/home/pi/case-summarizer/.venv/lib/python3.13/site-packages/openai/_utils/_utils.py", line 286, in wrapper
    return func(*args, **kwargs)
  File "/home/pi/case-summarizer/.venv/lib/python3.13/site-packages/openai/resources/chat/completions/completions.py", line 1156, in create
    return self._post(
           ~~~~~~~~~~^
        "/chat/completions",
        ^^^^^^^^^^^^^^^^^^^^
    ...<46 lines>...
        stream_cls=Stream[ChatCompletionChunk],
        ^^^^^^^^^^^^^^^^^^^^^^^^^^^^^^^^^^^^^^^
    )
    ^
  File "/home/pi/case-summarizer/.venv/lib/python3.13/site-packages/openai/_base_client.py", line 1259, in post
    return cast(ResponseT, self.request(cast_to, opts, stream=stream, stream_cls=stream_cls))
                           ~~~~~~~~~~~~^^^^^^^^^^^^^^^^^^^^^^^^^^^^^^^^^^^^^^^^^^^^^^^^^^^^^
  File "/home/pi/case-summarizer/.venv/lib/python3.13/site-packages/openai/_base_client.py", line 1047, in request
    raise self._make_status_error_from_response(err.response) from None
openai.RateLimitError: Error code: 429 - {'error': {'message': 'You exceeded your current quota, please check your plan and billing details. For more information on this error, read the docs: https://platform.openai.com/docs/guides/error-codes/api-errors.', 'type': 'insufficient_quota', 'param': None, 'code': 'insufficient_quota'}}
[info] Authenticating with Gmail API...
[ok] Successfully authenticated
[info] Searching Gmail for: from:uscourts@updates.uscourts.gov after:2025/12/29 before:2025/12/30
[info] Found 1 email(s)
[info] Searching Gmail for: from:drewwileyroberts@gmail.com after:2025/12/29 before:2025/12/30
[info] No emails found from drewwileyroberts@gmail.com on 2025/12/29

[info] Processing email 1/1
[info] Found 5 link(s) in email
[info] Processing uscourts link: https://www.cafc.uscourts.gov/12-29-2025-25-2055-smith-v-collins-order-25-2055-order-12-29-2025_2624525/
[info] Found PDF URL: https://www.cafc.uscourts.gov/opinions-orders/25-2055.ORDER.12-29-2025_2624525.pdf
[info] Case: 25-2055: SMITH v. COLLINS
[info] Case Number: 25-2055
[info] Opinion Date: 2025-12-29
[info] Precedential: No
[ok] Downloaded PDF: pdfs/25-2055.ORDER.12-29-2025_2624525.pdf
[info] Extracting text from: 25-2055.ORDER.12-29-2025_2624525.pdf
[info] Summarizing: 25-2055.ORDER.12-29-2025_2624525.pdf
[info] Using scraped metadata: date=2025-12-29, case=25-2055
[2025-12-29 12:10:06] Check completed

========================================
[2025-12-29 12:12:01] Starting Federal Circuit check...
Traceback (most recent call last):
  File "<frozen runpy>", line 198, in _run_module_as_main
  File "<frozen runpy>", line 88, in _run_code
  File "/home/pi/case-summarizer/summarizer/gmail_cli.py", line 116, in <module>
    raise SystemExit(main())
                     ~~~~^^
  File "/home/pi/case-summarizer/summarizer/gmail_cli.py", line 99, in main
    pdf_count = process_court_emails(
        service=service,
    ...<7 lines>...
        force=args.force,
    )
  File "/home/pi/case-summarizer/summarizer/gmail_checker.py", line 605, in process_court_emails
    result = summarize_text(text, prompt_file=prompt_file, opinion_date=opinion_date, case_number=case_number)
  File "/home/pi/case-summarizer/summarizer/openai_summarizer.py", line 299, in summarize_text
    structured_info = _extract_structured_info(client, model, text)
  File "/home/pi/case-summarizer/summarizer/openai_summarizer.py", line 232, in _extract_structured_info
    response = _call_model(client, model, structured_prompt, sample)
  File "/home/pi/case-summarizer/summarizer/openai_summarizer.py", line 61, in _call_model
    response = client.chat.completions.create(
        model=model,
    ...<4 lines>...
        temperature=0.2,
    )
  File "/home/pi/case-summarizer/.venv/lib/python3.13/site-packages/openai/_utils/_utils.py", line 286, in wrapper
    return func(*args, **kwargs)
  File "/home/pi/case-summarizer/.venv/lib/python3.13/site-packages/openai/resources/chat/completions/completions.py", line 1156, in create
    return self._post(
           ~~~~~~~~~~^
        "/chat/completions",
        ^^^^^^^^^^^^^^^^^^^^
    ...<46 lines>...
        stream_cls=Stream[ChatCompletionChunk],
        ^^^^^^^^^^^^^^^^^^^^^^^^^^^^^^^^^^^^^^^
    )
    ^
  File "/home/pi/case-summarizer/.venv/lib/python3.13/site-packages/openai/_base_client.py", line 1259, in post
    return cast(ResponseT, self.request(cast_to, opts, stream=stream, stream_cls=stream_cls))
                           ~~~~~~~~~~~~^^^^^^^^^^^^^^^^^^^^^^^^^^^^^^^^^^^^^^^^^^^^^^^^^^^^^
  File "/home/pi/case-summarizer/.venv/lib/python3.13/site-packages/openai/_base_client.py", line 1047, in request
    raise self._make_status_error_from_response(err.response) from None
openai.RateLimitError: Error code: 429 - {'error': {'message': 'You exceeded your current quota, please check your plan and billing details. For more information on this error, read the docs: https://platform.openai.com/docs/guides/error-codes/api-errors.', 'type': 'insufficient_quota', 'param': None, 'code': 'insufficient_quota'}}
[info] Authenticating with Gmail API...
[ok] Successfully authenticated
[info] Searching Gmail for: from:uscourts@updates.uscourts.gov after:2025/12/29 before:2025/12/30
[info] Found 1 email(s)
[info] Searching Gmail for: from:drewwileyroberts@gmail.com after:2025/12/29 before:2025/12/30
[info] No emails found from drewwileyroberts@gmail.com on 2025/12/29

[info] Processing email 1/1
[info] Found 5 link(s) in email
[info] Processing uscourts link: https://www.cafc.uscourts.gov/12-29-2025-25-1976-fitzgerald-v-mspb-order-25-1976-order-12-29-2025_2624480/
[info] Found PDF URL: https://www.cafc.uscourts.gov/opinions-orders/25-1976.ORDER.12-29-2025_2624480.pdf
[info] Case: 25-1976: FITZGERALD v. MSPB
[info] Case Number: 25-1976
[info] Opinion Date: 2025-12-29
[info] Precedential: No
[ok] Downloaded PDF: pdfs/25-1976.ORDER.12-29-2025_2624480.pdf
[info] Extracting text from: 25-1976.ORDER.12-29-2025_2624480.pdf
[info] Summarizing: 25-1976.ORDER.12-29-2025_2624480.pdf
[info] Using scraped metadata: date=2025-12-29, case=25-1976
[2025-12-29 12:12:06] Check completed

========================================
[2025-12-29 12:14:01] Starting Federal Circuit check...
Traceback (most recent call last):
  File "<frozen runpy>", line 198, in _run_module_as_main
  File "<frozen runpy>", line 88, in _run_code
  File "/home/pi/case-summarizer/summarizer/gmail_cli.py", line 116, in <module>
    raise SystemExit(main())
                     ~~~~^^
  File "/home/pi/case-summarizer/summarizer/gmail_cli.py", line 99, in main
    pdf_count = process_court_emails(
        service=service,
    ...<7 lines>...
        force=args.force,
    )
  File "/home/pi/case-summarizer/summarizer/gmail_checker.py", line 605, in process_court_emails
    result = summarize_text(text, prompt_file=prompt_file, opinion_date=opinion_date, case_number=case_number)
  File "/home/pi/case-summarizer/summarizer/openai_summarizer.py", line 299, in summarize_text
    structured_info = _extract_structured_info(client, model, text)
  File "/home/pi/case-summarizer/summarizer/openai_summarizer.py", line 232, in _extract_structured_info
    response = _call_model(client, model, structured_prompt, sample)
  File "/home/pi/case-summarizer/summarizer/openai_summarizer.py", line 61, in _call_model
    response = client.chat.completions.create(
        model=model,
    ...<4 lines>...
        temperature=0.2,
    )
  File "/home/pi/case-summarizer/.venv/lib/python3.13/site-packages/openai/_utils/_utils.py", line 286, in wrapper
    return func(*args, **kwargs)
  File "/home/pi/case-summarizer/.venv/lib/python3.13/site-packages/openai/resources/chat/completions/completions.py", line 1156, in create
    return self._post(
           ~~~~~~~~~~^
        "/chat/completions",
        ^^^^^^^^^^^^^^^^^^^^
    ...<46 lines>...
        stream_cls=Stream[ChatCompletionChunk],
        ^^^^^^^^^^^^^^^^^^^^^^^^^^^^^^^^^^^^^^^
    )
    ^
  File "/home/pi/case-summarizer/.venv/lib/python3.13/site-packages/openai/_base_client.py", line 1259, in post
    return cast(ResponseT, self.request(cast_to, opts, stream=stream, stream_cls=stream_cls))
                           ~~~~~~~~~~~~^^^^^^^^^^^^^^^^^^^^^^^^^^^^^^^^^^^^^^^^^^^^^^^^^^^^^
  File "/home/pi/case-summarizer/.venv/lib/python3.13/site-packages/openai/_base_client.py", line 1047, in request
    raise self._make_status_error_from_response(err.response) from None
openai.RateLimitError: Error code: 429 - {'error': {'message': 'You exceeded your current quota, please check your plan and billing details. For more information on this error, read the docs: https://platform.openai.com/docs/guides/error-codes/api-errors.', 'type': 'insufficient_quota', 'param': None, 'code': 'insufficient_quota'}}
[info] Authenticating with Gmail API...
[ok] Successfully authenticated
[info] Searching Gmail for: from:uscourts@updates.uscourts.gov after:2025/12/29 before:2025/12/30
[info] Found 1 email(s)
[info] Searching Gmail for: from:drewwileyroberts@gmail.com after:2025/12/29 before:2025/12/30
[info] No emails found from drewwileyroberts@gmail.com on 2025/12/29

[info] Processing email 1/1
[info] Found 5 link(s) in email
[info] Processing uscourts link: https://www.cafc.uscourts.gov/12-29-2025-25-1751-jac-v-hhs-opinion-25-1751-opinion-12-29-2025_2624481/
[info] Found PDF URL: https://www.cafc.uscourts.gov/opinions-orders/25-1751.OPINION.12-29-2025_2624481.pdf
[info] Case: 25-1751: J.A.C. v. HHS
[info] Case Number: 25-1751
[info] Opinion Date: 2025-12-29
[info] Precedential: No
[ok] Downloaded PDF: pdfs/25-1751.OPINION.12-29-2025_2624481.pdf
[info] Extracting text from: 25-1751.OPINION.12-29-2025_2624481.pdf
[info] Summarizing: 25-1751.OPINION.12-29-2025_2624481.pdf
[info] Using scraped metadata: date=2025-12-29, case=25-1751
[2025-12-29 12:14:06] Check completed

========================================
[2025-12-30 12:00:01] Starting Federal Circuit check...
[info] Authenticating with Gmail API...
[ok] Successfully authenticated
[info] Searching Gmail for: from:uscourts@updates.uscourts.gov after:2025/12/30 before:2025/12/31
[info] No emails found from uscourts@updates.uscourts.gov on 2025/12/30
[info] Searching Gmail for: from:drewwileyroberts@gmail.com after:2025/12/30 before:2025/12/31
[info] No emails found from drewwileyroberts@gmail.com on 2025/12/30

[ok] Processed 0 PDF(s)
[2025-12-30 12:00:03] Check completed

========================================
[2025-12-30 12:02:01] Starting Federal Circuit check...
Traceback (most recent call last):
  File "<frozen runpy>", line 198, in _run_module_as_main
  File "<frozen runpy>", line 88, in _run_code
  File "/home/pi/case-summarizer/summarizer/gmail_cli.py", line 116, in <module>
    raise SystemExit(main())
                     ~~~~^^
  File "/home/pi/case-summarizer/summarizer/gmail_cli.py", line 99, in main
    pdf_count = process_court_emails(
        service=service,
    ...<7 lines>...
        force=args.force,
    )
  File "/home/pi/case-summarizer/summarizer/gmail_checker.py", line 605, in process_court_emails
    result = summarize_text(text, prompt_file=prompt_file, opinion_date=opinion_date, case_number=case_number)
  File "/home/pi/case-summarizer/summarizer/openai_summarizer.py", line 299, in summarize_text
    structured_info = _extract_structured_info(client, model, text)
  File "/home/pi/case-summarizer/summarizer/openai_summarizer.py", line 232, in _extract_structured_info
    response = _call_model(client, model, structured_prompt, sample)
  File "/home/pi/case-summarizer/summarizer/openai_summarizer.py", line 61, in _call_model
    response = client.chat.completions.create(
        model=model,
    ...<4 lines>...
        temperature=0.2,
    )
  File "/home/pi/case-summarizer/.venv/lib/python3.13/site-packages/openai/_utils/_utils.py", line 286, in wrapper
    return func(*args, **kwargs)
  File "/home/pi/case-summarizer/.venv/lib/python3.13/site-packages/openai/resources/chat/completions/completions.py", line 1156, in create
    return self._post(
           ~~~~~~~~~~^
        "/chat/completions",
        ^^^^^^^^^^^^^^^^^^^^
    ...<46 lines>...
        stream_cls=Stream[ChatCompletionChunk],
        ^^^^^^^^^^^^^^^^^^^^^^^^^^^^^^^^^^^^^^^
    )
    ^
  File "/home/pi/case-summarizer/.venv/lib/python3.13/site-packages/openai/_base_client.py", line 1259, in post
    return cast(ResponseT, self.request(cast_to, opts, stream=stream, stream_cls=stream_cls))
                           ~~~~~~~~~~~~^^^^^^^^^^^^^^^^^^^^^^^^^^^^^^^^^^^^^^^^^^^^^^^^^^^^^
  File "/home/pi/case-summarizer/.venv/lib/python3.13/site-packages/openai/_base_client.py", line 1047, in request
    raise self._make_status_error_from_response(err.response) from None
openai.RateLimitError: Error code: 429 - {'error': {'message': 'You exceeded your current quota, please check your plan and billing details. For more information on this error, read the docs: https://platform.openai.com/docs/guides/error-codes/api-errors.', 'type': 'insufficient_quota', 'param': None, 'code': 'insufficient_quota'}}
[info] Authenticating with Gmail API...
[ok] Successfully authenticated
[info] Searching Gmail for: from:uscourts@updates.uscourts.gov after:2025/12/30 before:2025/12/31
[info] Found 1 email(s)
[info] Searching Gmail for: from:drewwileyroberts@gmail.com after:2025/12/30 before:2025/12/31
[info] No emails found from drewwileyroberts@gmail.com on 2025/12/30

[info] Processing email 1/1
[info] Found 9 link(s) in email
[info] Processing uscourts link: https://www.cafc.uscourts.gov/12-30-2025-25-1356-yue-v-hanna-order-25-1356-order-12-30-2025_2625443/
[info] Found PDF URL: https://www.cafc.uscourts.gov/opinions-orders/25-1356.ORDER.12-30-2025_2625443.pdf
[info] Case: 25-1356: YUE v. HANNA
[info] Case Number: 25-1356
[info] Opinion Date: 2025-12-30
[info] Precedential: No
[ok] Downloaded PDF: pdfs/25-1356.ORDER.12-30-2025_2625443.pdf
[info] Extracting text from: 25-1356.ORDER.12-30-2025_2625443.pdf
[info] Summarizing: 25-1356.ORDER.12-30-2025_2625443.pdf
[info] Using scraped metadata: date=2025-12-30, case=25-1356
[2025-12-30 12:02:07] Check completed

========================================
[2025-12-30 12:04:01] Starting Federal Circuit check...
Traceback (most recent call last):
  File "<frozen runpy>", line 198, in _run_module_as_main
  File "<frozen runpy>", line 88, in _run_code
  File "/home/pi/case-summarizer/summarizer/gmail_cli.py", line 116, in <module>
    raise SystemExit(main())
                     ~~~~^^
  File "/home/pi/case-summarizer/summarizer/gmail_cli.py", line 99, in main
    pdf_count = process_court_emails(
        service=service,
    ...<7 lines>...
        force=args.force,
    )
  File "/home/pi/case-summarizer/summarizer/gmail_checker.py", line 605, in process_court_emails
    result = summarize_text(text, prompt_file=prompt_file, opinion_date=opinion_date, case_number=case_number)
  File "/home/pi/case-summarizer/summarizer/openai_summarizer.py", line 299, in summarize_text
    structured_info = _extract_structured_info(client, model, text)
  File "/home/pi/case-summarizer/summarizer/openai_summarizer.py", line 232, in _extract_structured_info
    response = _call_model(client, model, structured_prompt, sample)
  File "/home/pi/case-summarizer/summarizer/openai_summarizer.py", line 61, in _call_model
    response = client.chat.completions.create(
        model=model,
    ...<4 lines>...
        temperature=0.2,
    )
  File "/home/pi/case-summarizer/.venv/lib/python3.13/site-packages/openai/_utils/_utils.py", line 286, in wrapper
    return func(*args, **kwargs)
  File "/home/pi/case-summarizer/.venv/lib/python3.13/site-packages/openai/resources/chat/completions/completions.py", line 1156, in create
    return self._post(
           ~~~~~~~~~~^
        "/chat/completions",
        ^^^^^^^^^^^^^^^^^^^^
    ...<46 lines>...
        stream_cls=Stream[ChatCompletionChunk],
        ^^^^^^^^^^^^^^^^^^^^^^^^^^^^^^^^^^^^^^^
    )
    ^
  File "/home/pi/case-summarizer/.venv/lib/python3.13/site-packages/openai/_base_client.py", line 1259, in post
    return cast(ResponseT, self.request(cast_to, opts, stream=stream, stream_cls=stream_cls))
                           ~~~~~~~~~~~~^^^^^^^^^^^^^^^^^^^^^^^^^^^^^^^^^^^^^^^^^^^^^^^^^^^^^
  File "/home/pi/case-summarizer/.venv/lib/python3.13/site-packages/openai/_base_client.py", line 1047, in request
    raise self._make_status_error_from_response(err.response) from None
openai.RateLimitError: Error code: 429 - {'error': {'message': 'You exceeded your current quota, please check your plan and billing details. For more information on this error, read the docs: https://platform.openai.com/docs/guides/error-codes/api-errors.', 'type': 'insufficient_quota', 'param': None, 'code': 'insufficient_quota'}}
[info] Authenticating with Gmail API...
[ok] Successfully authenticated
[info] Searching Gmail for: from:uscourts@updates.uscourts.gov after:2025/12/30 before:2025/12/31
[info] Found 1 email(s)
[info] Searching Gmail for: from:drewwileyroberts@gmail.com after:2025/12/30 before:2025/12/31
[info] No emails found from drewwileyroberts@gmail.com on 2025/12/30

[info] Processing email 1/1
[info] Found 9 link(s) in email
[info] Processing uscourts link: https://www.cafc.uscourts.gov/12-30-2025-25-2040-barrington-v-university-of-richmond-order-25-2040-order-12-30-2025_2625579/
[info] Found PDF URL: https://www.cafc.uscourts.gov/opinions-orders/25-2040.ORDER.12-30-2025_2625579.pdf
[info] Case: 25-2040: BARRINGTON v. UNIVERSITY OF RICHMOND
[info] Case Number: 25-2040
[info] Opinion Date: 2025-12-30
[info] Precedential: No
[ok] Downloaded PDF: pdfs/25-2040.ORDER.12-30-2025_2625579.pdf
[info] Extracting text from: 25-2040.ORDER.12-30-2025_2625579.pdf
[info] Summarizing: 25-2040.ORDER.12-30-2025_2625579.pdf
[info] Using scraped metadata: date=2025-12-30, case=25-2040
[2025-12-30 12:04:07] Check completed

========================================
[2025-12-30 12:06:01] Starting Federal Circuit check...
Traceback (most recent call last):
  File "<frozen runpy>", line 198, in _run_module_as_main
  File "<frozen runpy>", line 88, in _run_code
  File "/home/pi/case-summarizer/summarizer/gmail_cli.py", line 116, in <module>
    raise SystemExit(main())
                     ~~~~^^
  File "/home/pi/case-summarizer/summarizer/gmail_cli.py", line 99, in main
    pdf_count = process_court_emails(
        service=service,
    ...<7 lines>...
        force=args.force,
    )
  File "/home/pi/case-summarizer/summarizer/gmail_checker.py", line 605, in process_court_emails
    result = summarize_text(text, prompt_file=prompt_file, opinion_date=opinion_date, case_number=case_number)
  File "/home/pi/case-summarizer/summarizer/openai_summarizer.py", line 299, in summarize_text
    structured_info = _extract_structured_info(client, model, text)
  File "/home/pi/case-summarizer/summarizer/openai_summarizer.py", line 232, in _extract_structured_info
    response = _call_model(client, model, structured_prompt, sample)
  File "/home/pi/case-summarizer/summarizer/openai_summarizer.py", line 61, in _call_model
    response = client.chat.completions.create(
        model=model,
    ...<4 lines>...
        temperature=0.2,
    )
  File "/home/pi/case-summarizer/.venv/lib/python3.13/site-packages/openai/_utils/_utils.py", line 286, in wrapper
    return func(*args, **kwargs)
  File "/home/pi/case-summarizer/.venv/lib/python3.13/site-packages/openai/resources/chat/completions/completions.py", line 1156, in create
    return self._post(
           ~~~~~~~~~~^
        "/chat/completions",
        ^^^^^^^^^^^^^^^^^^^^
    ...<46 lines>...
        stream_cls=Stream[ChatCompletionChunk],
        ^^^^^^^^^^^^^^^^^^^^^^^^^^^^^^^^^^^^^^^
    )
    ^
  File "/home/pi/case-summarizer/.venv/lib/python3.13/site-packages/openai/_base_client.py", line 1259, in post
    return cast(ResponseT, self.request(cast_to, opts, stream=stream, stream_cls=stream_cls))
                           ~~~~~~~~~~~~^^^^^^^^^^^^^^^^^^^^^^^^^^^^^^^^^^^^^^^^^^^^^^^^^^^^^
  File "/home/pi/case-summarizer/.venv/lib/python3.13/site-packages/openai/_base_client.py", line 1047, in request
    raise self._make_status_error_from_response(err.response) from None
openai.RateLimitError: Error code: 429 - {'error': {'message': 'You exceeded your current quota, please check your plan and billing details. For more information on this error, read the docs: https://platform.openai.com/docs/guides/error-codes/api-errors.', 'type': 'insufficient_quota', 'param': None, 'code': 'insufficient_quota'}}
[info] Authenticating with Gmail API...
[ok] Successfully authenticated
[info] Searching Gmail for: from:uscourts@updates.uscourts.gov after:2025/12/30 before:2025/12/31
[info] Found 1 email(s)
[info] Searching Gmail for: from:drewwileyroberts@gmail.com after:2025/12/30 before:2025/12/31
[info] No emails found from drewwileyroberts@gmail.com on 2025/12/30

[info] Processing email 1/1
[info] Found 9 link(s) in email
[info] Processing uscourts link: https://www.cafc.uscourts.gov/12-30-2025-25-1506-howard-v-defense-errata-25-1506-errata-12-30-2025_2625521/
[info] Found PDF URL: https://www.cafc.uscourts.gov/opinions-orders/25-1506.ERRATA.12-30-2025_2625521.pdf
[info] Case: 25-1506: HOWARD v. DEFENSE [ERRATA]
[info] Case Number: 25-1506
[info] Opinion Date: 2025-12-30
[info] Precedential: No
[ok] Downloaded PDF: pdfs/25-1506.ERRATA.12-30-2025_2625521.pdf
[info] Extracting text from: 25-1506.ERRATA.12-30-2025_2625521.pdf
[info] Summarizing: 25-1506.ERRATA.12-30-2025_2625521.pdf
[info] Using scraped metadata: date=2025-12-30, case=25-1506
[2025-12-30 12:06:07] Check completed

========================================
[2025-12-30 12:08:01] Starting Federal Circuit check...
Traceback (most recent call last):
  File "<frozen runpy>", line 198, in _run_module_as_main
  File "<frozen runpy>", line 88, in _run_code
  File "/home/pi/case-summarizer/summarizer/gmail_cli.py", line 116, in <module>
    raise SystemExit(main())
                     ~~~~^^
  File "/home/pi/case-summarizer/summarizer/gmail_cli.py", line 99, in main
    pdf_count = process_court_emails(
        service=service,
    ...<7 lines>...
        force=args.force,
    )
  File "/home/pi/case-summarizer/summarizer/gmail_checker.py", line 605, in process_court_emails
    result = summarize_text(text, prompt_file=prompt_file, opinion_date=opinion_date, case_number=case_number)
  File "/home/pi/case-summarizer/summarizer/openai_summarizer.py", line 299, in summarize_text
    structured_info = _extract_structured_info(client, model, text)
  File "/home/pi/case-summarizer/summarizer/openai_summarizer.py", line 232, in _extract_structured_info
    response = _call_model(client, model, structured_prompt, sample)
  File "/home/pi/case-summarizer/summarizer/openai_summarizer.py", line 61, in _call_model
    response = client.chat.completions.create(
        model=model,
    ...<4 lines>...
        temperature=0.2,
    )
  File "/home/pi/case-summarizer/.venv/lib/python3.13/site-packages/openai/_utils/_utils.py", line 286, in wrapper
    return func(*args, **kwargs)
  File "/home/pi/case-summarizer/.venv/lib/python3.13/site-packages/openai/resources/chat/completions/completions.py", line 1156, in create
    return self._post(
           ~~~~~~~~~~^
        "/chat/completions",
        ^^^^^^^^^^^^^^^^^^^^
    ...<46 lines>...
        stream_cls=Stream[ChatCompletionChunk],
        ^^^^^^^^^^^^^^^^^^^^^^^^^^^^^^^^^^^^^^^
    )
    ^
  File "/home/pi/case-summarizer/.venv/lib/python3.13/site-packages/openai/_base_client.py", line 1259, in post
    return cast(ResponseT, self.request(cast_to, opts, stream=stream, stream_cls=stream_cls))
                           ~~~~~~~~~~~~^^^^^^^^^^^^^^^^^^^^^^^^^^^^^^^^^^^^^^^^^^^^^^^^^^^^^
  File "/home/pi/case-summarizer/.venv/lib/python3.13/site-packages/openai/_base_client.py", line 1047, in request
    raise self._make_status_error_from_response(err.response) from None
openai.RateLimitError: Error code: 429 - {'error': {'message': 'You exceeded your current quota, please check your plan and billing details. For more information on this error, read the docs: https://platform.openai.com/docs/guides/error-codes/api-errors.', 'type': 'insufficient_quota', 'param': None, 'code': 'insufficient_quota'}}
[info] Authenticating with Gmail API...
[ok] Successfully authenticated
[info] Searching Gmail for: from:uscourts@updates.uscourts.gov after:2025/12/30 before:2025/12/31
[info] Found 1 email(s)
[info] Searching Gmail for: from:drewwileyroberts@gmail.com after:2025/12/30 before:2025/12/31
[info] No emails found from drewwileyroberts@gmail.com on 2025/12/30

[info] Processing email 1/1
[info] Found 9 link(s) in email
[info] Processing uscourts link: https://www.cafc.uscourts.gov/12-30-2025-26-106-in-re-mitchell-order-26-106-order-12-30-2025_2625457/
[info] Found PDF URL: https://www.cafc.uscourts.gov/opinions-orders/26-106.ORDER.12-30-2025_2625457.pdf
[info] Case: 26-106: In Re MITCHELL
[info] Case Number: 26-106
[info] Opinion Date: 2025-12-30
[info] Precedential: No
[ok] Downloaded PDF: pdfs/26-106.ORDER.12-30-2025_2625457.pdf
[info] Extracting text from: 26-106.ORDER.12-30-2025_2625457.pdf
[info] Summarizing: 26-106.ORDER.12-30-2025_2625457.pdf
[info] Using scraped metadata: date=2025-12-30, case=26-106
[2025-12-30 12:08:06] Check completed

========================================
[2025-12-30 12:10:01] Starting Federal Circuit check...
Traceback (most recent call last):
  File "<frozen runpy>", line 198, in _run_module_as_main
  File "<frozen runpy>", line 88, in _run_code
  File "/home/pi/case-summarizer/summarizer/gmail_cli.py", line 116, in <module>
    raise SystemExit(main())
                     ~~~~^^
  File "/home/pi/case-summarizer/summarizer/gmail_cli.py", line 99, in main
    pdf_count = process_court_emails(
        service=service,
    ...<7 lines>...
        force=args.force,
    )
  File "/home/pi/case-summarizer/summarizer/gmail_checker.py", line 605, in process_court_emails
    result = summarize_text(text, prompt_file=prompt_file, opinion_date=opinion_date, case_number=case_number)
  File "/home/pi/case-summarizer/summarizer/openai_summarizer.py", line 299, in summarize_text
    structured_info = _extract_structured_info(client, model, text)
  File "/home/pi/case-summarizer/summarizer/openai_summarizer.py", line 232, in _extract_structured_info
    response = _call_model(client, model, structured_prompt, sample)
  File "/home/pi/case-summarizer/summarizer/openai_summarizer.py", line 61, in _call_model
    response = client.chat.completions.create(
        model=model,
    ...<4 lines>...
        temperature=0.2,
    )
  File "/home/pi/case-summarizer/.venv/lib/python3.13/site-packages/openai/_utils/_utils.py", line 286, in wrapper
    return func(*args, **kwargs)
  File "/home/pi/case-summarizer/.venv/lib/python3.13/site-packages/openai/resources/chat/completions/completions.py", line 1156, in create
    return self._post(
           ~~~~~~~~~~^
        "/chat/completions",
        ^^^^^^^^^^^^^^^^^^^^
    ...<46 lines>...
        stream_cls=Stream[ChatCompletionChunk],
        ^^^^^^^^^^^^^^^^^^^^^^^^^^^^^^^^^^^^^^^
    )
    ^
  File "/home/pi/case-summarizer/.venv/lib/python3.13/site-packages/openai/_base_client.py", line 1259, in post
    return cast(ResponseT, self.request(cast_to, opts, stream=stream, stream_cls=stream_cls))
                           ~~~~~~~~~~~~^^^^^^^^^^^^^^^^^^^^^^^^^^^^^^^^^^^^^^^^^^^^^^^^^^^^^
  File "/home/pi/case-summarizer/.venv/lib/python3.13/site-packages/openai/_base_client.py", line 1047, in request
    raise self._make_status_error_from_response(err.response) from None
openai.RateLimitError: Error code: 429 - {'error': {'message': 'You exceeded your current quota, please check your plan and billing details. For more information on this error, read the docs: https://platform.openai.com/docs/guides/error-codes/api-errors.', 'type': 'insufficient_quota', 'param': None, 'code': 'insufficient_quota'}}
[info] Authenticating with Gmail API...
[ok] Successfully authenticated
[info] Searching Gmail for: from:uscourts@updates.uscourts.gov after:2025/12/30 before:2025/12/31
[info] Found 1 email(s)
[info] Searching Gmail for: from:drewwileyroberts@gmail.com after:2025/12/30 before:2025/12/31
[info] No emails found from drewwileyroberts@gmail.com on 2025/12/30

[info] Processing email 1/1
[info] Found 9 link(s) in email
[info] Processing uscourts link: https://www.cafc.uscourts.gov/12-30-2025-26-105-in-re-maplebear-inc-order-26-105-order-12-30-2025_2625418/
[info] Found PDF URL: https://www.cafc.uscourts.gov/opinions-orders/26-105.ORDER.12-30-2025_2625418.pdf
[info] Case: 26-105: In Re MAPLEBEAR INC.
[info] Case Number: 26-105
[info] Opinion Date: 2025-12-30
[info] Precedential: No
[ok] Downloaded PDF: pdfs/26-105.ORDER.12-30-2025_2625418.pdf
[info] Extracting text from: 26-105.ORDER.12-30-2025_2625418.pdf
[info] Summarizing: 26-105.ORDER.12-30-2025_2625418.pdf
[info] Using scraped metadata: date=2025-12-30, case=26-105
[2025-12-30 12:10:07] Check completed

========================================
[2025-12-30 12:12:01] Starting Federal Circuit check...
Traceback (most recent call last):
  File "<frozen runpy>", line 198, in _run_module_as_main
  File "<frozen runpy>", line 88, in _run_code
  File "/home/pi/case-summarizer/summarizer/gmail_cli.py", line 116, in <module>
    raise SystemExit(main())
                     ~~~~^^
  File "/home/pi/case-summarizer/summarizer/gmail_cli.py", line 99, in main
    pdf_count = process_court_emails(
        service=service,
    ...<7 lines>...
        force=args.force,
    )
  File "/home/pi/case-summarizer/summarizer/gmail_checker.py", line 605, in process_court_emails
    result = summarize_text(text, prompt_file=prompt_file, opinion_date=opinion_date, case_number=case_number)
  File "/home/pi/case-summarizer/summarizer/openai_summarizer.py", line 299, in summarize_text
    structured_info = _extract_structured_info(client, model, text)
  File "/home/pi/case-summarizer/summarizer/openai_summarizer.py", line 232, in _extract_structured_info
    response = _call_model(client, model, structured_prompt, sample)
  File "/home/pi/case-summarizer/summarizer/openai_summarizer.py", line 61, in _call_model
    response = client.chat.completions.create(
        model=model,
    ...<4 lines>...
        temperature=0.2,
    )
  File "/home/pi/case-summarizer/.venv/lib/python3.13/site-packages/openai/_utils/_utils.py", line 286, in wrapper
    return func(*args, **kwargs)
  File "/home/pi/case-summarizer/.venv/lib/python3.13/site-packages/openai/resources/chat/completions/completions.py", line 1156, in create
    return self._post(
           ~~~~~~~~~~^
        "/chat/completions",
        ^^^^^^^^^^^^^^^^^^^^
    ...<46 lines>...
        stream_cls=Stream[ChatCompletionChunk],
        ^^^^^^^^^^^^^^^^^^^^^^^^^^^^^^^^^^^^^^^
    )
    ^
  File "/home/pi/case-summarizer/.venv/lib/python3.13/site-packages/openai/_base_client.py", line 1259, in post
    return cast(ResponseT, self.request(cast_to, opts, stream=stream, stream_cls=stream_cls))
                           ~~~~~~~~~~~~^^^^^^^^^^^^^^^^^^^^^^^^^^^^^^^^^^^^^^^^^^^^^^^^^^^^^
  File "/home/pi/case-summarizer/.venv/lib/python3.13/site-packages/openai/_base_client.py", line 1047, in request
    raise self._make_status_error_from_response(err.response) from None
openai.RateLimitError: Error code: 429 - {'error': {'message': 'You exceeded your current quota, please check your plan and billing details. For more information on this error, read the docs: https://platform.openai.com/docs/guides/error-codes/api-errors.', 'type': 'insufficient_quota', 'param': None, 'code': 'insufficient_quota'}}
[info] Authenticating with Gmail API...
[ok] Successfully authenticated
[info] Searching Gmail for: from:uscourts@updates.uscourts.gov after:2025/12/30 before:2025/12/31
[info] Found 1 email(s)
[info] Searching Gmail for: from:drewwileyroberts@gmail.com after:2025/12/30 before:2025/12/31
[info] No emails found from drewwileyroberts@gmail.com on 2025/12/30

[info] Processing email 1/1
[info] Found 9 link(s) in email
[info] Processing uscourts link: https://www.cafc.uscourts.gov/12-30-2025-25-1506-howard-v-defense-errata-25-1506-errata-12-30-2025_2625521/
[info] Found PDF URL: https://www.cafc.uscourts.gov/opinions-orders/25-1506.ERRATA.12-30-2025_2625521.pdf
[info] Case: 25-1506: HOWARD v. DEFENSE [ERRATA]
[info] Case Number: 25-1506
[info] Opinion Date: 2025-12-30
[info] Precedential: No
[ok] Downloaded PDF: pdfs/25-1506.ERRATA.12-30-2025_2625521.pdf
[info] Extracting text from: 25-1506.ERRATA.12-30-2025_2625521.pdf
[info] Summarizing: 25-1506.ERRATA.12-30-2025_2625521.pdf
[info] Using scraped metadata: date=2025-12-30, case=25-1506
[2025-12-30 12:12:06] Check completed

========================================
[2025-12-30 12:14:01] Starting Federal Circuit check...
Traceback (most recent call last):
  File "<frozen runpy>", line 198, in _run_module_as_main
  File "<frozen runpy>", line 88, in _run_code
  File "/home/pi/case-summarizer/summarizer/gmail_cli.py", line 116, in <module>
    raise SystemExit(main())
                     ~~~~^^
  File "/home/pi/case-summarizer/summarizer/gmail_cli.py", line 99, in main
    pdf_count = process_court_emails(
        service=service,
    ...<7 lines>...
        force=args.force,
    )
  File "/home/pi/case-summarizer/summarizer/gmail_checker.py", line 605, in process_court_emails
    result = summarize_text(text, prompt_file=prompt_file, opinion_date=opinion_date, case_number=case_number)
  File "/home/pi/case-summarizer/summarizer/openai_summarizer.py", line 299, in summarize_text
    structured_info = _extract_structured_info(client, model, text)
  File "/home/pi/case-summarizer/summarizer/openai_summarizer.py", line 232, in _extract_structured_info
    response = _call_model(client, model, structured_prompt, sample)
  File "/home/pi/case-summarizer/summarizer/openai_summarizer.py", line 61, in _call_model
    response = client.chat.completions.create(
        model=model,
    ...<4 lines>...
        temperature=0.2,
    )
  File "/home/pi/case-summarizer/.venv/lib/python3.13/site-packages/openai/_utils/_utils.py", line 286, in wrapper
    return func(*args, **kwargs)
  File "/home/pi/case-summarizer/.venv/lib/python3.13/site-packages/openai/resources/chat/completions/completions.py", line 1156, in create
    return self._post(
           ~~~~~~~~~~^
        "/chat/completions",
        ^^^^^^^^^^^^^^^^^^^^
    ...<46 lines>...
        stream_cls=Stream[ChatCompletionChunk],
        ^^^^^^^^^^^^^^^^^^^^^^^^^^^^^^^^^^^^^^^
    )
    ^
  File "/home/pi/case-summarizer/.venv/lib/python3.13/site-packages/openai/_base_client.py", line 1259, in post
    return cast(ResponseT, self.request(cast_to, opts, stream=stream, stream_cls=stream_cls))
                           ~~~~~~~~~~~~^^^^^^^^^^^^^^^^^^^^^^^^^^^^^^^^^^^^^^^^^^^^^^^^^^^^^
  File "/home/pi/case-summarizer/.venv/lib/python3.13/site-packages/openai/_base_client.py", line 1047, in request
    raise self._make_status_error_from_response(err.response) from None
openai.RateLimitError: Error code: 429 - {'error': {'message': 'You exceeded your current quota, please check your plan and billing details. For more information on this error, read the docs: https://platform.openai.com/docs/guides/error-codes/api-errors.', 'type': 'insufficient_quota', 'param': None, 'code': 'insufficient_quota'}}
[info] Authenticating with Gmail API...
[ok] Successfully authenticated
[info] Searching Gmail for: from:uscourts@updates.uscourts.gov after:2025/12/30 before:2025/12/31
[info] Found 1 email(s)
[info] Searching Gmail for: from:drewwileyroberts@gmail.com after:2025/12/30 before:2025/12/31
[info] No emails found from drewwileyroberts@gmail.com on 2025/12/30

[info] Processing email 1/1
[info] Found 9 link(s) in email
[info] Processing uscourts link: https://www.cafc.uscourts.gov/12-30-2025-26-105-in-re-maplebear-inc-order-26-105-order-12-30-2025_2625418/
[info] Found PDF URL: https://www.cafc.uscourts.gov/opinions-orders/26-105.ORDER.12-30-2025_2625418.pdf
[info] Case: 26-105: In Re MAPLEBEAR INC.
[info] Case Number: 26-105
[info] Opinion Date: 2025-12-30
[info] Precedential: No
[ok] Downloaded PDF: pdfs/26-105.ORDER.12-30-2025_2625418.pdf
[info] Extracting text from: 26-105.ORDER.12-30-2025_2625418.pdf
[info] Summarizing: 26-105.ORDER.12-30-2025_2625418.pdf
[info] Using scraped metadata: date=2025-12-30, case=26-105
[2025-12-30 12:14:05] Check completed

========================================
[2025-12-31 12:00:01] Starting Federal Circuit check...
[info] Authenticating with Gmail API...
[ok] Successfully authenticated
[info] Searching Gmail for: from:uscourts@updates.uscourts.gov after:2025/12/31 before:2026/01/01
[info] No emails found from uscourts@updates.uscourts.gov on 2025/12/31
[info] Searching Gmail for: from:drewwileyroberts@gmail.com after:2025/12/31 before:2026/01/01
[info] No emails found from drewwileyroberts@gmail.com on 2025/12/31

[ok] Processed 0 PDF(s)
[2025-12-31 12:00:02] Check completed

========================================
[2025-12-31 12:02:01] Starting Federal Circuit check...
Traceback (most recent call last):
  File "<frozen runpy>", line 198, in _run_module_as_main
  File "<frozen runpy>", line 88, in _run_code
  File "/home/pi/case-summarizer/summarizer/gmail_cli.py", line 116, in <module>
    raise SystemExit(main())
                     ~~~~^^
  File "/home/pi/case-summarizer/summarizer/gmail_cli.py", line 99, in main
    pdf_count = process_court_emails(
        service=service,
    ...<7 lines>...
        force=args.force,
    )
  File "/home/pi/case-summarizer/summarizer/gmail_checker.py", line 605, in process_court_emails
    result = summarize_text(text, prompt_file=prompt_file, opinion_date=opinion_date, case_number=case_number)
  File "/home/pi/case-summarizer/summarizer/openai_summarizer.py", line 299, in summarize_text
    structured_info = _extract_structured_info(client, model, text)
  File "/home/pi/case-summarizer/summarizer/openai_summarizer.py", line 232, in _extract_structured_info
    response = _call_model(client, model, structured_prompt, sample)
  File "/home/pi/case-summarizer/summarizer/openai_summarizer.py", line 61, in _call_model
    response = client.chat.completions.create(
        model=model,
    ...<4 lines>...
        temperature=0.2,
    )
  File "/home/pi/case-summarizer/.venv/lib/python3.13/site-packages/openai/_utils/_utils.py", line 286, in wrapper
    return func(*args, **kwargs)
  File "/home/pi/case-summarizer/.venv/lib/python3.13/site-packages/openai/resources/chat/completions/completions.py", line 1156, in create
    return self._post(
           ~~~~~~~~~~^
        "/chat/completions",
        ^^^^^^^^^^^^^^^^^^^^
    ...<46 lines>...
        stream_cls=Stream[ChatCompletionChunk],
        ^^^^^^^^^^^^^^^^^^^^^^^^^^^^^^^^^^^^^^^
    )
    ^
  File "/home/pi/case-summarizer/.venv/lib/python3.13/site-packages/openai/_base_client.py", line 1259, in post
    return cast(ResponseT, self.request(cast_to, opts, stream=stream, stream_cls=stream_cls))
                           ~~~~~~~~~~~~^^^^^^^^^^^^^^^^^^^^^^^^^^^^^^^^^^^^^^^^^^^^^^^^^^^^^
  File "/home/pi/case-summarizer/.venv/lib/python3.13/site-packages/openai/_base_client.py", line 1047, in request
    raise self._make_status_error_from_response(err.response) from None
openai.RateLimitError: Error code: 429 - {'error': {'message': 'You exceeded your current quota, please check your plan and billing details. For more information on this error, read the docs: https://platform.openai.com/docs/guides/error-codes/api-errors.', 'type': 'insufficient_quota', 'param': None, 'code': 'insufficient_quota'}}
[info] Authenticating with Gmail API...
[ok] Successfully authenticated
[info] Searching Gmail for: from:uscourts@updates.uscourts.gov after:2025/12/31 before:2026/01/01
[info] Found 1 email(s)
[info] Searching Gmail for: from:drewwileyroberts@gmail.com after:2025/12/31 before:2026/01/01
[info] No emails found from drewwileyroberts@gmail.com on 2025/12/31

[info] Processing email 1/1
[info] Found 4 link(s) in email
[info] Processing uscourts link: https://www.cafc.uscourts.gov/12-31-2025-24-2185-macneil-ip-llc-v-yita-llc-order-24-2185-order-12-31-2025_2626315/
[info] Found PDF URL: https://www.cafc.uscourts.gov/opinions-orders/24-2185.ORDER.12-31-2025_2626315.pdf
[info] Case: 24-2185: MACNEIL IP LLC v. YITA LLC
[info] Case Number: 24-2185
[info] Opinion Date: 2025-12-31
[info] Precedential: No
[ok] Downloaded PDF: pdfs/24-2185.ORDER.12-31-2025_2626315.pdf
[info] Extracting text from: 24-2185.ORDER.12-31-2025_2626315.pdf
[info] Summarizing: 24-2185.ORDER.12-31-2025_2626315.pdf
[info] Using scraped metadata: date=2025-12-31, case=24-2185
[2025-12-31 12:02:08] Check completed

========================================
[2025-12-31 12:04:01] Starting Federal Circuit check...
Traceback (most recent call last):
  File "<frozen runpy>", line 198, in _run_module_as_main
  File "<frozen runpy>", line 88, in _run_code
  File "/home/pi/case-summarizer/summarizer/gmail_cli.py", line 116, in <module>
    raise SystemExit(main())
                     ~~~~^^
  File "/home/pi/case-summarizer/summarizer/gmail_cli.py", line 99, in main
    pdf_count = process_court_emails(
        service=service,
    ...<7 lines>...
        force=args.force,
    )
  File "/home/pi/case-summarizer/summarizer/gmail_checker.py", line 605, in process_court_emails
    result = summarize_text(text, prompt_file=prompt_file, opinion_date=opinion_date, case_number=case_number)
  File "/home/pi/case-summarizer/summarizer/openai_summarizer.py", line 299, in summarize_text
    structured_info = _extract_structured_info(client, model, text)
  File "/home/pi/case-summarizer/summarizer/openai_summarizer.py", line 232, in _extract_structured_info
    response = _call_model(client, model, structured_prompt, sample)
  File "/home/pi/case-summarizer/summarizer/openai_summarizer.py", line 61, in _call_model
    response = client.chat.completions.create(
        model=model,
    ...<4 lines>...
        temperature=0.2,
    )
  File "/home/pi/case-summarizer/.venv/lib/python3.13/site-packages/openai/_utils/_utils.py", line 286, in wrapper
    return func(*args, **kwargs)
  File "/home/pi/case-summarizer/.venv/lib/python3.13/site-packages/openai/resources/chat/completions/completions.py", line 1156, in create
    return self._post(
           ~~~~~~~~~~^
        "/chat/completions",
        ^^^^^^^^^^^^^^^^^^^^
    ...<46 lines>...
        stream_cls=Stream[ChatCompletionChunk],
        ^^^^^^^^^^^^^^^^^^^^^^^^^^^^^^^^^^^^^^^
    )
    ^
  File "/home/pi/case-summarizer/.venv/lib/python3.13/site-packages/openai/_base_client.py", line 1259, in post
    return cast(ResponseT, self.request(cast_to, opts, stream=stream, stream_cls=stream_cls))
                           ~~~~~~~~~~~~^^^^^^^^^^^^^^^^^^^^^^^^^^^^^^^^^^^^^^^^^^^^^^^^^^^^^
  File "/home/pi/case-summarizer/.venv/lib/python3.13/site-packages/openai/_base_client.py", line 1047, in request
    raise self._make_status_error_from_response(err.response) from None
openai.RateLimitError: Error code: 429 - {'error': {'message': 'You exceeded your current quota, please check your plan and billing details. For more information on this error, read the docs: https://platform.openai.com/docs/guides/error-codes/api-errors.', 'type': 'insufficient_quota', 'param': None, 'code': 'insufficient_quota'}}
[info] Authenticating with Gmail API...
[ok] Successfully authenticated
[info] Searching Gmail for: from:uscourts@updates.uscourts.gov after:2025/12/31 before:2026/01/01
[info] Found 1 email(s)
[info] Searching Gmail for: from:drewwileyroberts@gmail.com after:2025/12/31 before:2026/01/01
[info] No emails found from drewwileyroberts@gmail.com on 2025/12/31

[info] Processing email 1/1
[info] Found 4 link(s) in email
[info] Processing uscourts link: https://www.cafc.uscourts.gov/12-31-2025-25-2142-bright-head-llc-v-the-individuals-corps-identified-on-schedule-a-order-25-2142-order-12-31-2025_2626381/
[info] Found PDF URL: https://www.cafc.uscourts.gov/opinions-orders/25-2142.ORDER.12-31-2025_2626381.pdf
[info] Case: 25-2142: BRIGHT HEAD LLC v. THE INDIVIDUALS, CORPS. IDENTIFIED ON SCHEDULE A
[info] Case Number: 25-2142
[info] Opinion Date: 2025-12-31
[info] Precedential: No
[ok] Downloaded PDF: pdfs/25-2142.ORDER.12-31-2025_2626381.pdf
[info] Extracting text from: 25-2142.ORDER.12-31-2025_2626381.pdf
[info] Summarizing: 25-2142.ORDER.12-31-2025_2626381.pdf
[info] Using scraped metadata: date=2025-12-31, case=25-2142
[2025-12-31 12:04:07] Check completed

========================================
[2025-12-31 12:06:01] Starting Federal Circuit check...
Traceback (most recent call last):
  File "<frozen runpy>", line 198, in _run_module_as_main
  File "<frozen runpy>", line 88, in _run_code
  File "/home/pi/case-summarizer/summarizer/gmail_cli.py", line 116, in <module>
    raise SystemExit(main())
                     ~~~~^^
  File "/home/pi/case-summarizer/summarizer/gmail_cli.py", line 99, in main
    pdf_count = process_court_emails(
        service=service,
    ...<7 lines>...
        force=args.force,
    )
  File "/home/pi/case-summarizer/summarizer/gmail_checker.py", line 605, in process_court_emails
    result = summarize_text(text, prompt_file=prompt_file, opinion_date=opinion_date, case_number=case_number)
  File "/home/pi/case-summarizer/summarizer/openai_summarizer.py", line 299, in summarize_text
    structured_info = _extract_structured_info(client, model, text)
  File "/home/pi/case-summarizer/summarizer/openai_summarizer.py", line 232, in _extract_structured_info
    response = _call_model(client, model, structured_prompt, sample)
  File "/home/pi/case-summarizer/summarizer/openai_summarizer.py", line 61, in _call_model
    response = client.chat.completions.create(
        model=model,
    ...<4 lines>...
        temperature=0.2,
    )
  File "/home/pi/case-summarizer/.venv/lib/python3.13/site-packages/openai/_utils/_utils.py", line 286, in wrapper
    return func(*args, **kwargs)
  File "/home/pi/case-summarizer/.venv/lib/python3.13/site-packages/openai/resources/chat/completions/completions.py", line 1156, in create
    return self._post(
           ~~~~~~~~~~^
        "/chat/completions",
        ^^^^^^^^^^^^^^^^^^^^
    ...<46 lines>...
        stream_cls=Stream[ChatCompletionChunk],
        ^^^^^^^^^^^^^^^^^^^^^^^^^^^^^^^^^^^^^^^
    )
    ^
  File "/home/pi/case-summarizer/.venv/lib/python3.13/site-packages/openai/_base_client.py", line 1259, in post
    return cast(ResponseT, self.request(cast_to, opts, stream=stream, stream_cls=stream_cls))
                           ~~~~~~~~~~~~^^^^^^^^^^^^^^^^^^^^^^^^^^^^^^^^^^^^^^^^^^^^^^^^^^^^^
  File "/home/pi/case-summarizer/.venv/lib/python3.13/site-packages/openai/_base_client.py", line 1047, in request
    raise self._make_status_error_from_response(err.response) from None
openai.RateLimitError: Error code: 429 - {'error': {'message': 'You exceeded your current quota, please check your plan and billing details. For more information on this error, read the docs: https://platform.openai.com/docs/guides/error-codes/api-errors.', 'type': 'insufficient_quota', 'param': None, 'code': 'insufficient_quota'}}
[info] Authenticating with Gmail API...
[ok] Successfully authenticated
[info] Searching Gmail for: from:uscourts@updates.uscourts.gov after:2025/12/31 before:2026/01/01
[info] Found 1 email(s)
[info] Searching Gmail for: from:drewwileyroberts@gmail.com after:2025/12/31 before:2026/01/01
[info] No emails found from drewwileyroberts@gmail.com on 2025/12/31

[info] Processing email 1/1
[info] Found 4 link(s) in email
[info] Processing uscourts link: https://www.cafc.uscourts.gov/12-31-2025-24-2185-macneil-ip-llc-v-yita-llc-order-24-2185-order-12-31-2025_2626315/
[info] Found PDF URL: https://www.cafc.uscourts.gov/opinions-orders/24-2185.ORDER.12-31-2025_2626315.pdf
[info] Case: 24-2185: MACNEIL IP LLC v. YITA LLC
[info] Case Number: 24-2185
[info] Opinion Date: 2025-12-31
[info] Precedential: No
[ok] Downloaded PDF: pdfs/24-2185.ORDER.12-31-2025_2626315.pdf
[info] Extracting text from: 24-2185.ORDER.12-31-2025_2626315.pdf
[info] Summarizing: 24-2185.ORDER.12-31-2025_2626315.pdf
[info] Using scraped metadata: date=2025-12-31, case=24-2185
[2025-12-31 12:06:06] Check completed

========================================
[2025-12-31 12:08:01] Starting Federal Circuit check...
Traceback (most recent call last):
  File "<frozen runpy>", line 198, in _run_module_as_main
  File "<frozen runpy>", line 88, in _run_code
  File "/home/pi/case-summarizer/summarizer/gmail_cli.py", line 116, in <module>
    raise SystemExit(main())
                     ~~~~^^
  File "/home/pi/case-summarizer/summarizer/gmail_cli.py", line 99, in main
    pdf_count = process_court_emails(
        service=service,
    ...<7 lines>...
        force=args.force,
    )
  File "/home/pi/case-summarizer/summarizer/gmail_checker.py", line 605, in process_court_emails
    result = summarize_text(text, prompt_file=prompt_file, opinion_date=opinion_date, case_number=case_number)
  File "/home/pi/case-summarizer/summarizer/openai_summarizer.py", line 299, in summarize_text
    structured_info = _extract_structured_info(client, model, text)
  File "/home/pi/case-summarizer/summarizer/openai_summarizer.py", line 232, in _extract_structured_info
    response = _call_model(client, model, structured_prompt, sample)
  File "/home/pi/case-summarizer/summarizer/openai_summarizer.py", line 61, in _call_model
    response = client.chat.completions.create(
        model=model,
    ...<4 lines>...
        temperature=0.2,
    )
  File "/home/pi/case-summarizer/.venv/lib/python3.13/site-packages/openai/_utils/_utils.py", line 286, in wrapper
    return func(*args, **kwargs)
  File "/home/pi/case-summarizer/.venv/lib/python3.13/site-packages/openai/resources/chat/completions/completions.py", line 1156, in create
    return self._post(
           ~~~~~~~~~~^
        "/chat/completions",
        ^^^^^^^^^^^^^^^^^^^^
    ...<46 lines>...
        stream_cls=Stream[ChatCompletionChunk],
        ^^^^^^^^^^^^^^^^^^^^^^^^^^^^^^^^^^^^^^^
    )
    ^
  File "/home/pi/case-summarizer/.venv/lib/python3.13/site-packages/openai/_base_client.py", line 1259, in post
    return cast(ResponseT, self.request(cast_to, opts, stream=stream, stream_cls=stream_cls))
                           ~~~~~~~~~~~~^^^^^^^^^^^^^^^^^^^^^^^^^^^^^^^^^^^^^^^^^^^^^^^^^^^^^
  File "/home/pi/case-summarizer/.venv/lib/python3.13/site-packages/openai/_base_client.py", line 1047, in request
    raise self._make_status_error_from_response(err.response) from None
openai.RateLimitError: Error code: 429 - {'error': {'message': 'You exceeded your current quota, please check your plan and billing details. For more information on this error, read the docs: https://platform.openai.com/docs/guides/error-codes/api-errors.', 'type': 'insufficient_quota', 'param': None, 'code': 'insufficient_quota'}}
[info] Authenticating with Gmail API...
[ok] Successfully authenticated
[info] Searching Gmail for: from:uscourts@updates.uscourts.gov after:2025/12/31 before:2026/01/01
[info] Found 1 email(s)
[info] Searching Gmail for: from:drewwileyroberts@gmail.com after:2025/12/31 before:2026/01/01
[info] No emails found from drewwileyroberts@gmail.com on 2025/12/31

[info] Processing email 1/1
[info] Found 4 link(s) in email
[info] Processing uscourts link: https://www.cafc.uscourts.gov/12-31-2025-24-2215-demery-v-mspb-errata-24-2215-errata-12-31-2025_2626375/
[info] Found PDF URL: https://www.cafc.uscourts.gov/opinions-orders/24-2215.ERRATA.12-31-2025_2626375.pdf
[info] Case: 24-2215: DEMERY v. MSPB [ERRATA]
[info] Case Number: 24-2215
[info] Opinion Date: 2025-12-31
[info] Precedential: No
[ok] Downloaded PDF: pdfs/24-2215.ERRATA.12-31-2025_2626375.pdf
[info] Extracting text from: 24-2215.ERRATA.12-31-2025_2626375.pdf
[info] Summarizing: 24-2215.ERRATA.12-31-2025_2626375.pdf
[info] Using scraped metadata: date=2025-12-31, case=24-2215
[2025-12-31 12:08:06] Check completed

========================================
[2025-12-31 12:10:01] Starting Federal Circuit check...
Traceback (most recent call last):
  File "<frozen runpy>", line 198, in _run_module_as_main
  File "<frozen runpy>", line 88, in _run_code
  File "/home/pi/case-summarizer/summarizer/gmail_cli.py", line 116, in <module>
    raise SystemExit(main())
                     ~~~~^^
  File "/home/pi/case-summarizer/summarizer/gmail_cli.py", line 99, in main
    pdf_count = process_court_emails(
        service=service,
    ...<7 lines>...
        force=args.force,
    )
  File "/home/pi/case-summarizer/summarizer/gmail_checker.py", line 605, in process_court_emails
    result = summarize_text(text, prompt_file=prompt_file, opinion_date=opinion_date, case_number=case_number)
  File "/home/pi/case-summarizer/summarizer/openai_summarizer.py", line 299, in summarize_text
    structured_info = _extract_structured_info(client, model, text)
  File "/home/pi/case-summarizer/summarizer/openai_summarizer.py", line 232, in _extract_structured_info
    response = _call_model(client, model, structured_prompt, sample)
  File "/home/pi/case-summarizer/summarizer/openai_summarizer.py", line 61, in _call_model
    response = client.chat.completions.create(
        model=model,
    ...<4 lines>...
        temperature=0.2,
    )
  File "/home/pi/case-summarizer/.venv/lib/python3.13/site-packages/openai/_utils/_utils.py", line 286, in wrapper
    return func(*args, **kwargs)
  File "/home/pi/case-summarizer/.venv/lib/python3.13/site-packages/openai/resources/chat/completions/completions.py", line 1156, in create
    return self._post(
           ~~~~~~~~~~^
        "/chat/completions",
        ^^^^^^^^^^^^^^^^^^^^
    ...<46 lines>...
        stream_cls=Stream[ChatCompletionChunk],
        ^^^^^^^^^^^^^^^^^^^^^^^^^^^^^^^^^^^^^^^
    )
    ^
  File "/home/pi/case-summarizer/.venv/lib/python3.13/site-packages/openai/_base_client.py", line 1259, in post
    return cast(ResponseT, self.request(cast_to, opts, stream=stream, stream_cls=stream_cls))
                           ~~~~~~~~~~~~^^^^^^^^^^^^^^^^^^^^^^^^^^^^^^^^^^^^^^^^^^^^^^^^^^^^^
  File "/home/pi/case-summarizer/.venv/lib/python3.13/site-packages/openai/_base_client.py", line 1047, in request
    raise self._make_status_error_from_response(err.response) from None
openai.RateLimitError: Error code: 429 - {'error': {'message': 'You exceeded your current quota, please check your plan and billing details. For more information on this error, read the docs: https://platform.openai.com/docs/guides/error-codes/api-errors.', 'type': 'insufficient_quota', 'param': None, 'code': 'insufficient_quota'}}
[info] Authenticating with Gmail API...
[ok] Successfully authenticated
[info] Searching Gmail for: from:uscourts@updates.uscourts.gov after:2025/12/31 before:2026/01/01
[info] Found 1 email(s)
[info] Searching Gmail for: from:drewwileyroberts@gmail.com after:2025/12/31 before:2026/01/01
[info] No emails found from drewwileyroberts@gmail.com on 2025/12/31

[info] Processing email 1/1
[info] Found 4 link(s) in email
[info] Processing uscourts link: https://www.cafc.uscourts.gov/12-31-2025-24-2215-demery-v-mspb-errata-24-2215-errata-12-31-2025_2626375/
[info] Found PDF URL: https://www.cafc.uscourts.gov/opinions-orders/24-2215.ERRATA.12-31-2025_2626375.pdf
[info] Case: 24-2215: DEMERY v. MSPB [ERRATA]
[info] Case Number: 24-2215
[info] Opinion Date: 2025-12-31
[info] Precedential: No
[ok] Downloaded PDF: pdfs/24-2215.ERRATA.12-31-2025_2626375.pdf
[info] Extracting text from: 24-2215.ERRATA.12-31-2025_2626375.pdf
[info] Summarizing: 24-2215.ERRATA.12-31-2025_2626375.pdf
[info] Using scraped metadata: date=2025-12-31, case=24-2215
[2025-12-31 12:10:06] Check completed

========================================
[2025-12-31 12:12:01] Starting Federal Circuit check...
Traceback (most recent call last):
  File "<frozen runpy>", line 198, in _run_module_as_main
  File "<frozen runpy>", line 88, in _run_code
  File "/home/pi/case-summarizer/summarizer/gmail_cli.py", line 116, in <module>
    raise SystemExit(main())
                     ~~~~^^
  File "/home/pi/case-summarizer/summarizer/gmail_cli.py", line 99, in main
    pdf_count = process_court_emails(
        service=service,
    ...<7 lines>...
        force=args.force,
    )
  File "/home/pi/case-summarizer/summarizer/gmail_checker.py", line 605, in process_court_emails
    result = summarize_text(text, prompt_file=prompt_file, opinion_date=opinion_date, case_number=case_number)
  File "/home/pi/case-summarizer/summarizer/openai_summarizer.py", line 299, in summarize_text
    structured_info = _extract_structured_info(client, model, text)
  File "/home/pi/case-summarizer/summarizer/openai_summarizer.py", line 232, in _extract_structured_info
    response = _call_model(client, model, structured_prompt, sample)
  File "/home/pi/case-summarizer/summarizer/openai_summarizer.py", line 61, in _call_model
    response = client.chat.completions.create(
        model=model,
    ...<4 lines>...
        temperature=0.2,
    )
  File "/home/pi/case-summarizer/.venv/lib/python3.13/site-packages/openai/_utils/_utils.py", line 286, in wrapper
    return func(*args, **kwargs)
  File "/home/pi/case-summarizer/.venv/lib/python3.13/site-packages/openai/resources/chat/completions/completions.py", line 1156, in create
    return self._post(
           ~~~~~~~~~~^
        "/chat/completions",
        ^^^^^^^^^^^^^^^^^^^^
    ...<46 lines>...
        stream_cls=Stream[ChatCompletionChunk],
        ^^^^^^^^^^^^^^^^^^^^^^^^^^^^^^^^^^^^^^^
    )
    ^
  File "/home/pi/case-summarizer/.venv/lib/python3.13/site-packages/openai/_base_client.py", line 1259, in post
    return cast(ResponseT, self.request(cast_to, opts, stream=stream, stream_cls=stream_cls))
                           ~~~~~~~~~~~~^^^^^^^^^^^^^^^^^^^^^^^^^^^^^^^^^^^^^^^^^^^^^^^^^^^^^
  File "/home/pi/case-summarizer/.venv/lib/python3.13/site-packages/openai/_base_client.py", line 1047, in request
    raise self._make_status_error_from_response(err.response) from None
openai.RateLimitError: Error code: 429 - {'error': {'message': 'You exceeded your current quota, please check your plan and billing details. For more information on this error, read the docs: https://platform.openai.com/docs/guides/error-codes/api-errors.', 'type': 'insufficient_quota', 'param': None, 'code': 'insufficient_quota'}}
[info] Authenticating with Gmail API...
[ok] Successfully authenticated
[info] Searching Gmail for: from:uscourts@updates.uscourts.gov after:2025/12/31 before:2026/01/01
[info] Found 1 email(s)
[info] Searching Gmail for: from:drewwileyroberts@gmail.com after:2025/12/31 before:2026/01/01
[info] No emails found from drewwileyroberts@gmail.com on 2025/12/31

[info] Processing email 1/1
[info] Found 4 link(s) in email
[info] Processing uscourts link: https://www.cafc.uscourts.gov/12-31-2025-24-2185-macneil-ip-llc-v-yita-llc-order-24-2185-order-12-31-2025_2626315/
[info] Found PDF URL: https://www.cafc.uscourts.gov/opinions-orders/24-2185.ORDER.12-31-2025_2626315.pdf
[info] Case: 24-2185: MACNEIL IP LLC v. YITA LLC
[info] Case Number: 24-2185
[info] Opinion Date: 2025-12-31
[info] Precedential: No
[ok] Downloaded PDF: pdfs/24-2185.ORDER.12-31-2025_2626315.pdf
[info] Extracting text from: 24-2185.ORDER.12-31-2025_2626315.pdf
[info] Summarizing: 24-2185.ORDER.12-31-2025_2626315.pdf
[info] Using scraped metadata: date=2025-12-31, case=24-2185
[2025-12-31 12:12:06] Check completed

========================================
[2025-12-31 12:14:01] Starting Federal Circuit check...
Traceback (most recent call last):
  File "<frozen runpy>", line 198, in _run_module_as_main
  File "<frozen runpy>", line 88, in _run_code
  File "/home/pi/case-summarizer/summarizer/gmail_cli.py", line 116, in <module>
    raise SystemExit(main())
                     ~~~~^^
  File "/home/pi/case-summarizer/summarizer/gmail_cli.py", line 99, in main
    pdf_count = process_court_emails(
        service=service,
    ...<7 lines>...
        force=args.force,
    )
  File "/home/pi/case-summarizer/summarizer/gmail_checker.py", line 605, in process_court_emails
    result = summarize_text(text, prompt_file=prompt_file, opinion_date=opinion_date, case_number=case_number)
  File "/home/pi/case-summarizer/summarizer/openai_summarizer.py", line 299, in summarize_text
    structured_info = _extract_structured_info(client, model, text)
  File "/home/pi/case-summarizer/summarizer/openai_summarizer.py", line 232, in _extract_structured_info
    response = _call_model(client, model, structured_prompt, sample)
  File "/home/pi/case-summarizer/summarizer/openai_summarizer.py", line 61, in _call_model
    response = client.chat.completions.create(
        model=model,
    ...<4 lines>...
        temperature=0.2,
    )
  File "/home/pi/case-summarizer/.venv/lib/python3.13/site-packages/openai/_utils/_utils.py", line 286, in wrapper
    return func(*args, **kwargs)
  File "/home/pi/case-summarizer/.venv/lib/python3.13/site-packages/openai/resources/chat/completions/completions.py", line 1156, in create
    return self._post(
           ~~~~~~~~~~^
        "/chat/completions",
        ^^^^^^^^^^^^^^^^^^^^
    ...<46 lines>...
        stream_cls=Stream[ChatCompletionChunk],
        ^^^^^^^^^^^^^^^^^^^^^^^^^^^^^^^^^^^^^^^
    )
    ^
  File "/home/pi/case-summarizer/.venv/lib/python3.13/site-packages/openai/_base_client.py", line 1259, in post
    return cast(ResponseT, self.request(cast_to, opts, stream=stream, stream_cls=stream_cls))
                           ~~~~~~~~~~~~^^^^^^^^^^^^^^^^^^^^^^^^^^^^^^^^^^^^^^^^^^^^^^^^^^^^^
  File "/home/pi/case-summarizer/.venv/lib/python3.13/site-packages/openai/_base_client.py", line 1047, in request
    raise self._make_status_error_from_response(err.response) from None
openai.RateLimitError: Error code: 429 - {'error': {'message': 'You exceeded your current quota, please check your plan and billing details. For more information on this error, read the docs: https://platform.openai.com/docs/guides/error-codes/api-errors.', 'type': 'insufficient_quota', 'param': None, 'code': 'insufficient_quota'}}
[info] Authenticating with Gmail API...
[ok] Successfully authenticated
[info] Searching Gmail for: from:uscourts@updates.uscourts.gov after:2025/12/31 before:2026/01/01
[info] Found 1 email(s)
[info] Searching Gmail for: from:drewwileyroberts@gmail.com after:2025/12/31 before:2026/01/01
[info] No emails found from drewwileyroberts@gmail.com on 2025/12/31

[info] Processing email 1/1
[info] Found 4 link(s) in email
[info] Processing uscourts link: https://www.cafc.uscourts.gov/12-31-2025-24-2215-demery-v-mspb-errata-24-2215-errata-12-31-2025_2626375/
[info] Found PDF URL: https://www.cafc.uscourts.gov/opinions-orders/24-2215.ERRATA.12-31-2025_2626375.pdf
[info] Case: 24-2215: DEMERY v. MSPB [ERRATA]
[info] Case Number: 24-2215
[info] Opinion Date: 2025-12-31
[info] Precedential: No
[ok] Downloaded PDF: pdfs/24-2215.ERRATA.12-31-2025_2626375.pdf
[info] Extracting text from: 24-2215.ERRATA.12-31-2025_2626375.pdf
[info] Summarizing: 24-2215.ERRATA.12-31-2025_2626375.pdf
[info] Using scraped metadata: date=2025-12-31, case=24-2215
[2025-12-31 12:14:05] Check completed

========================================
[2026-01-01 12:00:01] Starting Federal Circuit check...
[info] Authenticating with Gmail API...
[ok] Successfully authenticated
[info] Searching Gmail for: from:uscourts@updates.uscourts.gov after:2026/01/01 before:2026/01/02
[info] No emails found from uscourts@updates.uscourts.gov on 2026/01/01
[info] Searching Gmail for: from:drewwileyroberts@gmail.com after:2026/01/01 before:2026/01/02
[info] No emails found from drewwileyroberts@gmail.com on 2026/01/01

[ok] Processed 0 PDF(s)
[2026-01-01 12:00:03] Check completed

========================================
[2026-01-01 12:02:01] Starting Federal Circuit check...
[info] Authenticating with Gmail API...
[ok] Successfully authenticated
[info] Searching Gmail for: from:uscourts@updates.uscourts.gov after:2026/01/01 before:2026/01/02
[info] No emails found from uscourts@updates.uscourts.gov on 2026/01/01
[info] Searching Gmail for: from:drewwileyroberts@gmail.com after:2026/01/01 before:2026/01/02
[info] No emails found from drewwileyroberts@gmail.com on 2026/01/01

[ok] Processed 0 PDF(s)
[2026-01-01 12:02:02] Check completed

========================================
[2026-01-01 12:04:01] Starting Federal Circuit check...
[info] Authenticating with Gmail API...
[ok] Successfully authenticated
[info] Searching Gmail for: from:uscourts@updates.uscourts.gov after:2026/01/01 before:2026/01/02
[info] No emails found from uscourts@updates.uscourts.gov on 2026/01/01
[info] Searching Gmail for: from:drewwileyroberts@gmail.com after:2026/01/01 before:2026/01/02
[info] No emails found from drewwileyroberts@gmail.com on 2026/01/01

[ok] Processed 0 PDF(s)
[2026-01-01 12:04:03] Check completed

========================================
[2026-01-01 12:06:01] Starting Federal Circuit check...
[info] Authenticating with Gmail API...
[ok] Successfully authenticated
[info] Searching Gmail for: from:uscourts@updates.uscourts.gov after:2026/01/01 before:2026/01/02
[info] No emails found from uscourts@updates.uscourts.gov on 2026/01/01
[info] Searching Gmail for: from:drewwileyroberts@gmail.com after:2026/01/01 before:2026/01/02
[info] No emails found from drewwileyroberts@gmail.com on 2026/01/01

[ok] Processed 0 PDF(s)
[2026-01-01 12:06:03] Check completed

========================================
[2026-01-01 12:08:01] Starting Federal Circuit check...
[info] Authenticating with Gmail API...
[ok] Successfully authenticated
[info] Searching Gmail for: from:uscourts@updates.uscourts.gov after:2026/01/01 before:2026/01/02
[info] No emails found from uscourts@updates.uscourts.gov on 2026/01/01
[info] Searching Gmail for: from:drewwileyroberts@gmail.com after:2026/01/01 before:2026/01/02
[info] No emails found from drewwileyroberts@gmail.com on 2026/01/01

[ok] Processed 0 PDF(s)
[2026-01-01 12:08:02] Check completed

========================================
[2026-01-01 12:10:01] Starting Federal Circuit check...
[info] Authenticating with Gmail API...
[ok] Successfully authenticated
[info] Searching Gmail for: from:uscourts@updates.uscourts.gov after:2026/01/01 before:2026/01/02
[info] No emails found from uscourts@updates.uscourts.gov on 2026/01/01
[info] Searching Gmail for: from:drewwileyroberts@gmail.com after:2026/01/01 before:2026/01/02
[info] No emails found from drewwileyroberts@gmail.com on 2026/01/01

[ok] Processed 0 PDF(s)
[2026-01-01 12:10:03] Check completed

========================================
[2026-01-01 12:12:01] Starting Federal Circuit check...
[info] Authenticating with Gmail API...
[ok] Successfully authenticated
[info] Searching Gmail for: from:uscourts@updates.uscourts.gov after:2026/01/01 before:2026/01/02
[info] No emails found from uscourts@updates.uscourts.gov on 2026/01/01
[info] Searching Gmail for: from:drewwileyroberts@gmail.com after:2026/01/01 before:2026/01/02
[info] No emails found from drewwileyroberts@gmail.com on 2026/01/01

[ok] Processed 0 PDF(s)
[2026-01-01 12:12:02] Check completed

========================================
[2026-01-01 12:14:01] Starting Federal Circuit check...
[info] Authenticating with Gmail API...
[ok] Successfully authenticated
[info] Searching Gmail for: from:uscourts@updates.uscourts.gov after:2026/01/01 before:2026/01/02
[info] No emails found from uscourts@updates.uscourts.gov on 2026/01/01
[info] Searching Gmail for: from:drewwileyroberts@gmail.com after:2026/01/01 before:2026/01/02
[info] No emails found from drewwileyroberts@gmail.com on 2026/01/01

[ok] Processed 0 PDF(s)
[2026-01-01 12:14:03] Check completed

========================================
[2026-01-02 12:00:02] Starting Federal Circuit check...
[info] Authenticating with Gmail API...
[ok] Successfully authenticated
[info] Searching Gmail for: from:uscourts@updates.uscourts.gov after:2026/01/02 before:2026/01/03
[info] No emails found from uscourts@updates.uscourts.gov on 2026/01/02
[info] Searching Gmail for: from:drewwileyroberts@gmail.com after:2026/01/02 before:2026/01/03
[info] No emails found from drewwileyroberts@gmail.com on 2026/01/02

[ok] Processed 0 PDF(s)
[2026-01-02 12:00:03] Check completed

========================================
[2026-01-02 12:02:01] Starting Federal Circuit check...
[info] Authenticating with Gmail API...
[ok] Successfully authenticated
[info] Searching Gmail for: from:uscourts@updates.uscourts.gov after:2026/01/02 before:2026/01/03
[info] No emails found from uscourts@updates.uscourts.gov on 2026/01/02
[info] Searching Gmail for: from:drewwileyroberts@gmail.com after:2026/01/02 before:2026/01/03
[info] No emails found from drewwileyroberts@gmail.com on 2026/01/02

[ok] Processed 0 PDF(s)
[2026-01-02 12:02:03] Check completed

========================================
[2026-01-02 12:04:01] Starting Federal Circuit check...
[info] Authenticating with Gmail API...
[ok] Successfully authenticated
[info] Searching Gmail for: from:uscourts@updates.uscourts.gov after:2026/01/02 before:2026/01/03
[info] No emails found from uscourts@updates.uscourts.gov on 2026/01/02
[info] Searching Gmail for: from:drewwileyroberts@gmail.com after:2026/01/02 before:2026/01/03
[info] No emails found from drewwileyroberts@gmail.com on 2026/01/02

[ok] Processed 0 PDF(s)
[2026-01-02 12:04:03] Check completed

========================================
[2026-01-02 12:06:01] Starting Federal Circuit check...
[info] Authenticating with Gmail API...
[ok] Successfully authenticated
[info] Searching Gmail for: from:uscourts@updates.uscourts.gov after:2026/01/02 before:2026/01/03
[info] No emails found from uscourts@updates.uscourts.gov on 2026/01/02
[info] Searching Gmail for: from:drewwileyroberts@gmail.com after:2026/01/02 before:2026/01/03
[info] No emails found from drewwileyroberts@gmail.com on 2026/01/02

[ok] Processed 0 PDF(s)
[2026-01-02 12:06:02] Check completed

========================================
[2026-01-02 12:08:01] Starting Federal Circuit check...
[info] Authenticating with Gmail API...
[ok] Successfully authenticated
[info] Searching Gmail for: from:uscourts@updates.uscourts.gov after:2026/01/02 before:2026/01/03
[info] No emails found from uscourts@updates.uscourts.gov on 2026/01/02
[info] Searching Gmail for: from:drewwileyroberts@gmail.com after:2026/01/02 before:2026/01/03
[info] No emails found from drewwileyroberts@gmail.com on 2026/01/02

[ok] Processed 0 PDF(s)
[2026-01-02 12:08:03] Check completed

========================================
[2026-01-02 12:10:01] Starting Federal Circuit check...
[info] Authenticating with Gmail API...
[ok] Successfully authenticated
[info] Searching Gmail for: from:uscourts@updates.uscourts.gov after:2026/01/02 before:2026/01/03
[info] No emails found from uscourts@updates.uscourts.gov on 2026/01/02
[info] Searching Gmail for: from:drewwileyroberts@gmail.com after:2026/01/02 before:2026/01/03
[info] No emails found from drewwileyroberts@gmail.com on 2026/01/02

[ok] Processed 0 PDF(s)
[2026-01-02 12:10:02] Check completed

========================================
[2026-01-02 12:12:01] Starting Federal Circuit check...
[info] Authenticating with Gmail API...
[ok] Successfully authenticated
[info] Searching Gmail for: from:uscourts@updates.uscourts.gov after:2026/01/02 before:2026/01/03
[info] No emails found from uscourts@updates.uscourts.gov on 2026/01/02
[info] Searching Gmail for: from:drewwileyroberts@gmail.com after:2026/01/02 before:2026/01/03
[info] No emails found from drewwileyroberts@gmail.com on 2026/01/02

[ok] Processed 0 PDF(s)
[2026-01-02 12:12:03] Check completed

========================================
[2026-01-02 12:14:01] Starting Federal Circuit check...
[info] Authenticating with Gmail API...
[ok] Successfully authenticated
[info] Searching Gmail for: from:uscourts@updates.uscourts.gov after:2026/01/02 before:2026/01/03
[info] No emails found from uscourts@updates.uscourts.gov on 2026/01/02
[info] Searching Gmail for: from:drewwileyroberts@gmail.com after:2026/01/02 before:2026/01/03
[info] No emails found from drewwileyroberts@gmail.com on 2026/01/02

[ok] Processed 0 PDF(s)
[2026-01-02 12:14:02] Check completed

========================================
[2026-01-05 12:00:01] Starting Federal Circuit check...
[info] Authenticating with Gmail API...
[ok] Successfully authenticated
[info] Searching Gmail for: from:uscourts@updates.uscourts.gov after:2026/01/05 before:2026/01/06
[info] No emails found from uscourts@updates.uscourts.gov on 2026/01/05
[info] Searching Gmail for: from:drewwileyroberts@gmail.com after:2026/01/05 before:2026/01/06
[info] No emails found from drewwileyroberts@gmail.com on 2026/01/05

[ok] Processed 0 PDF(s)
[2026-01-05 12:00:02] Check completed

========================================
[2026-01-05 12:02:01] Starting Federal Circuit check...
Traceback (most recent call last):
  File "<frozen runpy>", line 198, in _run_module_as_main
  File "<frozen runpy>", line 88, in _run_code
  File "/home/pi/case-summarizer/summarizer/gmail_cli.py", line 116, in <module>
    raise SystemExit(main())
                     ~~~~^^
  File "/home/pi/case-summarizer/summarizer/gmail_cli.py", line 99, in main
    pdf_count = process_court_emails(
        service=service,
    ...<7 lines>...
        force=args.force,
    )
  File "/home/pi/case-summarizer/summarizer/gmail_checker.py", line 605, in process_court_emails
    result = summarize_text(text, prompt_file=prompt_file, opinion_date=opinion_date, case_number=case_number)
  File "/home/pi/case-summarizer/summarizer/openai_summarizer.py", line 299, in summarize_text
    structured_info = _extract_structured_info(client, model, text)
  File "/home/pi/case-summarizer/summarizer/openai_summarizer.py", line 232, in _extract_structured_info
    response = _call_model(client, model, structured_prompt, sample)
  File "/home/pi/case-summarizer/summarizer/openai_summarizer.py", line 61, in _call_model
    response = client.chat.completions.create(
        model=model,
    ...<4 lines>...
        temperature=0.2,
    )
  File "/home/pi/case-summarizer/.venv/lib/python3.13/site-packages/openai/_utils/_utils.py", line 286, in wrapper
    return func(*args, **kwargs)
  File "/home/pi/case-summarizer/.venv/lib/python3.13/site-packages/openai/resources/chat/completions/completions.py", line 1156, in create
    return self._post(
           ~~~~~~~~~~^
        "/chat/completions",
        ^^^^^^^^^^^^^^^^^^^^
    ...<46 lines>...
        stream_cls=Stream[ChatCompletionChunk],
        ^^^^^^^^^^^^^^^^^^^^^^^^^^^^^^^^^^^^^^^
    )
    ^
  File "/home/pi/case-summarizer/.venv/lib/python3.13/site-packages/openai/_base_client.py", line 1259, in post
    return cast(ResponseT, self.request(cast_to, opts, stream=stream, stream_cls=stream_cls))
                           ~~~~~~~~~~~~^^^^^^^^^^^^^^^^^^^^^^^^^^^^^^^^^^^^^^^^^^^^^^^^^^^^^
  File "/home/pi/case-summarizer/.venv/lib/python3.13/site-packages/openai/_base_client.py", line 1047, in request
    raise self._make_status_error_from_response(err.response) from None
openai.RateLimitError: Error code: 429 - {'error': {'message': 'You exceeded your current quota, please check your plan and billing details. For more information on this error, read the docs: https://platform.openai.com/docs/guides/error-codes/api-errors.', 'type': 'insufficient_quota', 'param': None, 'code': 'insufficient_quota'}}
[info] Authenticating with Gmail API...
[ok] Successfully authenticated
[info] Searching Gmail for: from:uscourts@updates.uscourts.gov after:2026/01/05 before:2026/01/06
[info] Found 1 email(s)
[info] Searching Gmail for: from:drewwileyroberts@gmail.com after:2026/01/05 before:2026/01/06
[info] No emails found from drewwileyroberts@gmail.com on 2026/01/05

[info] Processing email 1/1
[info] Found 3 link(s) in email
[info] Processing uscourts link: https://www.cafc.uscourts.gov/01-05-2026-26-1160-fedmet-resources-corporation-v-magnesia-carbon-bricks-fair-trade-committee-order-26-1160-order-1-5-2026_2627744/
[info] Found PDF URL: https://www.cafc.uscourts.gov/opinions-orders/26-1160.ORDER.1-5-2026_2627744.pdf
[info] Case: 26-1160: FEDMET RESOURCES CORPORATION v. MAGNESIA CARBON BRICKS FAIR TRADE COMMITTEE
[info] Case Number: 26-1160
[info] Opinion Date: 2026-01-05
[info] Precedential: No
[ok] Downloaded PDF: pdfs/26-1160.ORDER.1-5-2026_2627744.pdf
[info] Extracting text from: 26-1160.ORDER.1-5-2026_2627744.pdf
[info] Summarizing: 26-1160.ORDER.1-5-2026_2627744.pdf
[info] Using scraped metadata: date=2026-01-05, case=26-1160
[2026-01-05 12:02:09] Check completed

========================================
[2026-01-05 12:04:01] Starting Federal Circuit check...
Traceback (most recent call last):
  File "<frozen runpy>", line 198, in _run_module_as_main
  File "<frozen runpy>", line 88, in _run_code
  File "/home/pi/case-summarizer/summarizer/gmail_cli.py", line 116, in <module>
    raise SystemExit(main())
                     ~~~~^^
  File "/home/pi/case-summarizer/summarizer/gmail_cli.py", line 99, in main
    pdf_count = process_court_emails(
        service=service,
    ...<7 lines>...
        force=args.force,
    )
  File "/home/pi/case-summarizer/summarizer/gmail_checker.py", line 605, in process_court_emails
    result = summarize_text(text, prompt_file=prompt_file, opinion_date=opinion_date, case_number=case_number)
  File "/home/pi/case-summarizer/summarizer/openai_summarizer.py", line 299, in summarize_text
    structured_info = _extract_structured_info(client, model, text)
  File "/home/pi/case-summarizer/summarizer/openai_summarizer.py", line 232, in _extract_structured_info
    response = _call_model(client, model, structured_prompt, sample)
  File "/home/pi/case-summarizer/summarizer/openai_summarizer.py", line 61, in _call_model
    response = client.chat.completions.create(
        model=model,
    ...<4 lines>...
        temperature=0.2,
    )
  File "/home/pi/case-summarizer/.venv/lib/python3.13/site-packages/openai/_utils/_utils.py", line 286, in wrapper
    return func(*args, **kwargs)
  File "/home/pi/case-summarizer/.venv/lib/python3.13/site-packages/openai/resources/chat/completions/completions.py", line 1156, in create
    return self._post(
           ~~~~~~~~~~^
        "/chat/completions",
        ^^^^^^^^^^^^^^^^^^^^
    ...<46 lines>...
        stream_cls=Stream[ChatCompletionChunk],
        ^^^^^^^^^^^^^^^^^^^^^^^^^^^^^^^^^^^^^^^
    )
    ^
  File "/home/pi/case-summarizer/.venv/lib/python3.13/site-packages/openai/_base_client.py", line 1259, in post
    return cast(ResponseT, self.request(cast_to, opts, stream=stream, stream_cls=stream_cls))
                           ~~~~~~~~~~~~^^^^^^^^^^^^^^^^^^^^^^^^^^^^^^^^^^^^^^^^^^^^^^^^^^^^^
  File "/home/pi/case-summarizer/.venv/lib/python3.13/site-packages/openai/_base_client.py", line 1047, in request
    raise self._make_status_error_from_response(err.response) from None
openai.RateLimitError: Error code: 429 - {'error': {'message': 'You exceeded your current quota, please check your plan and billing details. For more information on this error, read the docs: https://platform.openai.com/docs/guides/error-codes/api-errors.', 'type': 'insufficient_quota', 'param': None, 'code': 'insufficient_quota'}}
[info] Authenticating with Gmail API...
[ok] Successfully authenticated
[info] Searching Gmail for: from:uscourts@updates.uscourts.gov after:2026/01/05 before:2026/01/06
[info] Found 1 email(s)
[info] Searching Gmail for: from:drewwileyroberts@gmail.com after:2026/01/05 before:2026/01/06
[info] No emails found from drewwileyroberts@gmail.com on 2026/01/05

[info] Processing email 1/1
[info] Found 3 link(s) in email
[info] Processing uscourts link: https://www.cafc.uscourts.gov/01-05-2026-23-1740-sram-llc-v-princeton-carbon-works-inc-order-23-1740-order-1-5-2026_2627719/
[info] Found PDF URL: https://www.cafc.uscourts.gov/opinions-orders/23-1740.ORDER.1-5-2026_2627719.pdf
[info] Case: 23-1740: SRAM, LLC v. PRINCETON CARBON WORKS, INC.
[info] Case Number: 23-1740
[info] Opinion Date: 2026-01-05
[info] Precedential: No
[ok] Downloaded PDF: pdfs/23-1740.ORDER.1-5-2026_2627719.pdf
[info] Extracting text from: 23-1740.ORDER.1-5-2026_2627719.pdf
[info] Summarizing: 23-1740.ORDER.1-5-2026_2627719.pdf
[info] Using scraped metadata: date=2026-01-05, case=23-1740
[2026-01-05 12:04:06] Check completed

========================================
[2026-01-05 12:06:01] Starting Federal Circuit check...
Traceback (most recent call last):
  File "<frozen runpy>", line 198, in _run_module_as_main
  File "<frozen runpy>", line 88, in _run_code
  File "/home/pi/case-summarizer/summarizer/gmail_cli.py", line 116, in <module>
    raise SystemExit(main())
                     ~~~~^^
  File "/home/pi/case-summarizer/summarizer/gmail_cli.py", line 99, in main
    pdf_count = process_court_emails(
        service=service,
    ...<7 lines>...
        force=args.force,
    )
  File "/home/pi/case-summarizer/summarizer/gmail_checker.py", line 605, in process_court_emails
    result = summarize_text(text, prompt_file=prompt_file, opinion_date=opinion_date, case_number=case_number)
  File "/home/pi/case-summarizer/summarizer/openai_summarizer.py", line 299, in summarize_text
    structured_info = _extract_structured_info(client, model, text)
  File "/home/pi/case-summarizer/summarizer/openai_summarizer.py", line 232, in _extract_structured_info
    response = _call_model(client, model, structured_prompt, sample)
  File "/home/pi/case-summarizer/summarizer/openai_summarizer.py", line 61, in _call_model
    response = client.chat.completions.create(
        model=model,
    ...<4 lines>...
        temperature=0.2,
    )
  File "/home/pi/case-summarizer/.venv/lib/python3.13/site-packages/openai/_utils/_utils.py", line 286, in wrapper
    return func(*args, **kwargs)
  File "/home/pi/case-summarizer/.venv/lib/python3.13/site-packages/openai/resources/chat/completions/completions.py", line 1156, in create
    return self._post(
           ~~~~~~~~~~^
        "/chat/completions",
        ^^^^^^^^^^^^^^^^^^^^
    ...<46 lines>...
        stream_cls=Stream[ChatCompletionChunk],
        ^^^^^^^^^^^^^^^^^^^^^^^^^^^^^^^^^^^^^^^
    )
    ^
  File "/home/pi/case-summarizer/.venv/lib/python3.13/site-packages/openai/_base_client.py", line 1259, in post
    return cast(ResponseT, self.request(cast_to, opts, stream=stream, stream_cls=stream_cls))
                           ~~~~~~~~~~~~^^^^^^^^^^^^^^^^^^^^^^^^^^^^^^^^^^^^^^^^^^^^^^^^^^^^^
  File "/home/pi/case-summarizer/.venv/lib/python3.13/site-packages/openai/_base_client.py", line 1047, in request
    raise self._make_status_error_from_response(err.response) from None
openai.RateLimitError: Error code: 429 - {'error': {'message': 'You exceeded your current quota, please check your plan and billing details. For more information on this error, read the docs: https://platform.openai.com/docs/guides/error-codes/api-errors.', 'type': 'insufficient_quota', 'param': None, 'code': 'insufficient_quota'}}
[info] Authenticating with Gmail API...
[ok] Successfully authenticated
[info] Searching Gmail for: from:uscourts@updates.uscourts.gov after:2026/01/05 before:2026/01/06
[info] Found 1 email(s)
[info] Searching Gmail for: from:drewwileyroberts@gmail.com after:2026/01/05 before:2026/01/06
[info] No emails found from drewwileyroberts@gmail.com on 2026/01/05

[info] Processing email 1/1
[info] Found 3 link(s) in email
[info] Processing uscourts link: https://www.cafc.uscourts.gov/01-05-2026-23-1740-sram-llc-v-princeton-carbon-works-inc-order-23-1740-order-1-5-2026_2627719/
[info] Found PDF URL: https://www.cafc.uscourts.gov/opinions-orders/23-1740.ORDER.1-5-2026_2627719.pdf
[info] Case: 23-1740: SRAM, LLC v. PRINCETON CARBON WORKS, INC.
[info] Case Number: 23-1740
[info] Opinion Date: 2026-01-05
[info] Precedential: No
[ok] Downloaded PDF: pdfs/23-1740.ORDER.1-5-2026_2627719.pdf
[info] Extracting text from: 23-1740.ORDER.1-5-2026_2627719.pdf
[info] Summarizing: 23-1740.ORDER.1-5-2026_2627719.pdf
[info] Using scraped metadata: date=2026-01-05, case=23-1740
[2026-01-05 12:06:09] Check completed

========================================
[2026-01-05 12:08:01] Starting Federal Circuit check...
Traceback (most recent call last):
  File "<frozen runpy>", line 198, in _run_module_as_main
  File "<frozen runpy>", line 88, in _run_code
  File "/home/pi/case-summarizer/summarizer/gmail_cli.py", line 116, in <module>
    raise SystemExit(main())
                     ~~~~^^
  File "/home/pi/case-summarizer/summarizer/gmail_cli.py", line 99, in main
    pdf_count = process_court_emails(
        service=service,
    ...<7 lines>...
        force=args.force,
    )
  File "/home/pi/case-summarizer/summarizer/gmail_checker.py", line 605, in process_court_emails
    result = summarize_text(text, prompt_file=prompt_file, opinion_date=opinion_date, case_number=case_number)
  File "/home/pi/case-summarizer/summarizer/openai_summarizer.py", line 299, in summarize_text
    structured_info = _extract_structured_info(client, model, text)
  File "/home/pi/case-summarizer/summarizer/openai_summarizer.py", line 232, in _extract_structured_info
    response = _call_model(client, model, structured_prompt, sample)
  File "/home/pi/case-summarizer/summarizer/openai_summarizer.py", line 61, in _call_model
    response = client.chat.completions.create(
        model=model,
    ...<4 lines>...
        temperature=0.2,
    )
  File "/home/pi/case-summarizer/.venv/lib/python3.13/site-packages/openai/_utils/_utils.py", line 286, in wrapper
    return func(*args, **kwargs)
  File "/home/pi/case-summarizer/.venv/lib/python3.13/site-packages/openai/resources/chat/completions/completions.py", line 1156, in create
    return self._post(
           ~~~~~~~~~~^
        "/chat/completions",
        ^^^^^^^^^^^^^^^^^^^^
    ...<46 lines>...
        stream_cls=Stream[ChatCompletionChunk],
        ^^^^^^^^^^^^^^^^^^^^^^^^^^^^^^^^^^^^^^^
    )
    ^
  File "/home/pi/case-summarizer/.venv/lib/python3.13/site-packages/openai/_base_client.py", line 1259, in post
    return cast(ResponseT, self.request(cast_to, opts, stream=stream, stream_cls=stream_cls))
                           ~~~~~~~~~~~~^^^^^^^^^^^^^^^^^^^^^^^^^^^^^^^^^^^^^^^^^^^^^^^^^^^^^
  File "/home/pi/case-summarizer/.venv/lib/python3.13/site-packages/openai/_base_client.py", line 1047, in request
    raise self._make_status_error_from_response(err.response) from None
openai.RateLimitError: Error code: 429 - {'error': {'message': 'You exceeded your current quota, please check your plan and billing details. For more information on this error, read the docs: https://platform.openai.com/docs/guides/error-codes/api-errors.', 'type': 'insufficient_quota', 'param': None, 'code': 'insufficient_quota'}}
[info] Authenticating with Gmail API...
[ok] Successfully authenticated
[info] Searching Gmail for: from:uscourts@updates.uscourts.gov after:2026/01/05 before:2026/01/06
[info] Found 1 email(s)
[info] Searching Gmail for: from:drewwileyroberts@gmail.com after:2026/01/05 before:2026/01/06
[info] No emails found from drewwileyroberts@gmail.com on 2026/01/05

[info] Processing email 1/1
[info] Found 3 link(s) in email
[info] Processing uscourts link: https://www.cafc.uscourts.gov/01-05-2026-26-1160-fedmet-resources-corporation-v-magnesia-carbon-bricks-fair-trade-committee-order-26-1160-order-1-5-2026_2627744/
[info] Found PDF URL: https://www.cafc.uscourts.gov/opinions-orders/26-1160.ORDER.1-5-2026_2627744.pdf
[info] Case: 26-1160: FEDMET RESOURCES CORPORATION v. MAGNESIA CARBON BRICKS FAIR TRADE COMMITTEE
[info] Case Number: 26-1160
[info] Opinion Date: 2026-01-05
[info] Precedential: No
[ok] Downloaded PDF: pdfs/26-1160.ORDER.1-5-2026_2627744.pdf
[info] Extracting text from: 26-1160.ORDER.1-5-2026_2627744.pdf
[info] Summarizing: 26-1160.ORDER.1-5-2026_2627744.pdf
[info] Using scraped metadata: date=2026-01-05, case=26-1160
[2026-01-05 12:08:06] Check completed

========================================
[2026-01-05 12:10:01] Starting Federal Circuit check...
Traceback (most recent call last):
  File "<frozen runpy>", line 198, in _run_module_as_main
  File "<frozen runpy>", line 88, in _run_code
  File "/home/pi/case-summarizer/summarizer/gmail_cli.py", line 116, in <module>
    raise SystemExit(main())
                     ~~~~^^
  File "/home/pi/case-summarizer/summarizer/gmail_cli.py", line 99, in main
    pdf_count = process_court_emails(
        service=service,
    ...<7 lines>...
        force=args.force,
    )
  File "/home/pi/case-summarizer/summarizer/gmail_checker.py", line 605, in process_court_emails
    result = summarize_text(text, prompt_file=prompt_file, opinion_date=opinion_date, case_number=case_number)
  File "/home/pi/case-summarizer/summarizer/openai_summarizer.py", line 299, in summarize_text
    structured_info = _extract_structured_info(client, model, text)
  File "/home/pi/case-summarizer/summarizer/openai_summarizer.py", line 232, in _extract_structured_info
    response = _call_model(client, model, structured_prompt, sample)
  File "/home/pi/case-summarizer/summarizer/openai_summarizer.py", line 61, in _call_model
    response = client.chat.completions.create(
        model=model,
    ...<4 lines>...
        temperature=0.2,
    )
  File "/home/pi/case-summarizer/.venv/lib/python3.13/site-packages/openai/_utils/_utils.py", line 286, in wrapper
    return func(*args, **kwargs)
  File "/home/pi/case-summarizer/.venv/lib/python3.13/site-packages/openai/resources/chat/completions/completions.py", line 1156, in create
    return self._post(
           ~~~~~~~~~~^
        "/chat/completions",
        ^^^^^^^^^^^^^^^^^^^^
    ...<46 lines>...
        stream_cls=Stream[ChatCompletionChunk],
        ^^^^^^^^^^^^^^^^^^^^^^^^^^^^^^^^^^^^^^^
    )
    ^
  File "/home/pi/case-summarizer/.venv/lib/python3.13/site-packages/openai/_base_client.py", line 1259, in post
    return cast(ResponseT, self.request(cast_to, opts, stream=stream, stream_cls=stream_cls))
                           ~~~~~~~~~~~~^^^^^^^^^^^^^^^^^^^^^^^^^^^^^^^^^^^^^^^^^^^^^^^^^^^^^
  File "/home/pi/case-summarizer/.venv/lib/python3.13/site-packages/openai/_base_client.py", line 1047, in request
    raise self._make_status_error_from_response(err.response) from None
openai.RateLimitError: Error code: 429 - {'error': {'message': 'You exceeded your current quota, please check your plan and billing details. For more information on this error, read the docs: https://platform.openai.com/docs/guides/error-codes/api-errors.', 'type': 'insufficient_quota', 'param': None, 'code': 'insufficient_quota'}}
[info] Authenticating with Gmail API...
[ok] Successfully authenticated
[info] Searching Gmail for: from:uscourts@updates.uscourts.gov after:2026/01/05 before:2026/01/06
[info] Found 1 email(s)
[info] Searching Gmail for: from:drewwileyroberts@gmail.com after:2026/01/05 before:2026/01/06
[info] No emails found from drewwileyroberts@gmail.com on 2026/01/05

[info] Processing email 1/1
[info] Found 3 link(s) in email
[info] Processing uscourts link: https://www.cafc.uscourts.gov/01-05-2026-26-1160-fedmet-resources-corporation-v-magnesia-carbon-bricks-fair-trade-committee-order-26-1160-order-1-5-2026_2627744/
[info] Found PDF URL: https://www.cafc.uscourts.gov/opinions-orders/26-1160.ORDER.1-5-2026_2627744.pdf
[info] Case: 26-1160: FEDMET RESOURCES CORPORATION v. MAGNESIA CARBON BRICKS FAIR TRADE COMMITTEE
[info] Case Number: 26-1160
[info] Opinion Date: 2026-01-05
[info] Precedential: No
[ok] Downloaded PDF: pdfs/26-1160.ORDER.1-5-2026_2627744.pdf
[info] Extracting text from: 26-1160.ORDER.1-5-2026_2627744.pdf
[info] Summarizing: 26-1160.ORDER.1-5-2026_2627744.pdf
[info] Using scraped metadata: date=2026-01-05, case=26-1160
[2026-01-05 12:10:06] Check completed

========================================
[2026-01-05 12:12:01] Starting Federal Circuit check...
Traceback (most recent call last):
  File "<frozen runpy>", line 198, in _run_module_as_main
  File "<frozen runpy>", line 88, in _run_code
  File "/home/pi/case-summarizer/summarizer/gmail_cli.py", line 116, in <module>
    raise SystemExit(main())
                     ~~~~^^
  File "/home/pi/case-summarizer/summarizer/gmail_cli.py", line 99, in main
    pdf_count = process_court_emails(
        service=service,
    ...<7 lines>...
        force=args.force,
    )
  File "/home/pi/case-summarizer/summarizer/gmail_checker.py", line 605, in process_court_emails
    result = summarize_text(text, prompt_file=prompt_file, opinion_date=opinion_date, case_number=case_number)
  File "/home/pi/case-summarizer/summarizer/openai_summarizer.py", line 299, in summarize_text
    structured_info = _extract_structured_info(client, model, text)
  File "/home/pi/case-summarizer/summarizer/openai_summarizer.py", line 232, in _extract_structured_info
    response = _call_model(client, model, structured_prompt, sample)
  File "/home/pi/case-summarizer/summarizer/openai_summarizer.py", line 61, in _call_model
    response = client.chat.completions.create(
        model=model,
    ...<4 lines>...
        temperature=0.2,
    )
  File "/home/pi/case-summarizer/.venv/lib/python3.13/site-packages/openai/_utils/_utils.py", line 286, in wrapper
    return func(*args, **kwargs)
  File "/home/pi/case-summarizer/.venv/lib/python3.13/site-packages/openai/resources/chat/completions/completions.py", line 1156, in create
    return self._post(
           ~~~~~~~~~~^
        "/chat/completions",
        ^^^^^^^^^^^^^^^^^^^^
    ...<46 lines>...
        stream_cls=Stream[ChatCompletionChunk],
        ^^^^^^^^^^^^^^^^^^^^^^^^^^^^^^^^^^^^^^^
    )
    ^
  File "/home/pi/case-summarizer/.venv/lib/python3.13/site-packages/openai/_base_client.py", line 1259, in post
    return cast(ResponseT, self.request(cast_to, opts, stream=stream, stream_cls=stream_cls))
                           ~~~~~~~~~~~~^^^^^^^^^^^^^^^^^^^^^^^^^^^^^^^^^^^^^^^^^^^^^^^^^^^^^
  File "/home/pi/case-summarizer/.venv/lib/python3.13/site-packages/openai/_base_client.py", line 1047, in request
    raise self._make_status_error_from_response(err.response) from None
openai.RateLimitError: Error code: 429 - {'error': {'message': 'You exceeded your current quota, please check your plan and billing details. For more information on this error, read the docs: https://platform.openai.com/docs/guides/error-codes/api-errors.', 'type': 'insufficient_quota', 'param': None, 'code': 'insufficient_quota'}}
[info] Authenticating with Gmail API...
[ok] Successfully authenticated
[info] Searching Gmail for: from:uscourts@updates.uscourts.gov after:2026/01/05 before:2026/01/06
[info] Found 1 email(s)
[info] Searching Gmail for: from:drewwileyroberts@gmail.com after:2026/01/05 before:2026/01/06
[info] No emails found from drewwileyroberts@gmail.com on 2026/01/05

[info] Processing email 1/1
[info] Found 3 link(s) in email
[info] Processing uscourts link: https://www.cafc.uscourts.gov/01-05-2026-26-1160-fedmet-resources-corporation-v-magnesia-carbon-bricks-fair-trade-committee-order-26-1160-order-1-5-2026_2627744/
[info] Found PDF URL: https://www.cafc.uscourts.gov/opinions-orders/26-1160.ORDER.1-5-2026_2627744.pdf
[info] Case: 26-1160: FEDMET RESOURCES CORPORATION v. MAGNESIA CARBON BRICKS FAIR TRADE COMMITTEE
[info] Case Number: 26-1160
[info] Opinion Date: 2026-01-05
[info] Precedential: No
[ok] Downloaded PDF: pdfs/26-1160.ORDER.1-5-2026_2627744.pdf
[info] Extracting text from: 26-1160.ORDER.1-5-2026_2627744.pdf
[info] Summarizing: 26-1160.ORDER.1-5-2026_2627744.pdf
[info] Using scraped metadata: date=2026-01-05, case=26-1160
[2026-01-05 12:12:05] Check completed

========================================
[2026-01-05 12:14:01] Starting Federal Circuit check...
Traceback (most recent call last):
  File "<frozen runpy>", line 198, in _run_module_as_main
  File "<frozen runpy>", line 88, in _run_code
  File "/home/pi/case-summarizer/summarizer/gmail_cli.py", line 116, in <module>
    raise SystemExit(main())
                     ~~~~^^
  File "/home/pi/case-summarizer/summarizer/gmail_cli.py", line 99, in main
    pdf_count = process_court_emails(
        service=service,
    ...<7 lines>...
        force=args.force,
    )
  File "/home/pi/case-summarizer/summarizer/gmail_checker.py", line 605, in process_court_emails
    result = summarize_text(text, prompt_file=prompt_file, opinion_date=opinion_date, case_number=case_number)
  File "/home/pi/case-summarizer/summarizer/openai_summarizer.py", line 299, in summarize_text
    structured_info = _extract_structured_info(client, model, text)
  File "/home/pi/case-summarizer/summarizer/openai_summarizer.py", line 232, in _extract_structured_info
    response = _call_model(client, model, structured_prompt, sample)
  File "/home/pi/case-summarizer/summarizer/openai_summarizer.py", line 61, in _call_model
    response = client.chat.completions.create(
        model=model,
    ...<4 lines>...
        temperature=0.2,
    )
  File "/home/pi/case-summarizer/.venv/lib/python3.13/site-packages/openai/_utils/_utils.py", line 286, in wrapper
    return func(*args, **kwargs)
  File "/home/pi/case-summarizer/.venv/lib/python3.13/site-packages/openai/resources/chat/completions/completions.py", line 1156, in create
    return self._post(
           ~~~~~~~~~~^
        "/chat/completions",
        ^^^^^^^^^^^^^^^^^^^^
    ...<46 lines>...
        stream_cls=Stream[ChatCompletionChunk],
        ^^^^^^^^^^^^^^^^^^^^^^^^^^^^^^^^^^^^^^^
    )
    ^
  File "/home/pi/case-summarizer/.venv/lib/python3.13/site-packages/openai/_base_client.py", line 1259, in post
    return cast(ResponseT, self.request(cast_to, opts, stream=stream, stream_cls=stream_cls))
                           ~~~~~~~~~~~~^^^^^^^^^^^^^^^^^^^^^^^^^^^^^^^^^^^^^^^^^^^^^^^^^^^^^
  File "/home/pi/case-summarizer/.venv/lib/python3.13/site-packages/openai/_base_client.py", line 1047, in request
    raise self._make_status_error_from_response(err.response) from None
openai.RateLimitError: Error code: 429 - {'error': {'message': 'You exceeded your current quota, please check your plan and billing details. For more information on this error, read the docs: https://platform.openai.com/docs/guides/error-codes/api-errors.', 'type': 'insufficient_quota', 'param': None, 'code': 'insufficient_quota'}}
[info] Authenticating with Gmail API...
[ok] Successfully authenticated
[info] Searching Gmail for: from:uscourts@updates.uscourts.gov after:2026/01/05 before:2026/01/06
[info] Found 1 email(s)
[info] Searching Gmail for: from:drewwileyroberts@gmail.com after:2026/01/05 before:2026/01/06
[info] No emails found from drewwileyroberts@gmail.com on 2026/01/05

[info] Processing email 1/1
[info] Found 3 link(s) in email
[info] Processing uscourts link: https://www.cafc.uscourts.gov/01-02-2026-24-2185-macneil-ip-llc-v-yita-llc-order-24-2185-order-12-31-2025_24218512312025/
[info] Found PDF URL: https://www.cafc.uscourts.gov/opinions-orders/24-2185.ORDER.12-31-2025_24218512312025.pdf
[info] Case: 24-2185: MACNEIL IP LLC v. YITA LLC
[info] Case Number: 24-2185
[info] Opinion Date: 2026-01-02
[info] Precedential: No
[ok] Downloaded PDF: pdfs/24-2185.ORDER.12-31-2025_24218512312025.pdf
[info] Extracting text from: 24-2185.ORDER.12-31-2025_24218512312025.pdf
[info] Summarizing: 24-2185.ORDER.12-31-2025_24218512312025.pdf
[info] Using scraped metadata: date=2026-01-02, case=24-2185
[2026-01-05 12:14:06] Check completed

========================================
[2026-01-05 12:44:26] Starting Federal Circuit check...
[info] Authenticating with Gmail API...
[ok] Successfully authenticated
[info] Searching Gmail for: from:uscourts@updates.uscourts.gov after:2026/01/05 before:2026/01/06
[info] Found 1 email(s)
[info] Searching Gmail for: from:drewwileyroberts@gmail.com after:2026/01/05 before:2026/01/06
[info] No emails found from drewwileyroberts@gmail.com on 2026/01/05

[info] Processing email 1/1
[info] Found 3 link(s) in email
[info] Processing uscourts link: https://www.cafc.uscourts.gov/01-02-2026-24-2185-macneil-ip-llc-v-yita-llc-order-24-2185-order-12-31-2025_24218512312025/
[info] Found PDF URL: https://www.cafc.uscourts.gov/opinions-orders/24-2185.ORDER.12-31-2025_24218512312025.pdf
[info] Case: 24-2185: MACNEIL IP LLC v. YITA LLC
[info] Case Number: 24-2185
[info] Opinion Date: 2026-01-02
[info] Precedential: No
[ok] Downloaded PDF: pdfs/24-2185.ORDER.12-31-2025_24218512312025.pdf
[info] Extracting text from: 24-2185.ORDER.12-31-2025_24218512312025.pdf
[info] Summarizing: 24-2185.ORDER.12-31-2025_24218512312025.pdf
[info] Using scraped metadata: date=2026-01-02, case=24-2185
[ok] Wrote summary: summaries/2026-01-05/non-precedential/2026.01.02_24-2185.txt
[info] Processing uscourts link: https://www.cafc.uscourts.gov/01-05-2026-23-1740-sram-llc-v-princeton-carbon-works-inc-order-23-1740-order-1-5-2026_2627719/
[info] Found PDF URL: https://www.cafc.uscourts.gov/opinions-orders/23-1740.ORDER.1-5-2026_2627719.pdf
[info] Case: 23-1740: SRAM, LLC v. PRINCETON CARBON WORKS, INC.
[info] Case Number: 23-1740
[info] Opinion Date: 2026-01-05
[info] Precedential: No
[ok] Downloaded PDF: pdfs/23-1740.ORDER.1-5-2026_2627719.pdf
[info] Extracting text from: 23-1740.ORDER.1-5-2026_2627719.pdf
[info] Summarizing: 23-1740.ORDER.1-5-2026_2627719.pdf
[info] Using scraped metadata: date=2026-01-05, case=23-1740
[ok] Wrote summary: summaries/2026-01-05/non-precedential/2026.01.05_23-1740.txt
[info] Processing uscourts link: https://www.cafc.uscourts.gov/01-05-2026-26-1160-fedmet-resources-corporation-v-magnesia-carbon-bricks-fair-trade-committee-order-26-1160-order-1-5-2026_2627744/
[info] Found PDF URL: https://www.cafc.uscourts.gov/opinions-orders/26-1160.ORDER.1-5-2026_2627744.pdf
[info] Case: 26-1160: FEDMET RESOURCES CORPORATION v. MAGNESIA CARBON BRICKS FAIR TRADE COMMITTEE
[info] Case Number: 26-1160
[info] Opinion Date: 2026-01-05
[info] Precedential: No
[ok] Downloaded PDF: pdfs/26-1160.ORDER.1-5-2026_2627744.pdf
[info] Extracting text from: 26-1160.ORDER.1-5-2026_2627744.pdf
[info] Summarizing: 26-1160.ORDER.1-5-2026_2627744.pdf
[info] Using scraped metadata: date=2026-01-05, case=26-1160
[ok] Wrote summary: summaries/2026-01-05/non-precedential/2026.01.05_26-1160.txt

[info] Sending summary email (to: L&WFEDERALCIRCUITSUMMARIES@lw.com; bcc: richard.lowry@lw.com, drew.roberts@lw.com, kylerobertsnc@gmail.com)...
[ok] Summary email sent (to: L&WFEDERALCIRCUITSUMMARIES@lw.com; bcc: richard.lowry@lw.com, drew.roberts@lw.com, kylerobertsnc@gmail.com)

[ok] Processed 3 PDF(s)
[2026-01-05 12:44:41] Check completed

========================================
[2026-01-06 12:00:01] Starting Federal Circuit check...
[info] Authenticating with Gmail API...
[ok] Successfully authenticated
[info] Searching Gmail for: from:uscourts@updates.uscourts.gov after:2026/01/06 before:2026/01/07
[info] No emails found from uscourts@updates.uscourts.gov on 2026/01/06
[info] Searching Gmail for: from:drewwileyroberts@gmail.com after:2026/01/06 before:2026/01/07
[info] No emails found from drewwileyroberts@gmail.com on 2026/01/06

[ok] Processed 0 PDF(s)
[2026-01-06 12:00:03] Check completed

========================================
[2026-01-06 12:02:01] Starting Federal Circuit check...
[info] Authenticating with Gmail API...
[ok] Successfully authenticated
[info] Searching Gmail for: from:uscourts@updates.uscourts.gov after:2026/01/06 before:2026/01/07
[info] Found 1 email(s)
[info] Searching Gmail for: from:drewwileyroberts@gmail.com after:2026/01/06 before:2026/01/07
[info] No emails found from drewwileyroberts@gmail.com on 2026/01/06

[info] Processing email 1/1
[info] Found 5 link(s) in email
[info] Processing uscourts link: https://www.cafc.uscourts.gov/01-05-2026-25-1270-quasar-science-llc-v-colt-international-clothing-inc-order-25-1270-order-1-5-2026_2512701526/
[info] Found PDF URL: https://www.cafc.uscourts.gov/opinions-orders/25-1270.ORDER.1-5-2026_2512701526.pdf
[info] Case: 25-1270: QUASAR SCIENCE, LLC v. COLT INTERNATIONAL CLOTHING, INC.
[info] Case Number: 25-1270
[info] Opinion Date: 2026-01-05
[info] Precedential: No
[ok] Downloaded PDF: pdfs/25-1270.ORDER.1-5-2026_2512701526.pdf
[info] Extracting text from: 25-1270.ORDER.1-5-2026_2512701526.pdf
[info] Summarizing: 25-1270.ORDER.1-5-2026_2512701526.pdf
[info] Using scraped metadata: date=2026-01-05, case=25-1270
[ok] Wrote summary: summaries/2026-01-06/non-precedential/2026.01.05_25-1270.txt
[info] Processing uscourts link: https://www.cafc.uscourts.gov/01-06-2026-25-1219-castillejos-v-mspb-opinion-25-1219-opinion-1-6-2026_2628518/
[info] Found PDF URL: https://www.cafc.uscourts.gov/opinions-orders/25-1219.OPINION.1-6-2026_2628518.pdf
[info] Case: 25-1219: CASTILLEJOS v. MSPB
[info] Case Number: 25-1219
[info] Opinion Date: 2026-01-06
[info] Precedential: No
[ok] Downloaded PDF: pdfs/25-1219.OPINION.1-6-2026_2628518.pdf
[info] Extracting text from: 25-1219.OPINION.1-6-2026_2628518.pdf
[info] Summarizing: 25-1219.OPINION.1-6-2026_2628518.pdf
[info] Using scraped metadata: date=2026-01-06, case=25-1219
[ok] Wrote summary: summaries/2026-01-06/non-precedential/2026.01.06_25-1219.txt
[info] Processing uscourts link: https://www.cafc.uscourts.gov/01-06-2026-24-1657-technology-in-ariscale-llc-v-razer-usa-ltd-opinion-24-1657-opinion-1-6-2026_2628553/
[info] Found PDF URL: https://www.cafc.uscourts.gov/opinions-orders/24-1657.OPINION.1-6-2026_2628553.pdf
[info] Case: 24-1657: TECHNOLOGY IN ARISCALE, LLC v. RAZER USA LTD.
[info] Case Number: 24-1657
[info] Opinion Date: 2026-01-06
[info] Precedential: No
[ok] Downloaded PDF: pdfs/24-1657.OPINION.1-6-2026_2628553.pdf
[info] Extracting text from: 24-1657.OPINION.1-6-2026_2628553.pdf
[info] Summarizing: 24-1657.OPINION.1-6-2026_2628553.pdf
[info] Using scraped metadata: date=2026-01-06, case=24-1657
[ok] Wrote summary: summaries/2026-01-06/non-precedential/2026.01.06_24-1657.txt
[info] Processing uscourts link: https://www.cafc.uscourts.gov/01-06-2026-24-1429-borovicka-v-us-rule-36-judgment-24-1429-rule_36_judgment-1-6-2026_2628528/
[info] Found PDF URL: https://www.cafc.uscourts.gov/opinions-orders/24-1429.RULE_36_JUDGMENT.1-6-2026_2628528.pdf
[info] Case: 24-1429: BOROVICKA v. US [RULE 36 JUDGMENT]
[info] Case Number: 24-1429
[info] Opinion Date: 2026-01-06
[info] Precedential: No
[ok] Downloaded PDF: pdfs/24-1429.RULE_36_JUDGMENT.1-6-2026_2628528.pdf
[info] Extracting text from: 24-1429.RULE_36_JUDGMENT.1-6-2026_2628528.pdf
[info] Summarizing: 24-1429.RULE_36_JUDGMENT.1-6-2026_2628528.pdf
[info] Using scraped metadata: date=2026-01-06, case=24-1429
[ok] Wrote summary: summaries/2026-01-06/non-precedential/2026.01.06_24-1429.txt
[info] Processing uscourts link: https://www.cafc.uscourts.gov/01-06-2026-24-1872-irizarry-v-dhs-opinion-24-1872-opinion-1-6-2026_2628510/
[info] Found PDF URL: https://www.cafc.uscourts.gov/opinions-orders/24-1872.OPINION.1-6-2026_2628510.pdf
[info] Case: 24-1872: IRIZARRY v. DHS
[info] Case Number: 24-1872
[info] Opinion Date: 2026-01-06
[info] Precedential: No
[ok] Downloaded PDF: pdfs/24-1872.OPINION.1-6-2026_2628510.pdf
[info] Extracting text from: 24-1872.OPINION.1-6-2026_2628510.pdf
[info] Summarizing: 24-1872.OPINION.1-6-2026_2628510.pdf
[info] Using scraped metadata: date=2026-01-06, case=24-1872
[ok] Wrote summary: summaries/2026-01-06/non-precedential/2026.01.06_24-1872.txt

[info] Sending summary email (to: L&WFEDERALCIRCUITSUMMARIES@lw.com; bcc: richard.lowry@lw.com, drew.roberts@lw.com, kylerobertsnc@gmail.com)...
[ok] Summary email sent (to: L&WFEDERALCIRCUITSUMMARIES@lw.com; bcc: richard.lowry@lw.com, drew.roberts@lw.com, kylerobertsnc@gmail.com)

[ok] Processed 5 PDF(s)
[2026-01-06 12:02:48] Check completed

========================================
[2026-01-06 12:04:01] Starting Federal Circuit check...
[info] Authenticating with Gmail API...
[ok] Successfully authenticated
[info] Summaries already exist for 2026-01-06 (5 files)
[info] Skipping processing to avoid duplicates (use --force to override)

[ok] Processed 0 PDF(s)
[2026-01-06 12:04:02] Check completed

========================================
[2026-01-06 12:06:01] Starting Federal Circuit check...
[info] Authenticating with Gmail API...
[ok] Successfully authenticated
[info] Summaries already exist for 2026-01-06 (5 files)
[info] Skipping processing to avoid duplicates (use --force to override)

[ok] Processed 0 PDF(s)
[2026-01-06 12:06:02] Check completed

========================================
[2026-01-06 12:08:01] Starting Federal Circuit check...
[info] Authenticating with Gmail API...
[ok] Successfully authenticated
[info] Summaries already exist for 2026-01-06 (5 files)
[info] Skipping processing to avoid duplicates (use --force to override)

[ok] Processed 0 PDF(s)
[2026-01-06 12:08:02] Check completed

========================================
[2026-01-06 12:10:01] Starting Federal Circuit check...
[info] Authenticating with Gmail API...
[ok] Successfully authenticated
[info] Summaries already exist for 2026-01-06 (5 files)
[info] Skipping processing to avoid duplicates (use --force to override)

[ok] Processed 0 PDF(s)
[2026-01-06 12:10:02] Check completed

========================================
[2026-01-06 12:12:01] Starting Federal Circuit check...
[info] Authenticating with Gmail API...
[ok] Successfully authenticated
[info] Summaries already exist for 2026-01-06 (5 files)
[info] Skipping processing to avoid duplicates (use --force to override)

[ok] Processed 0 PDF(s)
[2026-01-06 12:12:02] Check completed

========================================
[2026-01-06 12:14:01] Starting Federal Circuit check...
[info] Authenticating with Gmail API...
[ok] Successfully authenticated
[info] Summaries already exist for 2026-01-06 (5 files)
[info] Skipping processing to avoid duplicates (use --force to override)

[ok] Processed 0 PDF(s)
[2026-01-06 12:14:02] Check completed

========================================
[2026-01-07 12:00:01] Starting Federal Circuit check...
[info] Authenticating with Gmail API...
[ok] Successfully authenticated
[info] Searching Gmail for: from:uscourts@updates.uscourts.gov after:2026/01/07 before:2026/01/08
[info] No emails found from uscourts@updates.uscourts.gov on 2026/01/07
[info] Searching Gmail for: from:drewwileyroberts@gmail.com after:2026/01/07 before:2026/01/08
[info] No emails found from drewwileyroberts@gmail.com on 2026/01/07

[ok] Processed 0 PDF(s)
[2026-01-07 12:00:03] Check completed

========================================
[2026-01-07 12:02:01] Starting Federal Circuit check...
[info] Authenticating with Gmail API...
[ok] Successfully authenticated
[info] Searching Gmail for: from:uscourts@updates.uscourts.gov after:2026/01/07 before:2026/01/08
[info] Found 1 email(s)
[info] Searching Gmail for: from:drewwileyroberts@gmail.com after:2026/01/07 before:2026/01/08
[info] No emails found from drewwileyroberts@gmail.com on 2026/01/07

[info] Processing email 1/1
[info] Found 7 link(s) in email
[info] Processing uscourts link: https://www.cafc.uscourts.gov/01-07-2026-24-1023-indect-usa-corp-v-park-assist-llc-opinion-24-1023-opinion-1-7-2026_2629243/
[info] Found PDF URL: https://www.cafc.uscourts.gov/opinions-orders/24-1023.OPINION.1-7-2026_2629243.pdf
[info] Case: 24-1023: INDECT USA CORP. v. PARK ASSIST, LLC
[info] Case Number: 24-1023
[info] Opinion Date: 2026-01-07
[info] Precedential: No
[ok] Downloaded PDF: pdfs/24-1023.OPINION.1-7-2026_2629243.pdf
[info] Extracting text from: 24-1023.OPINION.1-7-2026_2629243.pdf
[info] Summarizing: 24-1023.OPINION.1-7-2026_2629243.pdf
[info] Using scraped metadata: date=2026-01-07, case=24-1023
[ok] Wrote summary: summaries/2026-01-07/non-precedential/2026.01.07_24-1023.txt
[info] Processing uscourts link: https://www.cafc.uscourts.gov/01-07-2026-25-2139-johnson-v-collins-order-25-2139-order-1-7-2026_2629188/
[info] Found PDF URL: https://www.cafc.uscourts.gov/opinions-orders/25-2139.ORDER.1-7-2026_2629188.pdf
[info] Case: 25-2139: JOHNSON v. COLLINS
[info] Case Number: 25-2139
[info] Opinion Date: 2026-01-07
[info] Precedential: No
[ok] Downloaded PDF: pdfs/25-2139.ORDER.1-7-2026_2629188.pdf
[info] Extracting text from: 25-2139.ORDER.1-7-2026_2629188.pdf
[info] Summarizing: 25-2139.ORDER.1-7-2026_2629188.pdf
[info] Using scraped metadata: date=2026-01-07, case=25-2139
[ok] Wrote summary: summaries/2026-01-07/non-precedential/2026.01.07_25-2139.txt
[info] Processing uscourts link: https://www.cafc.uscourts.gov/01-07-2026-25-1260-nathan-v-mspb-opinion-25-1260-opinion-1-7-2026_2629295/
[info] Found PDF URL: https://www.cafc.uscourts.gov/opinions-orders/25-1260.OPINION.1-7-2026_2629295.pdf
[info] Case: 25-1260: NATHAN v. MSPB
[info] Case Number: 25-1260
[info] Opinion Date: 2026-01-07
[info] Precedential: No
[ok] Downloaded PDF: pdfs/25-1260.OPINION.1-7-2026_2629295.pdf
[info] Extracting text from: 25-1260.OPINION.1-7-2026_2629295.pdf
[info] Summarizing: 25-1260.OPINION.1-7-2026_2629295.pdf
[info] Using scraped metadata: date=2026-01-07, case=25-1260
[ok] Wrote summary: summaries/2026-01-07/non-precedential/2026.01.07_25-1260.txt
[info] Processing uscourts link: https://www.cafc.uscourts.gov/01-07-2026-24-1256-haggart-v-us-opinion-24-1256-opinion-1-7-2026_2629221/
[info] Found PDF URL: https://www.cafc.uscourts.gov/opinions-orders/24-1256.OPINION.1-7-2026_2629221.pdf
[info] Case: 24-1256: HAGGART v. US
[info] Case Number: 24-1256
[info] Opinion Date: 2026-01-07
[info] Precedential: No
[ok] Downloaded PDF: pdfs/24-1256.OPINION.1-7-2026_2629221.pdf
[info] Extracting text from: 24-1256.OPINION.1-7-2026_2629221.pdf
[info] Summarizing: 24-1256.OPINION.1-7-2026_2629221.pdf
[info] Using scraped metadata: date=2026-01-07, case=24-1256
[ok] Wrote summary: summaries/2026-01-07/non-precedential/2026.01.07_24-1256.txt
[info] Processing uscourts link: https://www.cafc.uscourts.gov/01-07-2026-24-1195-osc-solutions-inc-v-secretary-of-the-navy-opinion-24-1195-opinion-1-7-2026_2629233/
[info] Found PDF URL: https://www.cafc.uscourts.gov/opinions-orders/24-1195.OPINION.1-7-2026_2629233.pdf
[info] Case: 24-1195: OSC SOLUTIONS, INC. v. SECRETARY OF THE NAVY
[info] Case Number: 24-1195
[info] Opinion Date: 2026-01-07
[info] Precedential: No
[ok] Downloaded PDF: pdfs/24-1195.OPINION.1-7-2026_2629233.pdf
[info] Extracting text from: 24-1195.OPINION.1-7-2026_2629233.pdf
[info] Summarizing: 24-1195.OPINION.1-7-2026_2629233.pdf
[info] Using scraped metadata: date=2026-01-07, case=24-1195
[ok] Wrote summary: summaries/2026-01-07/non-precedential/2026.01.07_24-1195.txt
[info] Processing uscourts link: https://www.cafc.uscourts.gov/01-07-2026-25-1647-joseph-v-us-opinion-25-1647-opinion-1-7-2026_2629265/
[info] Found PDF URL: https://www.cafc.uscourts.gov/opinions-orders/25-1647.OPINION.1-7-2026_2629265.pdf
[info] Case: 25-1647: JOSEPH v. US
[info] Case Number: 25-1647
[info] Opinion Date: 2026-01-07
[info] Precedential: No
[ok] Downloaded PDF: pdfs/25-1647.OPINION.1-7-2026_2629265.pdf
[info] Extracting text from: 25-1647.OPINION.1-7-2026_2629265.pdf
[info] Summarizing: 25-1647.OPINION.1-7-2026_2629265.pdf
[info] Using scraped metadata: date=2026-01-07, case=25-1647
[ok] Wrote summary: summaries/2026-01-07/non-precedential/2026.01.07_25-1647.txt
[info] Processing uscourts link: https://www.cafc.uscourts.gov/01-07-2026-24-1483-viasat-inc-v-western-digital-technologies-inc-opinion-24-1483-opinion-1-7-2026_2629282/
[info] Found PDF URL: https://www.cafc.uscourts.gov/opinions-orders/24-1483.OPINION.1-7-2026_2629282.pdf
[info] Case: 24-1483: VIASAT, INC. v. WESTERN DIGITAL TECHNOLOGIES, INC.
[info] Case Number: 24-1483
[info] Opinion Date: 2026-01-07
[info] Precedential: No
[ok] Downloaded PDF: pdfs/24-1483.OPINION.1-7-2026_2629282.pdf
[info] Extracting text from: 24-1483.OPINION.1-7-2026_2629282.pdf
[info] Summarizing: 24-1483.OPINION.1-7-2026_2629282.pdf
[info] Using scraped metadata: date=2026-01-07, case=24-1483
[ok] Wrote summary: summaries/2026-01-07/non-precedential/2026.01.07_24-1483.txt

[info] Sending summary email (to: L&WFEDERALCIRCUITSUMMARIES@lw.com; bcc: richard.lowry@lw.com, drew.roberts@lw.com, kylerobertsnc@gmail.com)...
[ok] Summary email sent (to: L&WFEDERALCIRCUITSUMMARIES@lw.com; bcc: richard.lowry@lw.com, drew.roberts@lw.com, kylerobertsnc@gmail.com)

[ok] Processed 7 PDF(s)
[2026-01-07 12:02:57] Check completed

========================================
[2026-01-07 12:04:01] Starting Federal Circuit check...
[info] Authenticating with Gmail API...
[ok] Successfully authenticated
[info] Summaries already exist for 2026-01-07 (7 files)
[info] Skipping processing to avoid duplicates (use --force to override)

[ok] Processed 0 PDF(s)
[2026-01-07 12:04:02] Check completed

========================================
[2026-01-07 12:06:01] Starting Federal Circuit check...
[info] Authenticating with Gmail API...
[ok] Successfully authenticated
[info] Summaries already exist for 2026-01-07 (7 files)
[info] Skipping processing to avoid duplicates (use --force to override)

[ok] Processed 0 PDF(s)
[2026-01-07 12:06:02] Check completed

========================================
[2026-01-07 12:08:01] Starting Federal Circuit check...
[info] Authenticating with Gmail API...
[ok] Successfully authenticated
[info] Summaries already exist for 2026-01-07 (7 files)
[info] Skipping processing to avoid duplicates (use --force to override)

[ok] Processed 0 PDF(s)
[2026-01-07 12:08:02] Check completed

========================================
[2026-01-07 12:10:01] Starting Federal Circuit check...
[info] Authenticating with Gmail API...
[ok] Successfully authenticated
[info] Summaries already exist for 2026-01-07 (7 files)
[info] Skipping processing to avoid duplicates (use --force to override)

[ok] Processed 0 PDF(s)
[2026-01-07 12:10:02] Check completed

========================================
[2026-01-07 12:12:01] Starting Federal Circuit check...
[info] Authenticating with Gmail API...
[ok] Successfully authenticated
[info] Summaries already exist for 2026-01-07 (7 files)
[info] Skipping processing to avoid duplicates (use --force to override)

[ok] Processed 0 PDF(s)
[2026-01-07 12:12:02] Check completed

========================================
[2026-01-07 12:14:01] Starting Federal Circuit check...
[info] Authenticating with Gmail API...
[ok] Successfully authenticated
[info] Summaries already exist for 2026-01-07 (7 files)
[info] Skipping processing to avoid duplicates (use --force to override)

[ok] Processed 0 PDF(s)
[2026-01-07 12:14:02] Check completed

========================================
[2026-01-08 12:00:01] Starting Federal Circuit check...
[info] Authenticating with Gmail API...
[ok] Successfully authenticated
[info] Searching Gmail for: from:uscourts@updates.uscourts.gov after:2026/01/08 before:2026/01/09
[info] No emails found from uscourts@updates.uscourts.gov on 2026/01/08
[info] Searching Gmail for: from:drewwileyroberts@gmail.com after:2026/01/08 before:2026/01/09
[info] No emails found from drewwileyroberts@gmail.com on 2026/01/08

[ok] Processed 0 PDF(s)
[2026-01-08 12:00:03] Check completed

========================================
[2026-01-08 12:02:01] Starting Federal Circuit check...
[info] Authenticating with Gmail API...
[ok] Successfully authenticated
[info] Searching Gmail for: from:uscourts@updates.uscourts.gov after:2026/01/08 before:2026/01/09
[info] Found 1 email(s)
[info] Searching Gmail for: from:drewwileyroberts@gmail.com after:2026/01/08 before:2026/01/09
[info] No emails found from drewwileyroberts@gmail.com on 2026/01/08

[info] Processing email 1/1
[info] Found 7 link(s) in email
[info] Processing uscourts link: https://www.cafc.uscourts.gov/01-08-2026-24-1300-crocs-inc-v-itc-opinion-24-1300-opinion-1-8-2026_2629793/
[info] Found PDF URL: https://www.cafc.uscourts.gov/opinions-orders/24-1300.OPINION.1-8-2026_2629793.pdf
[info] Case: 24-1300: CROCS, INC. v. ITC
[info] Case Number: 24-1300
[info] Opinion Date: 2026-01-08
[info] Precedential: Yes
[ok] Downloaded PDF: pdfs/24-1300.OPINION.1-8-2026_2629793.pdf
[info] Extracting text from: 24-1300.OPINION.1-8-2026_2629793.pdf
[info] Summarizing: 24-1300.OPINION.1-8-2026_2629793.pdf
[info] Using scraped metadata: date=2026-01-08, case=24-1300
[ok] Wrote summary: summaries/2026-01-08/precedential/2026.01.08_24-1300.txt
[info] Processing uscourts link: https://www.cafc.uscourts.gov/01-08-2026-25-1845-tindall-v-us-opinion-25-1845-opinion-1-8-2026_2629769/
[info] Found PDF URL: https://www.cafc.uscourts.gov/opinions-orders/25-1845.OPINION.1-8-2026_2629769.pdf
[info] Case: 25-1845: TINDALL v. US
[info] Case Number: 25-1845
[info] Opinion Date: 2026-01-08
[info] Precedential: No
[ok] Downloaded PDF: pdfs/25-1845.OPINION.1-8-2026_2629769.pdf
[info] Extracting text from: 25-1845.OPINION.1-8-2026_2629769.pdf
[info] Summarizing: 25-1845.OPINION.1-8-2026_2629769.pdf
[info] Using scraped metadata: date=2026-01-08, case=25-1845
[ok] Wrote summary: summaries/2026-01-08/non-precedential/2026.01.08_25-1845.txt
[info] Processing uscourts link: https://www.cafc.uscourts.gov/01-08-2026-24-1862-snyder-v-collins-rule-36-judgment-24-1862-rule_36_judgment-1-8-2026_2629763/
[info] Found PDF URL: https://www.cafc.uscourts.gov/opinions-orders/24-1862.RULE_36_JUDGMENT.1-8-2026_2629763.pdf
[info] Case: 24-1862: SNYDER v. COLLINS [RULE 36 JUDGMENT]
[info] Case Number: 24-1862
[info] Opinion Date: 2026-01-08
[info] Precedential: No
[ok] Downloaded PDF: pdfs/24-1862.RULE_36_JUDGMENT.1-8-2026_2629763.pdf
[info] Extracting text from: 24-1862.RULE_36_JUDGMENT.1-8-2026_2629763.pdf
[info] Summarizing: 24-1862.RULE_36_JUDGMENT.1-8-2026_2629763.pdf
[info] Using scraped metadata: date=2026-01-08, case=24-1862
[ok] Wrote summary: summaries/2026-01-08/non-precedential/2026.01.08_24-1862.txt
[info] Processing uscourts link: https://www.cafc.uscourts.gov/01-08-2026-24-1909-3d-surfaces-llc-v-intel-corporation-rule-36-judgment-24-1909-rule_36_judgment-1-8-2026_2629803/
[info] Found PDF URL: https://www.cafc.uscourts.gov/opinions-orders/24-1909.RULE_36_JUDGMENT.1-8-2026_2629803.pdf
[info] Case: 24-1909: 3D SURFACES, LLC v. INTEL CORPORATION [RULE 36 JUDGMENT]
[info] Case Number: 24-1909
[info] Opinion Date: 2026-01-08
[info] Precedential: No
[ok] Downloaded PDF: pdfs/24-1909.RULE_36_JUDGMENT.1-8-2026_2629803.pdf
[info] Extracting text from: 24-1909.RULE_36_JUDGMENT.1-8-2026_2629803.pdf
[info] Summarizing: 24-1909.RULE_36_JUDGMENT.1-8-2026_2629803.pdf
[info] Using scraped metadata: date=2026-01-08, case=24-1909
[ok] Wrote summary: summaries/2026-01-08/non-precedential/2026.01.08_24-1909.txt
[info] Processing uscourts link: https://www.cafc.uscourts.gov/01-08-2026-24-1142-midwest-cbk-llc-v-us-opinion-24-1142-opinion-1-8-2026_2629753/
[info] Found PDF URL: https://www.cafc.uscourts.gov/opinions-orders/24-1142.OPINION.1-8-2026_2629753.pdf
[info] Case: 24-1142: MIDWEST-CBK, LLC v. US
[info] Case Number: 24-1142
[info] Opinion Date: 2026-01-08
[info] Precedential: Yes
[ok] Downloaded PDF: pdfs/24-1142.OPINION.1-8-2026_2629753.pdf
[info] Extracting text from: 24-1142.OPINION.1-8-2026_2629753.pdf
[info] Summarizing: 24-1142.OPINION.1-8-2026_2629753.pdf
[info] Using scraped metadata: date=2026-01-08, case=24-1142
[ok] Wrote summary: summaries/2026-01-08/precedential/2026.01.08_24-1142.txt
[info] Processing uscourts link: https://www.cafc.uscourts.gov/01-08-2026-25-2087-armstrong-v-irs-order-25-2087-order-1-8-2026_2629816/
[info] Found PDF URL: https://www.cafc.uscourts.gov/opinions-orders/25-2087.ORDER.1-8-2026_2629816.pdf
[info] Case: 25-2087: ARMSTRONG v. IRS
[info] Case Number: 25-2087
[info] Opinion Date: 2026-01-08
[info] Precedential: No
[ok] Downloaded PDF: pdfs/25-2087.ORDER.1-8-2026_2629816.pdf
[info] Extracting text from: 25-2087.ORDER.1-8-2026_2629816.pdf
[info] Summarizing: 25-2087.ORDER.1-8-2026_2629816.pdf
[info] Using scraped metadata: date=2026-01-08, case=25-2087
[ok] Wrote summary: summaries/2026-01-08/non-precedential/2026.01.08_25-2087.txt
[info] Processing uscourts link: https://www.cafc.uscourts.gov/01-08-2026-23-2073-chisena-v-major-league-baseball-players-association-opinion-23-2073-opinion-1-8-2026_2629780/
[info] Found PDF URL: https://www.cafc.uscourts.gov/opinions-orders/23-2073.OPINION.1-8-2026_2629780.pdf
[info] Case: 23-2073: CHISENA v. MAJOR LEAGUE BASEBALL PLAYERS ASSOCIATION
[info] Case Number: 23-2073
[info] Opinion Date: 2026-01-08
[info] Precedential: No
[ok] Downloaded PDF: pdfs/23-2073.OPINION.1-8-2026_2629780.pdf
[info] Extracting text from: 23-2073.OPINION.1-8-2026_2629780.pdf
[info] Summarizing: 23-2073.OPINION.1-8-2026_2629780.pdf
[info] Using scraped metadata: date=2026-01-08, case=23-2073
[ok] Wrote summary: summaries/2026-01-08/non-precedential/2026.01.08_23-2073.txt

[info] Sending summary email (to: L&WFEDERALCIRCUITSUMMARIES@lw.com; bcc: richard.lowry@lw.com, drew.roberts@lw.com, kylerobertsnc@gmail.com)...
[ok] Summary email sent (to: L&WFEDERALCIRCUITSUMMARIES@lw.com; bcc: richard.lowry@lw.com, drew.roberts@lw.com, kylerobertsnc@gmail.com)

[ok] Processed 7 PDF(s)
[2026-01-08 12:02:52] Check completed

========================================
[2026-01-08 12:04:01] Starting Federal Circuit check...
[info] Authenticating with Gmail API...
[ok] Successfully authenticated
[info] Summaries already exist for 2026-01-08 (7 files)
[info] Skipping processing to avoid duplicates (use --force to override)

[ok] Processed 0 PDF(s)
[2026-01-08 12:04:02] Check completed

========================================
[2026-01-08 12:06:01] Starting Federal Circuit check...
[info] Authenticating with Gmail API...
[ok] Successfully authenticated
[info] Summaries already exist for 2026-01-08 (7 files)
[info] Skipping processing to avoid duplicates (use --force to override)

[ok] Processed 0 PDF(s)
[2026-01-08 12:06:02] Check completed

========================================
[2026-01-08 12:08:01] Starting Federal Circuit check...
[info] Authenticating with Gmail API...
[ok] Successfully authenticated
[info] Summaries already exist for 2026-01-08 (7 files)
[info] Skipping processing to avoid duplicates (use --force to override)

[ok] Processed 0 PDF(s)
[2026-01-08 12:08:02] Check completed

========================================
[2026-01-08 12:10:01] Starting Federal Circuit check...
[info] Authenticating with Gmail API...
[ok] Successfully authenticated
[info] Summaries already exist for 2026-01-08 (7 files)
[info] Skipping processing to avoid duplicates (use --force to override)

[ok] Processed 0 PDF(s)
[2026-01-08 12:10:02] Check completed

========================================
[2026-01-08 12:12:01] Starting Federal Circuit check...
[info] Authenticating with Gmail API...
[ok] Successfully authenticated
[info] Summaries already exist for 2026-01-08 (7 files)
[info] Skipping processing to avoid duplicates (use --force to override)

[ok] Processed 0 PDF(s)
[2026-01-08 12:12:02] Check completed

========================================
[2026-01-08 12:14:01] Starting Federal Circuit check...
[info] Authenticating with Gmail API...
[ok] Successfully authenticated
[info] Summaries already exist for 2026-01-08 (7 files)
[info] Skipping processing to avoid duplicates (use --force to override)

[ok] Processed 0 PDF(s)
[2026-01-08 12:14:02] Check completed

========================================
[2026-01-09 12:00:01] Starting Federal Circuit check...
[info] Authenticating with Gmail API...
[ok] Successfully authenticated
[info] Searching Gmail for: from:uscourts@updates.uscourts.gov after:2026/01/09 before:2026/01/10
[info] No emails found from uscourts@updates.uscourts.gov on 2026/01/09
[info] Searching Gmail for: from:drewwileyroberts@gmail.com after:2026/01/09 before:2026/01/10
[info] No emails found from drewwileyroberts@gmail.com on 2026/01/09

[ok] Processed 0 PDF(s)
[2026-01-09 12:00:03] Check completed

========================================
[2026-01-09 12:02:01] Starting Federal Circuit check...
[info] Authenticating with Gmail API...
[ok] Successfully authenticated
[info] Searching Gmail for: from:uscourts@updates.uscourts.gov after:2026/01/09 before:2026/01/10
[info] Found 1 email(s)
[info] Searching Gmail for: from:drewwileyroberts@gmail.com after:2026/01/09 before:2026/01/10
[info] No emails found from drewwileyroberts@gmail.com on 2026/01/09

[info] Processing email 1/1
[info] Found 8 link(s) in email
[info] Processing uscourts link: https://www.cafc.uscourts.gov/01-09-2026-25-2112-jones-v-collins-order-25-2112-order-1-9-2026_2630217/
[info] Found PDF URL: https://www.cafc.uscourts.gov/opinions-orders/25-2112.ORDER.1-9-2026_2630217.pdf
[info] Case: 25-2112: JONES v. COLLINS
[info] Case Number: 25-2112
[info] Opinion Date: 2026-01-09
[info] Precedential: No
[ok] Downloaded PDF: pdfs/25-2112.ORDER.1-9-2026_2630217.pdf
[info] Extracting text from: 25-2112.ORDER.1-9-2026_2630217.pdf
[info] Summarizing: 25-2112.ORDER.1-9-2026_2630217.pdf
[info] Using scraped metadata: date=2026-01-09, case=25-2112
[ok] Wrote summary: summaries/2026-01-09/non-precedential/2026.01.09_25-2112.txt
[info] Processing uscourts link: https://www.cafc.uscourts.gov/01-09-2026-25-1491-windsor-v-collins-opinion-25-1491-opinion-1-9-2026_2630281/
[info] Found PDF URL: https://www.cafc.uscourts.gov/opinions-orders/25-1491.OPINION.1-9-2026_2630281.pdf
[info] Case: 25-1491: WINDSOR v. COLLINS
[info] Case Number: 25-1491
[info] Opinion Date: 2026-01-09
[info] Precedential: No
[ok] Downloaded PDF: pdfs/25-1491.OPINION.1-9-2026_2630281.pdf
[info] Extracting text from: 25-1491.OPINION.1-9-2026_2630281.pdf
[info] Summarizing: 25-1491.OPINION.1-9-2026_2630281.pdf
[info] Using scraped metadata: date=2026-01-09, case=25-1491
[ok] Wrote summary: summaries/2026-01-09/non-precedential/2026.01.09_25-1491.txt
[info] Processing uscourts link: https://www.cafc.uscourts.gov/01-09-2026-25-1620-johnson-v-mspb-order-25-1620-order-1-9-2026_2630212/
[info] Found PDF URL: https://www.cafc.uscourts.gov/opinions-orders/25-1620.ORDER.1-9-2026_2630212.pdf
[info] Case: 25-1620: JOHNSON v. MSPB
[info] Case Number: 25-1620
[info] Opinion Date: 2026-01-09
[info] Precedential: No
[ok] Downloaded PDF: pdfs/25-1620.ORDER.1-9-2026_2630212.pdf
[info] Extracting text from: 25-1620.ORDER.1-9-2026_2630212.pdf
[info] Summarizing: 25-1620.ORDER.1-9-2026_2630212.pdf
[info] Using scraped metadata: date=2026-01-09, case=25-1620
[ok] Wrote summary: summaries/2026-01-09/non-precedential/2026.01.09_25-1620.txt
[info] Processing uscourts link: https://www.cafc.uscourts.gov/01-09-2026-25-1269-sandstrom-v-itc-opinion-25-1269-opinion-1-9-2026_2630267/
[info] Found PDF URL: https://www.cafc.uscourts.gov/opinions-orders/25-1269.OPINION.1-9-2026_2630267.pdf
[info] Case: 25-1269: SANDSTROM v. ITC
[info] Case Number: 25-1269
[info] Opinion Date: 2026-01-09
[info] Precedential: No
[ok] Downloaded PDF: pdfs/25-1269.OPINION.1-9-2026_2630267.pdf
[info] Extracting text from: 25-1269.OPINION.1-9-2026_2630267.pdf
[info] Summarizing: 25-1269.OPINION.1-9-2026_2630267.pdf
[info] Using scraped metadata: date=2026-01-09, case=25-1269
[ok] Wrote summary: summaries/2026-01-09/non-precedential/2026.01.09_25-1269.txt
[info] Processing uscourts link: https://www.cafc.uscourts.gov/01-09-2026-25-2148-joyce-v-collins-order-25-2148-order-1-9-2026_2630228/
[info] Found PDF URL: https://www.cafc.uscourts.gov/opinions-orders/25-2148.ORDER.1-9-2026_2630228.pdf
[info] Case: 25-2148: JOYCE v. COLLINS
[info] Case Number: 25-2148
[info] Opinion Date: 2026-01-09
[info] Precedential: No
[ok] Downloaded PDF: pdfs/25-2148.ORDER.1-9-2026_2630228.pdf
[info] Extracting text from: 25-2148.ORDER.1-9-2026_2630228.pdf
[info] Summarizing: 25-2148.ORDER.1-9-2026_2630228.pdf
[info] Using scraped metadata: date=2026-01-09, case=25-2148
[ok] Wrote summary: summaries/2026-01-09/non-precedential/2026.01.09_25-2148.txt
[info] Processing uscourts link: https://www.cafc.uscourts.gov/01-09-2026-24-1720-alford-v-collins-order-24-1720-order-1-9-2026_2630301/
[info] Found PDF URL: https://www.cafc.uscourts.gov/opinions-orders/24-1720.ORDER.1-9-2026_2630301.pdf
[info] Case: 24-1720: ALFORD v. COLLINS
[info] Case Number: 24-1720
[info] Opinion Date: 2026-01-09
[info] Precedential: No
[ok] Downloaded PDF: pdfs/24-1720.ORDER.1-9-2026_2630301.pdf
[info] Extracting text from: 24-1720.ORDER.1-9-2026_2630301.pdf
[info] Summarizing: 24-1720.ORDER.1-9-2026_2630301.pdf
[info] Using scraped metadata: date=2026-01-09, case=24-1720
[ok] Wrote summary: summaries/2026-01-09/non-precedential/2026.01.09_24-1720.txt
[info] Processing uscourts link: https://www.cafc.uscourts.gov/01-09-2026-25-1815-gladden-v-us-opinion-25-1815-opinion-1-9-2026_2630256/
[info] Found PDF URL: https://www.cafc.uscourts.gov/opinions-orders/25-1815.OPINION.1-9-2026_2630256.pdf
[info] Case: 25-1815: GLADDEN v. US
[info] Case Number: 25-1815
[info] Opinion Date: 2026-01-09
[info] Precedential: No
[ok] Downloaded PDF: pdfs/25-1815.OPINION.1-9-2026_2630256.pdf
[info] Extracting text from: 25-1815.OPINION.1-9-2026_2630256.pdf
[info] Summarizing: 25-1815.OPINION.1-9-2026_2630256.pdf
[info] Using scraped metadata: date=2026-01-09, case=25-1815
[ok] Wrote summary: summaries/2026-01-09/non-precedential/2026.01.09_25-1815.txt
[info] Processing uscourts link: https://www.cafc.uscourts.gov/01-09-2026-25-1630-church-v-mspb-order-25-1630-order-1-9-2026_2630321/
[info] Found PDF URL: https://www.cafc.uscourts.gov/opinions-orders/25-1630.ORDER.1-9-2026_2630321.pdf
[info] Case: 25-1630: CHURCH v. MSPB
[info] Case Number: 25-1630
[info] Opinion Date: 2026-01-09
[info] Precedential: No
[ok] Downloaded PDF: pdfs/25-1630.ORDER.1-9-2026_2630321.pdf
[info] Extracting text from: 25-1630.ORDER.1-9-2026_2630321.pdf
[info] Summarizing: 25-1630.ORDER.1-9-2026_2630321.pdf
[info] Using scraped metadata: date=2026-01-09, case=25-1630
[ok] Wrote summary: summaries/2026-01-09/non-precedential/2026.01.09_25-1630.txt

[info] Sending summary email (to: L&WFEDERALCIRCUITSUMMARIES@lw.com; bcc: richard.lowry@lw.com, drew.roberts@lw.com, kylerobertsnc@gmail.com)...
[ok] Summary email sent (to: L&WFEDERALCIRCUITSUMMARIES@lw.com; bcc: richard.lowry@lw.com, drew.roberts@lw.com, kylerobertsnc@gmail.com)

[ok] Processed 8 PDF(s)
[2026-01-09 12:02:39] Check completed

========================================
[2026-01-09 12:04:01] Starting Federal Circuit check...
[info] Authenticating with Gmail API...
[ok] Successfully authenticated
[info] Summaries already exist for 2026-01-09 (8 files)
[info] Skipping processing to avoid duplicates (use --force to override)

[ok] Processed 0 PDF(s)
[2026-01-09 12:04:02] Check completed

========================================
[2026-01-09 12:06:01] Starting Federal Circuit check...
[info] Authenticating with Gmail API...
[ok] Successfully authenticated
[info] Summaries already exist for 2026-01-09 (8 files)
[info] Skipping processing to avoid duplicates (use --force to override)

[ok] Processed 0 PDF(s)
[2026-01-09 12:06:02] Check completed

========================================
[2026-01-09 12:08:01] Starting Federal Circuit check...
[info] Authenticating with Gmail API...
[ok] Successfully authenticated
[info] Summaries already exist for 2026-01-09 (8 files)
[info] Skipping processing to avoid duplicates (use --force to override)

[ok] Processed 0 PDF(s)
[2026-01-09 12:08:02] Check completed

========================================
[2026-01-09 12:10:01] Starting Federal Circuit check...
[info] Authenticating with Gmail API...
[ok] Successfully authenticated
[info] Summaries already exist for 2026-01-09 (8 files)
[info] Skipping processing to avoid duplicates (use --force to override)

[ok] Processed 0 PDF(s)
[2026-01-09 12:10:02] Check completed

========================================
[2026-01-09 12:12:01] Starting Federal Circuit check...
[info] Authenticating with Gmail API...
[ok] Successfully authenticated
[info] Summaries already exist for 2026-01-09 (8 files)
[info] Skipping processing to avoid duplicates (use --force to override)

[ok] Processed 0 PDF(s)
[2026-01-09 12:12:02] Check completed

========================================
[2026-01-09 12:14:01] Starting Federal Circuit check...
[info] Authenticating with Gmail API...
[ok] Successfully authenticated
[info] Summaries already exist for 2026-01-09 (8 files)
[info] Skipping processing to avoid duplicates (use --force to override)

[ok] Processed 0 PDF(s)
[2026-01-09 12:14:02] Check completed

========================================
[2026-01-12 12:00:01] Starting Federal Circuit check...
[info] Authenticating with Gmail API...
[ok] Successfully authenticated
[info] Searching Gmail for: from:uscourts@updates.uscourts.gov after:2026/01/12 before:2026/01/13
[info] No emails found from uscourts@updates.uscourts.gov on 2026/01/12
[info] Searching Gmail for: from:drewwileyroberts@gmail.com after:2026/01/12 before:2026/01/13
[info] No emails found from drewwileyroberts@gmail.com on 2026/01/12

[ok] Processed 0 PDF(s)
[2026-01-12 12:00:03] Check completed

========================================
[2026-01-12 12:02:01] Starting Federal Circuit check...
[info] Authenticating with Gmail API...
[ok] Successfully authenticated
[info] Searching Gmail for: from:uscourts@updates.uscourts.gov after:2026/01/12 before:2026/01/13
[info] Found 1 email(s)
[info] Searching Gmail for: from:drewwileyroberts@gmail.com after:2026/01/12 before:2026/01/13
[info] No emails found from drewwileyroberts@gmail.com on 2026/01/12

[info] Processing email 1/1
[info] Found 7 link(s) in email
[info] Processing uscourts link: https://www.cafc.uscourts.gov/01-12-2026-24-1499-wsou-investments-llc-v-google-llc-rule-36-judgment-24-1499-rule_36_judgment-1-12-2026_2630932/
[info] Found PDF URL: https://www.cafc.uscourts.gov/opinions-orders/24-1499.RULE_36_JUDGMENT.1-12-2026_2630932.pdf
[info] Case: 24-1499: WSOU INVESTMENTS LLC v. GOOGLE LLC [RULE 36 JUDGMENT]
[info] Case Number: 24-1499
[info] Opinion Date: 2026-01-12
[info] Precedential: No
[ok] Downloaded PDF: pdfs/24-1499.RULE_36_JUDGMENT.1-12-2026_2630932.pdf
[info] Extracting text from: 24-1499.RULE_36_JUDGMENT.1-12-2026_2630932.pdf
[info] Summarizing: 24-1499.RULE_36_JUDGMENT.1-12-2026_2630932.pdf
[info] Using scraped metadata: date=2026-01-12, case=24-1499
[ok] Wrote summary: summaries/2026-01-12/non-precedential/2026.01.12_24-1499.txt
[info] Processing uscourts link: https://www.cafc.uscourts.gov/01-12-2026-25-1361-resumadero-v-opm-opinion-25-1361-opinion-1-12-2026_2630912/
[info] Found PDF URL: https://www.cafc.uscourts.gov/opinions-orders/25-1361.OPINION.1-12-2026_2630912.pdf
[info] Case: 25-1361: RESUMADERO v. OPM
[info] Case Number: 25-1361
[info] Opinion Date: 2026-01-12
[info] Precedential: No
[ok] Downloaded PDF: pdfs/25-1361.OPINION.1-12-2026_2630912.pdf
[info] Extracting text from: 25-1361.OPINION.1-12-2026_2630912.pdf
[info] Summarizing: 25-1361.OPINION.1-12-2026_2630912.pdf
[info] Using scraped metadata: date=2026-01-12, case=25-1361
[ok] Wrote summary: summaries/2026-01-12/non-precedential/2026.01.12_25-1361.txt
[info] Processing uscourts link: https://www.cafc.uscourts.gov/01-12-2026-24-1930-centripetal-networks-llc-v-keysight-technologies-inc-rule-36-judgment-24-1930-rule_36_judgment-1-12-2026_2630941/
[info] Found PDF URL: https://www.cafc.uscourts.gov/opinions-orders/24-1930.RULE_36_JUDGMENT.1-12-2026_2630941.pdf
[info] Case: 24-1930: CENTRIPETAL NETWORKS, LLC v. KEYSIGHT TECHNOLOGIES, INC. [RULE 36 JUDGMENT]
[info] Case Number: 24-1930
[info] Opinion Date: 2026-01-12
[info] Precedential: No
[ok] Downloaded PDF: pdfs/24-1930.RULE_36_JUDGMENT.1-12-2026_2630941.pdf
[info] Extracting text from: 24-1930.RULE_36_JUDGMENT.1-12-2026_2630941.pdf
[info] Summarizing: 24-1930.RULE_36_JUDGMENT.1-12-2026_2630941.pdf
[info] Using scraped metadata: date=2026-01-12, case=24-1930
[ok] Wrote summary: summaries/2026-01-12/non-precedential/2026.01.12_24-1930.txt
[info] Processing uscourts link: https://www.cafc.uscourts.gov/01-12-2026-24-2157-torres-v-dhs-rule-36-judgment-24-2157-rule_36_judgment-1-12-2026_2630920/
[info] Found PDF URL: https://www.cafc.uscourts.gov/opinions-orders/24-2157.RULE_36_JUDGMENT.1-12-2026_2630920.pdf
[info] Case: 24-2157: TORRES v. DHS [RULE 36 JUDGMENT]
[info] Case Number: 24-2157
[info] Opinion Date: 2026-01-12
[info] Precedential: No
[ok] Downloaded PDF: pdfs/24-2157.RULE_36_JUDGMENT.1-12-2026_2630920.pdf
[info] Extracting text from: 24-2157.RULE_36_JUDGMENT.1-12-2026_2630920.pdf
[info] Summarizing: 24-2157.RULE_36_JUDGMENT.1-12-2026_2630920.pdf
[info] Using scraped metadata: date=2026-01-12, case=24-2157
[ok] Wrote summary: summaries/2026-01-12/non-precedential/2026.01.12_24-2157.txt
[info] Processing uscourts link: https://www.cafc.uscourts.gov/01-12-2026-24-1815-madigan-v-navy-opinion-24-1815-opinion-1-12-2026_2630898/
[info] Found PDF URL: https://www.cafc.uscourts.gov/opinions-orders/24-1815.OPINION.1-12-2026_2630898.pdf
[info] Case: 24-1815: MADIGAN v. NAVY
[info] Case Number: 24-1815
[info] Opinion Date: 2026-01-12
[info] Precedential: No
[ok] Downloaded PDF: pdfs/24-1815.OPINION.1-12-2026_2630898.pdf
[info] Extracting text from: 24-1815.OPINION.1-12-2026_2630898.pdf
[info] Summarizing: 24-1815.OPINION.1-12-2026_2630898.pdf
[info] Using scraped metadata: date=2026-01-12, case=24-1815
[ok] Wrote summary: summaries/2026-01-12/non-precedential/2026.01.12_24-1815.txt
[info] Processing uscourts link: https://www.cafc.uscourts.gov/01-12-2026-24-1703-consumeron-llc-v-maplebear-inc-rule-36-judgment-24-1703-rule_36_judgment-1-12-2026_2630951/
[info] Found PDF URL: https://www.cafc.uscourts.gov/opinions-orders/24-1703.RULE_36_JUDGMENT.1-12-2026_2630951.pdf
[info] Case: 24-1703: CONSUMERON, LLC v. MAPLEBEAR INC. [RULE 36 JUDGMENT]
[info] Case Number: 24-1703
[info] Opinion Date: 2026-01-12
[info] Precedential: No
[ok] Downloaded PDF: pdfs/24-1703.RULE_36_JUDGMENT.1-12-2026_2630951.pdf
[info] Extracting text from: 24-1703.RULE_36_JUDGMENT.1-12-2026_2630951.pdf
[info] Summarizing: 24-1703.RULE_36_JUDGMENT.1-12-2026_2630951.pdf
[info] Using scraped metadata: date=2026-01-12, case=24-1703
[ok] Wrote summary: summaries/2026-01-12/non-precedential/2026.01.12_24-1703.txt
[info] Processing uscourts link: https://www.cafc.uscourts.gov/01-09-2026-25-2063-multimedia-technologies-pte-ltd-v-lg-electronics-inc-order-25-2063-order-1-9-2026_2630515/
[info] Found PDF URL: https://www.cafc.uscourts.gov/opinions-orders/25-2063.ORDER.1-9-2026_2630515.pdf
[info] Case: 25-2063: MULTIMEDIA TECHNOLOGIES PTE. LTD. v. LG ELECTRONICS INC.
[info] Case Number: 25-2063
[info] Opinion Date: 2026-01-09
[info] Precedential: No
[ok] Downloaded PDF: pdfs/25-2063.ORDER.1-9-2026_2630515.pdf
[info] Extracting text from: 25-2063.ORDER.1-9-2026_2630515.pdf
[info] Summarizing: 25-2063.ORDER.1-9-2026_2630515.pdf
[info] Using scraped metadata: date=2026-01-09, case=25-2063
[ok] Wrote summary: summaries/2026-01-12/non-precedential/2026.01.09_25-2063.txt

[info] Sending summary email (to: L&WFEDERALCIRCUITSUMMARIES@lw.com; bcc: richard.lowry@lw.com, drew.roberts@lw.com, kylerobertsnc@gmail.com)...
[ok] Summary email sent (to: L&WFEDERALCIRCUITSUMMARIES@lw.com; bcc: richard.lowry@lw.com, drew.roberts@lw.com, kylerobertsnc@gmail.com)

[ok] Processed 7 PDF(s)
[2026-01-12 12:02:39] Check completed

========================================
[2026-01-12 12:04:01] Starting Federal Circuit check...
[info] Authenticating with Gmail API...
[ok] Successfully authenticated
[info] Summaries already exist for 2026-01-12 (7 files)
[info] Skipping processing to avoid duplicates (use --force to override)

[ok] Processed 0 PDF(s)
[2026-01-12 12:04:02] Check completed

========================================
[2026-01-12 12:06:01] Starting Federal Circuit check...
[info] Authenticating with Gmail API...
[ok] Successfully authenticated
[info] Summaries already exist for 2026-01-12 (7 files)
[info] Skipping processing to avoid duplicates (use --force to override)

[ok] Processed 0 PDF(s)
[2026-01-12 12:06:02] Check completed

========================================
[2026-01-12 12:08:01] Starting Federal Circuit check...
[info] Authenticating with Gmail API...
[ok] Successfully authenticated
[info] Summaries already exist for 2026-01-12 (7 files)
[info] Skipping processing to avoid duplicates (use --force to override)

[ok] Processed 0 PDF(s)
[2026-01-12 12:08:02] Check completed

========================================
[2026-01-12 12:10:01] Starting Federal Circuit check...
[info] Authenticating with Gmail API...
[ok] Successfully authenticated
[info] Summaries already exist for 2026-01-12 (7 files)
[info] Skipping processing to avoid duplicates (use --force to override)

[ok] Processed 0 PDF(s)
[2026-01-12 12:10:02] Check completed

========================================
[2026-01-12 12:12:01] Starting Federal Circuit check...
[info] Authenticating with Gmail API...
[ok] Successfully authenticated
[info] Summaries already exist for 2026-01-12 (7 files)
[info] Skipping processing to avoid duplicates (use --force to override)

[ok] Processed 0 PDF(s)
[2026-01-12 12:12:02] Check completed

========================================
[2026-01-12 12:14:01] Starting Federal Circuit check...
[info] Authenticating with Gmail API...
[ok] Successfully authenticated
[info] Summaries already exist for 2026-01-12 (7 files)
[info] Skipping processing to avoid duplicates (use --force to override)

[ok] Processed 0 PDF(s)
[2026-01-12 12:14:02] Check completed

========================================
[2026-01-13 12:00:01] Starting Federal Circuit check...
[info] Authenticating with Gmail API...
[ok] Successfully authenticated
[info] Searching Gmail for: from:uscourts@updates.uscourts.gov after:2026/01/13 before:2026/01/14
[info] No emails found from uscourts@updates.uscourts.gov on 2026/01/13
[info] Searching Gmail for: from:drewwileyroberts@gmail.com after:2026/01/13 before:2026/01/14
[info] No emails found from drewwileyroberts@gmail.com on 2026/01/13

[ok] Processed 0 PDF(s)
[2026-01-13 12:00:03] Check completed

========================================
[2026-01-13 12:02:01] Starting Federal Circuit check...
[info] Authenticating with Gmail API...
[ok] Successfully authenticated
[info] Searching Gmail for: from:uscourts@updates.uscourts.gov after:2026/01/13 before:2026/01/14
[info] Found 1 email(s)
[info] Searching Gmail for: from:drewwileyroberts@gmail.com after:2026/01/13 before:2026/01/14
[info] No emails found from drewwileyroberts@gmail.com on 2026/01/13

[info] Processing email 1/1
[info] Found 8 link(s) in email
[info] Processing uscourts link: https://www.cafc.uscourts.gov/01-13-2026-24-1833-young-v-collins-opinion-24-1833-opinion-1-13-2026_2631803/
[info] Found PDF URL: https://www.cafc.uscourts.gov/opinions-orders/24-1833.OPINION.1-13-2026_2631803.pdf
[info] Case: 24-1833: YOUNG v. COLLINS
[info] Case Number: 24-1833
[info] Opinion Date: 2026-01-13
[info] Precedential: Yes
[ok] Downloaded PDF: pdfs/24-1833.OPINION.1-13-2026_2631803.pdf
[info] Extracting text from: 24-1833.OPINION.1-13-2026_2631803.pdf
[info] Summarizing: 24-1833.OPINION.1-13-2026_2631803.pdf
[info] Using scraped metadata: date=2026-01-13, case=24-1833
[ok] Wrote summary: summaries/2026-01-13/precedential/2026.01.13_24-1833.txt
[info] Processing uscourts link: https://www.cafc.uscourts.gov/01-13-2026-25-1631-ray-v-united-states-mint-denver-colorado-opinion-25-1631-opinion-1-13-2026_2631825/
[info] Found PDF URL: https://www.cafc.uscourts.gov/opinions-orders/25-1631.OPINION.1-13-2026_2631825.pdf
[info] Case: 25-1631: RAY v. UNITED STATES MINT, DENVER, COLORADO
[info] Case Number: 25-1631
[info] Opinion Date: 2026-01-13
[info] Precedential: No
[ok] Downloaded PDF: pdfs/25-1631.OPINION.1-13-2026_2631825.pdf
[info] Extracting text from: 25-1631.OPINION.1-13-2026_2631825.pdf
[info] Summarizing: 25-1631.OPINION.1-13-2026_2631825.pdf
[info] Using scraped metadata: date=2026-01-13, case=25-1631
[ok] Wrote summary: summaries/2026-01-13/non-precedential/2026.01.13_25-1631.txt
[info] Processing uscourts link: https://www.cafc.uscourts.gov/01-13-2026-25-1552-johnson-v-us-opinion-25-1552-opinion-1-13-2026_2631815/
[info] Found PDF URL: https://www.cafc.uscourts.gov/opinions-orders/25-1552.OPINION.1-13-2026_2631815.pdf
[info] Case: 25-1552: JOHNSON v. US
[info] Case Number: 25-1552
[info] Opinion Date: 2026-01-13
[info] Precedential: No
[ok] Downloaded PDF: pdfs/25-1552.OPINION.1-13-2026_2631815.pdf
[info] Extracting text from: 25-1552.OPINION.1-13-2026_2631815.pdf
[info] Summarizing: 25-1552.OPINION.1-13-2026_2631815.pdf
[info] Using scraped metadata: date=2026-01-13, case=25-1552
[ok] Wrote summary: summaries/2026-01-13/non-precedential/2026.01.13_25-1552.txt
[info] Processing uscourts link: https://www.cafc.uscourts.gov/01-13-2026-24-1918-palmeri-v-mspb-opinion-24-1918-opinion-1-13-2026_2631884/
[info] Found PDF URL: https://www.cafc.uscourts.gov/opinions-orders/24-1918.OPINION.1-13-2026_2631884.pdf
[info] Case: 24-1918: PALMERI v. MSPB
[info] Case Number: 24-1918
[info] Opinion Date: 2026-01-13
[info] Precedential: Yes
[ok] Downloaded PDF: pdfs/24-1918.OPINION.1-13-2026_2631884.pdf
[info] Extracting text from: 24-1918.OPINION.1-13-2026_2631884.pdf
[info] Summarizing: 24-1918.OPINION.1-13-2026_2631884.pdf
[info] Using scraped metadata: date=2026-01-13, case=24-1918
[ok] Wrote summary: summaries/2026-01-13/precedential/2026.01.13_24-1918.txt
[info] Processing uscourts link: https://www.cafc.uscourts.gov/01-13-2026-24-1203-in-re-laurel-designs-llc-opinion-24-1203-opinion-1-13-2026_2631856/
[info] Found PDF URL: https://www.cafc.uscourts.gov/opinions-orders/24-1203.OPINION.1-13-2026_2631856.pdf
[info] Case: 24-1203: In Re LAUREL DESIGNS, LLC
[info] Case Number: 24-1203
[info] Opinion Date: 2026-01-13
[info] Precedential: No
[ok] Downloaded PDF: pdfs/24-1203.OPINION.1-13-2026_2631856.pdf
[info] Extracting text from: 24-1203.OPINION.1-13-2026_2631856.pdf
[info] Summarizing: 24-1203.OPINION.1-13-2026_2631856.pdf
[info] Using scraped metadata: date=2026-01-13, case=24-1203
[ok] Wrote summary: summaries/2026-01-13/non-precedential/2026.01.13_24-1203.txt
[info] Processing uscourts link: https://www.cafc.uscourts.gov/01-13-2026-24-1419-apple-inc-v-smart-mobile-technologies-llc-opinion-24-1419-opinion-1-13-2026_2631842/
[info] Found PDF URL: https://www.cafc.uscourts.gov/opinions-orders/24-1419.OPINION.1-13-2026_2631842.pdf
[info] Case: 24-1419: APPLE INC. v. SMART MOBILE TECHNOLOGIES LLC
[info] Case Number: 24-1419
[info] Opinion Date: 2026-01-13
[info] Precedential: No
[ok] Downloaded PDF: pdfs/24-1419.OPINION.1-13-2026_2631842.pdf
[info] Extracting text from: 24-1419.OPINION.1-13-2026_2631842.pdf
[info] Summarizing: 24-1419.OPINION.1-13-2026_2631842.pdf
[info] Using scraped metadata: date=2026-01-13, case=24-1419
[ok] Wrote summary: summaries/2026-01-13/non-precedential/2026.01.13_24-1419.txt
[info] Processing uscourts link: https://www.cafc.uscourts.gov/01-13-2026-24-1374-neister-v-eden-park-illumination-inc-rule-36-judgment-24-1374-rule_36_judgment-1-13-2026_2631875/
[info] Found PDF URL: https://www.cafc.uscourts.gov/opinions-orders/24-1374.RULE_36_JUDGMENT.1-13-2026_2631875.pdf
[info] Case: 24-1374: NEISTER v. EDEN PARK ILLUMINATION, INC. [RULE 36 JUDGMENT]
[info] Case Number: 24-1374
[info] Opinion Date: 2026-01-13
[info] Precedential: No
[ok] Downloaded PDF: pdfs/24-1374.RULE_36_JUDGMENT.1-13-2026_2631875.pdf
[info] Extracting text from: 24-1374.RULE_36_JUDGMENT.1-13-2026_2631875.pdf
[info] Summarizing: 24-1374.RULE_36_JUDGMENT.1-13-2026_2631875.pdf
[info] Using scraped metadata: date=2026-01-13, case=24-1374
[ok] Wrote summary: summaries/2026-01-13/non-precedential/2026.01.13_24-1374.txt
[info] Processing uscourts link: https://www.cafc.uscourts.gov/01-12-2026-26-1091-gallagher-v-collins-order-26-1091-order-1-12-2026_2631099/
[info] Found PDF URL: https://www.cafc.uscourts.gov/opinions-orders/26-1091.ORDER.1-12-2026_2631099.pdf
[info] Case: 26-1091: GALLAGHER v. COLLINS
[info] Case Number: 26-1091
[info] Opinion Date: 2026-01-12
[info] Precedential: No
[ok] Downloaded PDF: pdfs/26-1091.ORDER.1-12-2026_2631099.pdf
[info] Extracting text from: 26-1091.ORDER.1-12-2026_2631099.pdf
[info] Summarizing: 26-1091.ORDER.1-12-2026_2631099.pdf
[info] Using scraped metadata: date=2026-01-12, case=26-1091
[ok] Wrote summary: summaries/2026-01-13/non-precedential/2026.01.12_26-1091.txt

[info] Sending summary email (to: L&WFEDERALCIRCUITSUMMARIES@lw.com; bcc: richard.lowry@lw.com, drew.roberts@lw.com, kylerobertsnc@gmail.com)...
[ok] Summary email sent (to: L&WFEDERALCIRCUITSUMMARIES@lw.com; bcc: richard.lowry@lw.com, drew.roberts@lw.com, kylerobertsnc@gmail.com)

[ok] Processed 8 PDF(s)
[2026-01-13 12:03:09] Check completed

========================================
[2026-01-13 12:04:01] Starting Federal Circuit check...
[info] Authenticating with Gmail API...
[ok] Successfully authenticated
[info] Summaries already exist for 2026-01-13 (8 files)
[info] Skipping processing to avoid duplicates (use --force to override)

[ok] Processed 0 PDF(s)
[2026-01-13 12:04:02] Check completed

========================================
[2026-01-13 12:06:01] Starting Federal Circuit check...
[info] Authenticating with Gmail API...
[ok] Successfully authenticated
[info] Summaries already exist for 2026-01-13 (8 files)
[info] Skipping processing to avoid duplicates (use --force to override)

[ok] Processed 0 PDF(s)
[2026-01-13 12:06:02] Check completed

========================================
[2026-01-13 12:08:01] Starting Federal Circuit check...
[info] Authenticating with Gmail API...
[ok] Successfully authenticated
[info] Summaries already exist for 2026-01-13 (8 files)
[info] Skipping processing to avoid duplicates (use --force to override)

[ok] Processed 0 PDF(s)
[2026-01-13 12:08:02] Check completed

========================================
[2026-01-13 12:10:01] Starting Federal Circuit check...
[info] Authenticating with Gmail API...
[ok] Successfully authenticated
[info] Summaries already exist for 2026-01-13 (8 files)
[info] Skipping processing to avoid duplicates (use --force to override)

[ok] Processed 0 PDF(s)
[2026-01-13 12:10:02] Check completed

========================================
[2026-01-13 12:12:01] Starting Federal Circuit check...
[info] Authenticating with Gmail API...
[ok] Successfully authenticated
[info] Summaries already exist for 2026-01-13 (8 files)
[info] Skipping processing to avoid duplicates (use --force to override)

[ok] Processed 0 PDF(s)
[2026-01-13 12:12:02] Check completed

========================================
[2026-01-13 12:14:01] Starting Federal Circuit check...
[info] Authenticating with Gmail API...
[ok] Successfully authenticated
[info] Summaries already exist for 2026-01-13 (8 files)
[info] Skipping processing to avoid duplicates (use --force to override)

[ok] Processed 0 PDF(s)
[2026-01-13 12:14:02] Check completed

========================================
[2026-01-14 12:00:01] Starting Federal Circuit check...
[info] Authenticating with Gmail API...
[ok] Successfully authenticated
[info] Searching Gmail for: from:uscourts@updates.uscourts.gov after:2026/01/14 before:2026/01/15
[info] No emails found from uscourts@updates.uscourts.gov on 2026/01/14
[info] Searching Gmail for: from:drewwileyroberts@gmail.com after:2026/01/14 before:2026/01/15
[info] No emails found from drewwileyroberts@gmail.com on 2026/01/14

[ok] Processed 0 PDF(s)
[2026-01-14 12:00:03] Check completed

========================================
[2026-01-14 12:02:01] Starting Federal Circuit check...
[info] Authenticating with Gmail API...
[ok] Successfully authenticated
[info] Searching Gmail for: from:uscourts@updates.uscourts.gov after:2026/01/14 before:2026/01/15
[info] Found 1 email(s)
[info] Searching Gmail for: from:drewwileyroberts@gmail.com after:2026/01/14 before:2026/01/15
[info] No emails found from drewwileyroberts@gmail.com on 2026/01/14

[info] Processing email 1/1
[info] Found 9 link(s) in email
[info] Processing uscourts link: https://www.cafc.uscourts.gov/01-14-2026-24-1806-rn-nehushtan-trust-ltd-v-apple-inc-opinion-24-1806-opinion-1-14-2026_2632702/
[info] Found PDF URL: https://www.cafc.uscourts.gov/opinions-orders/24-1806.OPINION.1-14-2026_2632702.pdf
[info] Case: 24-1806: R.N NEHUSHTAN TRUST LTD. v. APPLE INC.
[info] Case Number: 24-1806
[info] Opinion Date: 2026-01-14
[info] Precedential: No
[ok] Downloaded PDF: pdfs/24-1806.OPINION.1-14-2026_2632702.pdf
[info] Extracting text from: 24-1806.OPINION.1-14-2026_2632702.pdf
[info] Summarizing: 24-1806.OPINION.1-14-2026_2632702.pdf
[info] Using scraped metadata: date=2026-01-14, case=24-1806
[ok] Wrote summary: summaries/2026-01-14/non-precedential/2026.01.14_24-1806.txt
[info] Processing uscourts link: https://www.cafc.uscourts.gov/01-14-2026-24-1246-ipa-technologies-inc-v-google-llc-rule-36-judgment-24-1246-rule_36_judgment-1-14-2026_2632664/
[info] Found PDF URL: https://www.cafc.uscourts.gov/opinions-orders/24-1246.RULE_36_JUDGMENT.1-14-2026_2632664.pdf
[info] Case: 24-1246: IPA TECHNOLOGIES INC. v. GOOGLE LLC [RULE 36 JUDGMENT]
[info] Case Number: 24-1246
[info] Opinion Date: 2026-01-14
[info] Precedential: No
[ok] Downloaded PDF: pdfs/24-1246.RULE_36_JUDGMENT.1-14-2026_2632664.pdf
[info] Extracting text from: 24-1246.RULE_36_JUDGMENT.1-14-2026_2632664.pdf
[info] Summarizing: 24-1246.RULE_36_JUDGMENT.1-14-2026_2632664.pdf
[info] Using scraped metadata: date=2026-01-14, case=24-1246
[ok] Wrote summary: summaries/2026-01-14/non-precedential/2026.01.14_24-1246.txt
[info] Processing uscourts link: https://www.cafc.uscourts.gov/01-14-2026-24-2263-duvuvuei-v-mspb-opinion-24-2263-opinion-1-14-2026_2632751/
[info] Found PDF URL: https://www.cafc.uscourts.gov/opinions-orders/24-2263.OPINION.1-14-2026_2632751.pdf
[info] Case: 24-2263: DUVUVUEI v. MSPB
[info] Case Number: 24-2263
[info] Opinion Date: 2026-01-14
[info] Precedential: No
[ok] Downloaded PDF: pdfs/24-2263.OPINION.1-14-2026_2632751.pdf
[info] Extracting text from: 24-2263.OPINION.1-14-2026_2632751.pdf
[info] Summarizing: 24-2263.OPINION.1-14-2026_2632751.pdf
[info] Using scraped metadata: date=2026-01-14, case=24-2263
[ok] Wrote summary: summaries/2026-01-14/non-precedential/2026.01.14_24-2263.txt
[info] Processing uscourts link: https://www.cafc.uscourts.gov/01-13-2026-24-2130-lzlabs-gmbh-v-ibm-order-24-2130-order-1-13-2026_2632149/
[info] Found PDF URL: https://www.cafc.uscourts.gov/opinions-orders/24-2130.ORDER.1-13-2026_2632149.pdf
[info] Case: 24-2130: LZLABS GMBH v. IBM
[info] Case Number: 24-2130
[info] Opinion Date: 2026-01-13
[info] Precedential: No
[ok] Downloaded PDF: pdfs/24-2130.ORDER.1-13-2026_2632149.pdf
[info] Extracting text from: 24-2130.ORDER.1-13-2026_2632149.pdf
[info] Summarizing: 24-2130.ORDER.1-13-2026_2632149.pdf
[info] Using scraped metadata: date=2026-01-13, case=24-2130
[ok] Wrote summary: summaries/2026-01-14/non-precedential/2026.01.13_24-2130.txt
[info] Processing uscourts link: https://www.cafc.uscourts.gov/01-13-2026-25-1785-ouster-inc-v-hesai-technology-co-ltd-order-25-1785-order-1-13-2026_2631974/
[info] Found PDF URL: https://www.cafc.uscourts.gov/opinions-orders/25-1785.ORDER.1-13-2026_2631974.pdf
[info] Case: 25-1785: OUSTER, INC. v. HESAI TECHNOLOGY CO., LTD.
[info] Case Number: 25-1785
[info] Opinion Date: 2026-01-13
[info] Precedential: No
[ok] Downloaded PDF: pdfs/25-1785.ORDER.1-13-2026_2631974.pdf
[info] Extracting text from: 25-1785.ORDER.1-13-2026_2631974.pdf
[info] Summarizing: 25-1785.ORDER.1-13-2026_2631974.pdf
[info] Using scraped metadata: date=2026-01-13, case=25-1785
[ok] Wrote summary: summaries/2026-01-14/non-precedential/2026.01.13_25-1785.txt
[info] Processing uscourts link: https://www.cafc.uscourts.gov/01-14-2026-24-1611-in-re-blue-buffalo-enterprises-inc-opinion-24-1611-opinion-1-14-2026_2632686/
[info] Found PDF URL: https://www.cafc.uscourts.gov/opinions-orders/24-1611.OPINION.1-14-2026_2632686.pdf
[info] Case: 24-1611: In Re BLUE BUFFALO ENTERPRISES, INC.
[info] Case Number: 24-1611
[info] Opinion Date: 2026-01-14
[info] Precedential: No
[ok] Downloaded PDF: pdfs/24-1611.OPINION.1-14-2026_2632686.pdf
[info] Extracting text from: 24-1611.OPINION.1-14-2026_2632686.pdf
[info] Summarizing: 24-1611.OPINION.1-14-2026_2632686.pdf
[info] Using scraped metadata: date=2026-01-14, case=24-1611
[ok] Wrote summary: summaries/2026-01-14/non-precedential/2026.01.14_24-1611.txt
[info] Processing uscourts link: https://www.cafc.uscourts.gov/01-14-2026-23-1930-mckinney-v-secretary-of-veterans-affairs-opinion-23-1930-opinion-1-14-2026_2632733/
[info] Found PDF URL: https://www.cafc.uscourts.gov/opinions-orders/23-1930.OPINION.1-14-2026_2632733.pdf
[info] Case: 23-1930: MCKINNEY v. SECRETARY OF VETERANS AFFAIRS
[info] Case Number: 23-1930
[info] Opinion Date: 2026-01-14
[info] Precedential: Yes
[ok] Downloaded PDF: pdfs/23-1930.OPINION.1-14-2026_2632733.pdf
[info] Extracting text from: 23-1930.OPINION.1-14-2026_2632733.pdf
[info] Summarizing: 23-1930.OPINION.1-14-2026_2632733.pdf
[info] Using scraped metadata: date=2026-01-14, case=23-1930
[ok] Wrote summary: summaries/2026-01-14/precedential/2026.01.14_23-1930.txt
[info] Processing uscourts link: https://www.cafc.uscourts.gov/01-13-2026-25-1786-ouster-inc-v-hesai-technology-co-ltd-order-25-1786-order-1-13-2026_2631981/
[info] Found PDF URL: https://www.cafc.uscourts.gov/opinions-orders/25-1786.ORDER.1-13-2026_2631981.pdf
[info] Case: 25-1786: OUSTER, INC. v. HESAI TECHNOLOGY CO., LTD.
[info] Case Number: 25-1786
[info] Opinion Date: 2026-01-13
[info] Precedential: No
[ok] Downloaded PDF: pdfs/25-1786.ORDER.1-13-2026_2631981.pdf
[info] Extracting text from: 25-1786.ORDER.1-13-2026_2631981.pdf
[info] Summarizing: 25-1786.ORDER.1-13-2026_2631981.pdf
[info] Using scraped metadata: date=2026-01-13, case=25-1786
[ok] Wrote summary: summaries/2026-01-14/non-precedential/2026.01.13_25-1786.txt
[info] Processing uscourts link: https://www.cafc.uscourts.gov/01-14-2026-25-1897-horton-v-us-opinion-25-1897-opinion-1-14-2026_2632719/
[info] Found PDF URL: https://www.cafc.uscourts.gov/opinions-orders/25-1897.OPINION.1-14-2026_2632719.pdf
[info] Case: 25-1897: HORTON v. US
[info] Case Number: 25-1897
[info] Opinion Date: 2026-01-14
[info] Precedential: No
[ok] Downloaded PDF: pdfs/25-1897.OPINION.1-14-2026_2632719.pdf
[info] Extracting text from: 25-1897.OPINION.1-14-2026_2632719.pdf
[info] Summarizing: 25-1897.OPINION.1-14-2026_2632719.pdf
[info] Using scraped metadata: date=2026-01-14, case=25-1897
[ok] Wrote summary: summaries/2026-01-14/non-precedential/2026.01.14_25-1897.txt

[info] Sending summary email (to: L&WFEDERALCIRCUITSUMMARIES@lw.com; bcc: richard.lowry@lw.com, drew.roberts@lw.com, kylerobertsnc@gmail.com)...
[ok] Summary email sent (to: L&WFEDERALCIRCUITSUMMARIES@lw.com; bcc: richard.lowry@lw.com, drew.roberts@lw.com, kylerobertsnc@gmail.com)

[ok] Processed 9 PDF(s)
[2026-01-14 12:03:07] Check completed

========================================
[2026-01-14 12:04:01] Starting Federal Circuit check...
[info] Authenticating with Gmail API...
[ok] Successfully authenticated
[info] Summaries already exist for 2026-01-14 (9 files)
[info] Skipping processing to avoid duplicates (use --force to override)

[ok] Processed 0 PDF(s)
[2026-01-14 12:04:02] Check completed

========================================
[2026-01-14 12:06:01] Starting Federal Circuit check...
[info] Authenticating with Gmail API...
[ok] Successfully authenticated
[info] Summaries already exist for 2026-01-14 (9 files)
[info] Skipping processing to avoid duplicates (use --force to override)

[ok] Processed 0 PDF(s)
[2026-01-14 12:06:02] Check completed

========================================
[2026-01-14 12:08:01] Starting Federal Circuit check...
[info] Authenticating with Gmail API...
[ok] Successfully authenticated
[info] Summaries already exist for 2026-01-14 (9 files)
[info] Skipping processing to avoid duplicates (use --force to override)

[ok] Processed 0 PDF(s)
[2026-01-14 12:08:01] Check completed

========================================
[2026-01-14 12:10:02] Starting Federal Circuit check...
[info] Authenticating with Gmail API...
[ok] Successfully authenticated
[info] Summaries already exist for 2026-01-14 (9 files)
[info] Skipping processing to avoid duplicates (use --force to override)

[ok] Processed 0 PDF(s)
[2026-01-14 12:10:02] Check completed

========================================
[2026-01-14 12:12:01] Starting Federal Circuit check...
[info] Authenticating with Gmail API...
[ok] Successfully authenticated
[info] Summaries already exist for 2026-01-14 (9 files)
[info] Skipping processing to avoid duplicates (use --force to override)

[ok] Processed 0 PDF(s)
[2026-01-14 12:12:02] Check completed

========================================
[2026-01-14 12:14:01] Starting Federal Circuit check...
[info] Authenticating with Gmail API...
[ok] Successfully authenticated
[info] Summaries already exist for 2026-01-14 (9 files)
[info] Skipping processing to avoid duplicates (use --force to override)

[ok] Processed 0 PDF(s)
[2026-01-14 12:14:02] Check completed

========================================
[2026-01-15 12:00:01] Starting Federal Circuit check...
[info] Authenticating with Gmail API...
[ok] Successfully authenticated
[info] Searching Gmail for: from:uscourts@updates.uscourts.gov after:2026/01/15 before:2026/01/16
[info] No emails found from uscourts@updates.uscourts.gov on 2026/01/15
[info] Searching Gmail for: from:drewwileyroberts@gmail.com after:2026/01/15 before:2026/01/16
[info] No emails found from drewwileyroberts@gmail.com on 2026/01/15

[ok] Processed 0 PDF(s)
[2026-01-15 12:00:03] Check completed

========================================
[2026-01-15 12:02:01] Starting Federal Circuit check...
[info] Authenticating with Gmail API...
[ok] Successfully authenticated
[info] Searching Gmail for: from:uscourts@updates.uscourts.gov after:2026/01/15 before:2026/01/16
[info] Found 1 email(s)
[info] Searching Gmail for: from:drewwileyroberts@gmail.com after:2026/01/15 before:2026/01/16
[info] No emails found from drewwileyroberts@gmail.com on 2026/01/15

[info] Processing email 1/1
[info] Found 2 link(s) in email
[info] Processing uscourts link: https://www.cafc.uscourts.gov/01-15-2026-25-1007-herms-v-hhs-opinion-25-1007-opinion-1-15-2026_2633373/
[error] Failed to fetch landing page https://www.cafc.uscourts.gov/01-15-2026-25-1007-herms-v-hhs-opinion-25-1007-opinion-1-15-2026_2633373/: HTTPSConnectionPool(host='www.cafc.uscourts.gov', port=443): Max retries exceeded with url: /01-15-2026-25-1007-herms-v-hhs-opinion-25-1007-opinion-1-15-2026_2633373/ (Caused by NewConnectionError('<urllib3.connection.HTTPSConnection object at 0x7fff1cc7ecf0>: Failed to establish a new connection: [Errno 101] Network is unreachable'))
[info] Processing uscourts link: https://www.cafc.uscourts.gov/01-15-2026-25-1827-farley-v-mspb-opinion-25-1827-opinion-1-15-2026_2633357/
[info] Found PDF URL: https://www.cafc.uscourts.gov/opinions-orders/25-1827.OPINION.1-15-2026_2633357.pdf
[info] Case: 25-1827: FARLEY v. MSPB
[info] Case Number: 25-1827
[info] Opinion Date: 2026-01-15
[info] Precedential: No
[ok] Downloaded PDF: pdfs/25-1827.OPINION.1-15-2026_2633357.pdf
[info] Extracting text from: 25-1827.OPINION.1-15-2026_2633357.pdf
[info] Summarizing: 25-1827.OPINION.1-15-2026_2633357.pdf
[info] Using scraped metadata: date=2026-01-15, case=25-1827
[ok] Wrote summary: summaries/2026-01-15/non-precedential/2026.01.15_25-1827.txt

[info] Sending summary email (to: L&WFEDERALCIRCUITSUMMARIES@lw.com; bcc: richard.lowry@lw.com, drew.roberts@lw.com, kylerobertsnc@gmail.com)...
[ok] Summary email sent (to: L&WFEDERALCIRCUITSUMMARIES@lw.com; bcc: richard.lowry@lw.com, drew.roberts@lw.com, kylerobertsnc@gmail.com)

[ok] Processed 1 PDF(s)
[2026-01-15 12:02:18] Check completed

========================================
[2026-01-15 12:04:01] Starting Federal Circuit check...
[info] Authenticating with Gmail API...
[ok] Successfully authenticated
[info] Summaries already exist for 2026-01-15 (1 files)
[info] Skipping processing to avoid duplicates (use --force to override)

[ok] Processed 0 PDF(s)
[2026-01-15 12:04:02] Check completed

========================================
[2026-01-15 12:06:01] Starting Federal Circuit check...
[info] Authenticating with Gmail API...
[ok] Successfully authenticated
[info] Summaries already exist for 2026-01-15 (1 files)
[info] Skipping processing to avoid duplicates (use --force to override)

[ok] Processed 0 PDF(s)
[2026-01-15 12:06:02] Check completed

========================================
[2026-01-15 12:08:01] Starting Federal Circuit check...
[info] Authenticating with Gmail API...
[ok] Successfully authenticated
[info] Summaries already exist for 2026-01-15 (1 files)
[info] Skipping processing to avoid duplicates (use --force to override)

[ok] Processed 0 PDF(s)
[2026-01-15 12:08:02] Check completed

========================================
[2026-01-15 12:10:01] Starting Federal Circuit check...
[info] Authenticating with Gmail API...
[ok] Successfully authenticated
[info] Summaries already exist for 2026-01-15 (1 files)
[info] Skipping processing to avoid duplicates (use --force to override)

[ok] Processed 0 PDF(s)
[2026-01-15 12:10:02] Check completed

========================================
[2026-01-15 12:12:01] Starting Federal Circuit check...
[info] Authenticating with Gmail API...
[ok] Successfully authenticated
[info] Summaries already exist for 2026-01-15 (1 files)
[info] Skipping processing to avoid duplicates (use --force to override)

[ok] Processed 0 PDF(s)
[2026-01-15 12:12:02] Check completed

========================================
[2026-01-15 12:14:01] Starting Federal Circuit check...
[info] Authenticating with Gmail API...
[ok] Successfully authenticated
[info] Summaries already exist for 2026-01-15 (1 files)
[info] Skipping processing to avoid duplicates (use --force to override)

[ok] Processed 0 PDF(s)
[2026-01-15 12:14:02] Check completed

========================================
[2026-01-16 12:00:01] Starting Federal Circuit check...
[info] Authenticating with Gmail API...
[ok] Successfully authenticated
[info] Searching Gmail for: from:uscourts@updates.uscourts.gov after:2026/01/16 before:2026/01/17
[info] No emails found from uscourts@updates.uscourts.gov on 2026/01/16
[info] Searching Gmail for: from:drewwileyroberts@gmail.com after:2026/01/16 before:2026/01/17
[info] No emails found from drewwileyroberts@gmail.com on 2026/01/16

[ok] Processed 0 PDF(s)
[2026-01-16 12:00:03] Check completed

========================================
[2026-01-16 12:02:01] Starting Federal Circuit check...
Traceback (most recent call last):
  File "<frozen runpy>", line 198, in _run_module_as_main
  File "<frozen runpy>", line 88, in _run_code
  File "/home/pi/case-summarizer/summarizer/gmail_cli.py", line 116, in <module>
    raise SystemExit(main())
                     ~~~~^^
  File "/home/pi/case-summarizer/summarizer/gmail_cli.py", line 99, in main
    pdf_count = process_court_emails(
        service=service,
    ...<7 lines>...
        force=args.force,
    )
  File "/home/pi/case-summarizer/summarizer/gmail_checker.py", line 605, in process_court_emails
    result = summarize_text(text, prompt_file=prompt_file, opinion_date=opinion_date, case_number=case_number)
  File "/home/pi/case-summarizer/summarizer/openai_summarizer.py", line 299, in summarize_text
    structured_info = _extract_structured_info(client, model, text)
  File "/home/pi/case-summarizer/summarizer/openai_summarizer.py", line 232, in _extract_structured_info
    response = _call_model(client, model, structured_prompt, sample)
  File "/home/pi/case-summarizer/summarizer/openai_summarizer.py", line 61, in _call_model
    response = client.chat.completions.create(
        model=model,
    ...<4 lines>...
        temperature=0.2,
    )
  File "/home/pi/case-summarizer/.venv/lib/python3.13/site-packages/openai/_utils/_utils.py", line 286, in wrapper
    return func(*args, **kwargs)
  File "/home/pi/case-summarizer/.venv/lib/python3.13/site-packages/openai/resources/chat/completions/completions.py", line 1156, in create
    return self._post(
           ~~~~~~~~~~^
        "/chat/completions",
        ^^^^^^^^^^^^^^^^^^^^
    ...<46 lines>...
        stream_cls=Stream[ChatCompletionChunk],
        ^^^^^^^^^^^^^^^^^^^^^^^^^^^^^^^^^^^^^^^
    )
    ^
  File "/home/pi/case-summarizer/.venv/lib/python3.13/site-packages/openai/_base_client.py", line 1259, in post
    return cast(ResponseT, self.request(cast_to, opts, stream=stream, stream_cls=stream_cls))
                           ~~~~~~~~~~~~^^^^^^^^^^^^^^^^^^^^^^^^^^^^^^^^^^^^^^^^^^^^^^^^^^^^^
  File "/home/pi/case-summarizer/.venv/lib/python3.13/site-packages/openai/_base_client.py", line 1047, in request
    raise self._make_status_error_from_response(err.response) from None
openai.RateLimitError: Error code: 429 - {'error': {'message': 'Request too large for gpt-4o in organization org-9DvIRSe5s7ve4wX31iKiEw4A on tokens per min (TPM): Limit 30000, Requested 32344. The input or output tokens must be reduced in order to run successfully. Visit https://platform.openai.com/account/rate-limits to learn more.', 'type': 'tokens', 'param': None, 'code': 'rate_limit_exceeded'}}
[info] Authenticating with Gmail API...
[ok] Successfully authenticated
[info] Searching Gmail for: from:uscourts@updates.uscourts.gov after:2026/01/16 before:2026/01/17
[info] Found 1 email(s)
[info] Searching Gmail for: from:drewwileyroberts@gmail.com after:2026/01/16 before:2026/01/17
[info] No emails found from drewwileyroberts@gmail.com on 2026/01/16

[info] Processing email 1/1
[info] Found 3 link(s) in email
[info] Processing uscourts link: https://www.cafc.uscourts.gov/01-16-2026-23-1218-sunoco-partners-marketing-terminals-lp-v-powder-springs-logistics-llc-opinion-23-1218-opinion-1-16-2026_2633857/
[info] Found PDF URL: https://www.cafc.uscourts.gov/opinions-orders/23-1218.OPINION.1-16-2026_2633857.pdf
[info] Case: 23-1218: SUNOCO PARTNERS MARKETING & TERMINALS L.P. v. POWDER SPRINGS LOGISTICS, LLC
[info] Case Number: 23-1218
[info] Opinion Date: 2026-01-16
[info] Precedential: No
[ok] Downloaded PDF: pdfs/23-1218.OPINION.1-16-2026_2633857.pdf
[info] Extracting text from: 23-1218.OPINION.1-16-2026_2633857.pdf
[info] Summarizing: 23-1218.OPINION.1-16-2026_2633857.pdf
[info] Using scraped metadata: date=2026-01-16, case=23-1218
[2026-01-16 12:02:10] Check completed

========================================
[2026-01-16 12:04:01] Starting Federal Circuit check...
Traceback (most recent call last):
  File "<frozen runpy>", line 198, in _run_module_as_main
  File "<frozen runpy>", line 88, in _run_code
  File "/home/pi/case-summarizer/summarizer/gmail_cli.py", line 116, in <module>
    raise SystemExit(main())
                     ~~~~^^
  File "/home/pi/case-summarizer/summarizer/gmail_cli.py", line 99, in main
    pdf_count = process_court_emails(
        service=service,
    ...<7 lines>...
        force=args.force,
    )
  File "/home/pi/case-summarizer/summarizer/gmail_checker.py", line 605, in process_court_emails
    result = summarize_text(text, prompt_file=prompt_file, opinion_date=opinion_date, case_number=case_number)
  File "/home/pi/case-summarizer/summarizer/openai_summarizer.py", line 299, in summarize_text
    structured_info = _extract_structured_info(client, model, text)
  File "/home/pi/case-summarizer/summarizer/openai_summarizer.py", line 232, in _extract_structured_info
    response = _call_model(client, model, structured_prompt, sample)
  File "/home/pi/case-summarizer/summarizer/openai_summarizer.py", line 61, in _call_model
    response = client.chat.completions.create(
        model=model,
    ...<4 lines>...
        temperature=0.2,
    )
  File "/home/pi/case-summarizer/.venv/lib/python3.13/site-packages/openai/_utils/_utils.py", line 286, in wrapper
    return func(*args, **kwargs)
  File "/home/pi/case-summarizer/.venv/lib/python3.13/site-packages/openai/resources/chat/completions/completions.py", line 1156, in create
    return self._post(
           ~~~~~~~~~~^
        "/chat/completions",
        ^^^^^^^^^^^^^^^^^^^^
    ...<46 lines>...
        stream_cls=Stream[ChatCompletionChunk],
        ^^^^^^^^^^^^^^^^^^^^^^^^^^^^^^^^^^^^^^^
    )
    ^
  File "/home/pi/case-summarizer/.venv/lib/python3.13/site-packages/openai/_base_client.py", line 1259, in post
    return cast(ResponseT, self.request(cast_to, opts, stream=stream, stream_cls=stream_cls))
                           ~~~~~~~~~~~~^^^^^^^^^^^^^^^^^^^^^^^^^^^^^^^^^^^^^^^^^^^^^^^^^^^^^
  File "/home/pi/case-summarizer/.venv/lib/python3.13/site-packages/openai/_base_client.py", line 1047, in request
    raise self._make_status_error_from_response(err.response) from None
openai.RateLimitError: Error code: 429 - {'error': {'message': 'Request too large for gpt-4o in organization org-9DvIRSe5s7ve4wX31iKiEw4A on tokens per min (TPM): Limit 30000, Requested 32344. The input or output tokens must be reduced in order to run successfully. Visit https://platform.openai.com/account/rate-limits to learn more.', 'type': 'tokens', 'param': None, 'code': 'rate_limit_exceeded'}}
[info] Authenticating with Gmail API...
[ok] Successfully authenticated
[info] Searching Gmail for: from:uscourts@updates.uscourts.gov after:2026/01/16 before:2026/01/17
[info] Found 1 email(s)
[info] Searching Gmail for: from:drewwileyroberts@gmail.com after:2026/01/16 before:2026/01/17
[info] No emails found from drewwileyroberts@gmail.com on 2026/01/16

[info] Processing email 1/1
[info] Found 3 link(s) in email
[info] Processing uscourts link: https://www.cafc.uscourts.gov/01-16-2026-23-1218-sunoco-partners-marketing-terminals-lp-v-powder-springs-logistics-llc-opinion-23-1218-opinion-1-16-2026_2633857/
[info] Found PDF URL: https://www.cafc.uscourts.gov/opinions-orders/23-1218.OPINION.1-16-2026_2633857.pdf
[info] Case: 23-1218: SUNOCO PARTNERS MARKETING & TERMINALS L.P. v. POWDER SPRINGS LOGISTICS, LLC
[info] Case Number: 23-1218
[info] Opinion Date: 2026-01-16
[info] Precedential: No
[ok] Downloaded PDF: pdfs/23-1218.OPINION.1-16-2026_2633857.pdf
[info] Extracting text from: 23-1218.OPINION.1-16-2026_2633857.pdf
[info] Summarizing: 23-1218.OPINION.1-16-2026_2633857.pdf
[info] Using scraped metadata: date=2026-01-16, case=23-1218
[2026-01-16 12:04:09] Check completed

========================================
[2026-01-16 12:06:01] Starting Federal Circuit check...
Traceback (most recent call last):
  File "<frozen runpy>", line 198, in _run_module_as_main
  File "<frozen runpy>", line 88, in _run_code
  File "/home/pi/case-summarizer/summarizer/gmail_cli.py", line 116, in <module>
    raise SystemExit(main())
                     ~~~~^^
  File "/home/pi/case-summarizer/summarizer/gmail_cli.py", line 99, in main
    pdf_count = process_court_emails(
        service=service,
    ...<7 lines>...
        force=args.force,
    )
  File "/home/pi/case-summarizer/summarizer/gmail_checker.py", line 605, in process_court_emails
    result = summarize_text(text, prompt_file=prompt_file, opinion_date=opinion_date, case_number=case_number)
  File "/home/pi/case-summarizer/summarizer/openai_summarizer.py", line 299, in summarize_text
    structured_info = _extract_structured_info(client, model, text)
  File "/home/pi/case-summarizer/summarizer/openai_summarizer.py", line 232, in _extract_structured_info
    response = _call_model(client, model, structured_prompt, sample)
  File "/home/pi/case-summarizer/summarizer/openai_summarizer.py", line 61, in _call_model
    response = client.chat.completions.create(
        model=model,
    ...<4 lines>...
        temperature=0.2,
    )
  File "/home/pi/case-summarizer/.venv/lib/python3.13/site-packages/openai/_utils/_utils.py", line 286, in wrapper
    return func(*args, **kwargs)
  File "/home/pi/case-summarizer/.venv/lib/python3.13/site-packages/openai/resources/chat/completions/completions.py", line 1156, in create
    return self._post(
           ~~~~~~~~~~^
        "/chat/completions",
        ^^^^^^^^^^^^^^^^^^^^
    ...<46 lines>...
        stream_cls=Stream[ChatCompletionChunk],
        ^^^^^^^^^^^^^^^^^^^^^^^^^^^^^^^^^^^^^^^
    )
    ^
  File "/home/pi/case-summarizer/.venv/lib/python3.13/site-packages/openai/_base_client.py", line 1259, in post
    return cast(ResponseT, self.request(cast_to, opts, stream=stream, stream_cls=stream_cls))
                           ~~~~~~~~~~~~^^^^^^^^^^^^^^^^^^^^^^^^^^^^^^^^^^^^^^^^^^^^^^^^^^^^^
  File "/home/pi/case-summarizer/.venv/lib/python3.13/site-packages/openai/_base_client.py", line 1047, in request
    raise self._make_status_error_from_response(err.response) from None
openai.RateLimitError: Error code: 429 - {'error': {'message': 'Request too large for gpt-4o in organization org-9DvIRSe5s7ve4wX31iKiEw4A on tokens per min (TPM): Limit 30000, Requested 32344. The input or output tokens must be reduced in order to run successfully. Visit https://platform.openai.com/account/rate-limits to learn more.', 'type': 'tokens', 'param': None, 'code': 'rate_limit_exceeded'}}
[info] Authenticating with Gmail API...
[ok] Successfully authenticated
[info] Searching Gmail for: from:uscourts@updates.uscourts.gov after:2026/01/16 before:2026/01/17
[info] Found 1 email(s)
[info] Searching Gmail for: from:drewwileyroberts@gmail.com after:2026/01/16 before:2026/01/17
[info] No emails found from drewwileyroberts@gmail.com on 2026/01/16

[info] Processing email 1/1
[info] Found 3 link(s) in email
[info] Processing uscourts link: https://www.cafc.uscourts.gov/01-15-2026-25-1794-rj-technology-llc-v-samsung-electronics-co-ltd-order-25-1794-order-1-15-2026_2633534/
[info] Found PDF URL: https://www.cafc.uscourts.gov/opinions-orders/25-1794.ORDER.1-15-2026_2633534.pdf
[info] Case: 25-1794: RJ TECHNOLOGY LLC v. SAMSUNG ELECTRONICS CO., LTD.
[info] Case Number: 25-1794
[info] Opinion Date: 2026-01-15
[info] Precedential: No
[ok] Downloaded PDF: pdfs/25-1794.ORDER.1-15-2026_2633534.pdf
[info] Extracting text from: 25-1794.ORDER.1-15-2026_2633534.pdf
[info] Summarizing: 25-1794.ORDER.1-15-2026_2633534.pdf
[info] Using scraped metadata: date=2026-01-15, case=25-1794
[ok] Wrote summary: summaries/2026-01-16/non-precedential/2026.01.15_25-1794.txt
[info] Processing uscourts link: https://www.cafc.uscourts.gov/01-16-2026-23-1218-sunoco-partners-marketing-terminals-lp-v-powder-springs-logistics-llc-opinion-23-1218-opinion-1-16-2026_2633857/
[info] Found PDF URL: https://www.cafc.uscourts.gov/opinions-orders/23-1218.OPINION.1-16-2026_2633857.pdf
[info] Case: 23-1218: SUNOCO PARTNERS MARKETING & TERMINALS L.P. v. POWDER SPRINGS LOGISTICS, LLC
[info] Case Number: 23-1218
[info] Opinion Date: 2026-01-16
[info] Precedential: No
[ok] Downloaded PDF: pdfs/23-1218.OPINION.1-16-2026_2633857.pdf
[info] Extracting text from: 23-1218.OPINION.1-16-2026_2633857.pdf
[info] Summarizing: 23-1218.OPINION.1-16-2026_2633857.pdf
[info] Using scraped metadata: date=2026-01-16, case=23-1218
[2026-01-16 12:06:10] Check completed

========================================
[2026-01-16 12:08:01] Starting Federal Circuit check...
[info] Authenticating with Gmail API...
[ok] Successfully authenticated
[info] Summaries already exist for 2026-01-16 (1 files)
[info] Skipping processing to avoid duplicates (use --force to override)

[ok] Processed 0 PDF(s)
[2026-01-16 12:08:02] Check completed

========================================
[2026-01-16 12:10:01] Starting Federal Circuit check...
[info] Authenticating with Gmail API...
[ok] Successfully authenticated
[info] Summaries already exist for 2026-01-16 (1 files)
[info] Skipping processing to avoid duplicates (use --force to override)

[ok] Processed 0 PDF(s)
[2026-01-16 12:10:02] Check completed

========================================
[2026-01-16 12:12:01] Starting Federal Circuit check...
[info] Authenticating with Gmail API...
[ok] Successfully authenticated
[info] Summaries already exist for 2026-01-16 (1 files)
[info] Skipping processing to avoid duplicates (use --force to override)

[ok] Processed 0 PDF(s)
[2026-01-16 12:12:02] Check completed

========================================
[2026-01-16 12:14:01] Starting Federal Circuit check...
[info] Authenticating with Gmail API...
[ok] Successfully authenticated
[info] Summaries already exist for 2026-01-16 (1 files)
[info] Skipping processing to avoid duplicates (use --force to override)

[ok] Processed 0 PDF(s)
[2026-01-16 12:14:02] Check completed

========================================
[2026-01-19 12:00:01] Starting Federal Circuit check...
[info] Authenticating with Gmail API...
[ok] Successfully authenticated
[info] Searching Gmail for: from:uscourts@updates.uscourts.gov after:2026/01/19 before:2026/01/20
[info] No emails found from uscourts@updates.uscourts.gov on 2026/01/19
[info] Searching Gmail for: from:drewwileyroberts@gmail.com after:2026/01/19 before:2026/01/20
[info] No emails found from drewwileyroberts@gmail.com on 2026/01/19

[ok] Processed 0 PDF(s)
[2026-01-19 12:00:02] Check completed

========================================
[2026-01-19 12:02:01] Starting Federal Circuit check...
[info] Authenticating with Gmail API...
[ok] Successfully authenticated
[info] Searching Gmail for: from:uscourts@updates.uscourts.gov after:2026/01/19 before:2026/01/20
[info] Found 1 email(s)
[info] Searching Gmail for: from:drewwileyroberts@gmail.com after:2026/01/19 before:2026/01/20
[info] No emails found from drewwileyroberts@gmail.com on 2026/01/19

[info] Processing email 1/1
[info] Found 2 link(s) in email
[info] Processing uscourts link: https://www.cafc.uscourts.gov/01-16-2026-25-2038-in-re-jefferson-street-holdings-llc-order-25-2038-order-1-16-2026_2634154/
[info] Found PDF URL: https://www.cafc.uscourts.gov/opinions-orders/25-2038.ORDER.1-16-2026_2634154.pdf
[info] Case: 25-2038: In Re JEFFERSON STREET HOLDINGS LLC
[info] Case Number: 25-2038
[info] Opinion Date: 2026-01-16
[info] Precedential: No
[ok] Downloaded PDF: pdfs/25-2038.ORDER.1-16-2026_2634154.pdf
[info] Extracting text from: 25-2038.ORDER.1-16-2026_2634154.pdf
[info] Summarizing: 25-2038.ORDER.1-16-2026_2634154.pdf
[info] Using scraped metadata: date=2026-01-16, case=25-2038
[ok] Wrote summary: summaries/2026-01-19/non-precedential/2026.01.16_25-2038.txt
[info] Processing uscourts link: https://www.cafc.uscourts.gov/01-16-2026-24-1625-masimo-corporation-v-apple-inc-order-24-1625-order-1-16-2026_2634023/
[info] Found PDF URL: https://www.cafc.uscourts.gov/opinions-orders/24-1625.ORDER.1-16-2026_2634023.pdf
[info] Case: 24-1625: MASIMO CORPORATION v. APPLE INC.
[info] Case Number: 24-1625
[info] Opinion Date: 2026-01-16
[info] Precedential: No
[ok] Downloaded PDF: pdfs/24-1625.ORDER.1-16-2026_2634023.pdf
[info] Extracting text from: 24-1625.ORDER.1-16-2026_2634023.pdf
[info] Summarizing: 24-1625.ORDER.1-16-2026_2634023.pdf
[info] Using scraped metadata: date=2026-01-16, case=24-1625
[ok] Wrote summary: summaries/2026-01-19/non-precedential/2026.01.16_24-1625.txt

[info] Sending summary email (to: L&WFEDERALCIRCUITSUMMARIES@lw.com; bcc: richard.lowry@lw.com, drew.roberts@lw.com, kylerobertsnc@gmail.com, Brian.weissenberg@geaerospace.com)...
[ok] Summary email sent (to: L&WFEDERALCIRCUITSUMMARIES@lw.com; bcc: richard.lowry@lw.com, drew.roberts@lw.com, kylerobertsnc@gmail.com, Brian.weissenberg@geaerospace.com)

[ok] Processed 2 PDF(s)
[2026-01-19 12:02:10] Check completed

========================================
[2026-01-19 12:04:01] Starting Federal Circuit check...
[info] Authenticating with Gmail API...
[ok] Successfully authenticated
[info] Summaries already exist for 2026-01-19 (2 files)
[info] Skipping processing to avoid duplicates (use --force to override)

[ok] Processed 0 PDF(s)
[2026-01-19 12:04:02] Check completed

========================================
[2026-01-19 12:06:01] Starting Federal Circuit check...
[info] Authenticating with Gmail API...
[ok] Successfully authenticated
[info] Summaries already exist for 2026-01-19 (2 files)
[info] Skipping processing to avoid duplicates (use --force to override)

[ok] Processed 0 PDF(s)
[2026-01-19 12:06:02] Check completed

========================================
[2026-01-19 12:08:01] Starting Federal Circuit check...
[info] Authenticating with Gmail API...
[ok] Successfully authenticated
[info] Summaries already exist for 2026-01-19 (2 files)
[info] Skipping processing to avoid duplicates (use --force to override)

[ok] Processed 0 PDF(s)
[2026-01-19 12:08:02] Check completed

========================================
[2026-01-19 12:10:01] Starting Federal Circuit check...
[info] Authenticating with Gmail API...
[ok] Successfully authenticated
[info] Summaries already exist for 2026-01-19 (2 files)
[info] Skipping processing to avoid duplicates (use --force to override)

[ok] Processed 0 PDF(s)
[2026-01-19 12:10:02] Check completed

========================================
[2026-01-19 12:12:01] Starting Federal Circuit check...
[info] Authenticating with Gmail API...
[ok] Successfully authenticated
[info] Summaries already exist for 2026-01-19 (2 files)
[info] Skipping processing to avoid duplicates (use --force to override)

[ok] Processed 0 PDF(s)
[2026-01-19 12:12:02] Check completed

========================================
[2026-01-19 12:14:01] Starting Federal Circuit check...
[info] Authenticating with Gmail API...
[ok] Successfully authenticated
[info] Summaries already exist for 2026-01-19 (2 files)
[info] Skipping processing to avoid duplicates (use --force to override)

[ok] Processed 0 PDF(s)
[2026-01-19 12:14:02] Check completed

========================================
[2026-01-20 12:00:01] Starting Federal Circuit check...
[info] Authenticating with Gmail API...
[ok] Successfully authenticated
[info] Searching Gmail for: from:uscourts@updates.uscourts.gov after:2026/01/20 before:2026/01/21
[info] No emails found from uscourts@updates.uscourts.gov on 2026/01/20
[info] Searching Gmail for: from:drewwileyroberts@gmail.com after:2026/01/20 before:2026/01/21
[info] No emails found from drewwileyroberts@gmail.com on 2026/01/20

[ok] Processed 0 PDF(s)
[2026-01-20 12:00:03] Check completed

========================================
[2026-01-20 12:02:01] Starting Federal Circuit check...
[info] Authenticating with Gmail API...
[ok] Successfully authenticated
[info] Searching Gmail for: from:uscourts@updates.uscourts.gov after:2026/01/20 before:2026/01/21
[info] Found 1 email(s)
[info] Searching Gmail for: from:drewwileyroberts@gmail.com after:2026/01/20 before:2026/01/21
[info] No emails found from drewwileyroberts@gmail.com on 2026/01/20

[info] Processing email 1/1
[info] Found 1 link(s) in email
[info] Processing uscourts link: https://www.cafc.uscourts.gov/01-20-2026-23-2226-barry-v-depuy-synthes-companies-opinion-23-2226-opinion-1-20-2026_2634511/
[info] Found PDF URL: https://www.cafc.uscourts.gov/opinions-orders/23-2226.OPINION.1-20-2026_2634511.pdf
[info] Case: 23-2226: BARRY v. DEPUY SYNTHES COMPANIES
[info] Case Number: 23-2226
[info] Opinion Date: 2026-01-20
[info] Precedential: Yes
[ok] Downloaded PDF: pdfs/23-2226.OPINION.1-20-2026_2634511.pdf
[info] Extracting text from: 23-2226.OPINION.1-20-2026_2634511.pdf
[info] Summarizing: 23-2226.OPINION.1-20-2026_2634511.pdf
[info] Using scraped metadata: date=2026-01-20, case=23-2226
[ok] Wrote summary: summaries/2026-01-20/precedential/2026.01.20_23-2226.txt

[info] Sending summary email (to: L&WFEDERALCIRCUITSUMMARIES@lw.com; bcc: richard.lowry@lw.com, drew.roberts@lw.com, kylerobertsnc@gmail.com, Brian.weissenberg@geaerospace.com)...
[ok] Summary email sent (to: L&WFEDERALCIRCUITSUMMARIES@lw.com; bcc: richard.lowry@lw.com, drew.roberts@lw.com, kylerobertsnc@gmail.com, Brian.weissenberg@geaerospace.com)

[ok] Processed 1 PDF(s)
[2026-01-20 12:02:24] Check completed

========================================
[2026-01-20 12:04:01] Starting Federal Circuit check...
[info] Authenticating with Gmail API...
[ok] Successfully authenticated
[info] Summaries already exist for 2026-01-20 (1 files)
[info] Skipping processing to avoid duplicates (use --force to override)

[ok] Processed 0 PDF(s)
[2026-01-20 12:04:02] Check completed

========================================
[2026-01-20 12:06:01] Starting Federal Circuit check...
[info] Authenticating with Gmail API...
[ok] Successfully authenticated
[info] Summaries already exist for 2026-01-20 (1 files)
[info] Skipping processing to avoid duplicates (use --force to override)

[ok] Processed 0 PDF(s)
[2026-01-20 12:06:02] Check completed

========================================
[2026-01-20 12:08:01] Starting Federal Circuit check...
[info] Authenticating with Gmail API...
[ok] Successfully authenticated
[info] Summaries already exist for 2026-01-20 (1 files)
[info] Skipping processing to avoid duplicates (use --force to override)

[ok] Processed 0 PDF(s)
[2026-01-20 12:08:02] Check completed

========================================
[2026-01-20 12:10:01] Starting Federal Circuit check...
[info] Authenticating with Gmail API...
[ok] Successfully authenticated
[info] Summaries already exist for 2026-01-20 (1 files)
[info] Skipping processing to avoid duplicates (use --force to override)

[ok] Processed 0 PDF(s)
[2026-01-20 12:10:02] Check completed

========================================
[2026-01-20 12:12:01] Starting Federal Circuit check...
[info] Authenticating with Gmail API...
[ok] Successfully authenticated
[info] Summaries already exist for 2026-01-20 (1 files)
[info] Skipping processing to avoid duplicates (use --force to override)

[ok] Processed 0 PDF(s)
[2026-01-20 12:12:02] Check completed

========================================
[2026-01-20 12:14:01] Starting Federal Circuit check...
[info] Authenticating with Gmail API...
[ok] Successfully authenticated
[info] Summaries already exist for 2026-01-20 (1 files)
[info] Skipping processing to avoid duplicates (use --force to override)

[ok] Processed 0 PDF(s)
[2026-01-20 12:14:02] Check completed

========================================
[2026-01-21 12:00:01] Starting Federal Circuit check...
[info] Authenticating with Gmail API...
[ok] Successfully authenticated
[info] Searching Gmail for: from:uscourts@updates.uscourts.gov after:2026/01/21 before:2026/01/22
[info] No emails found from uscourts@updates.uscourts.gov on 2026/01/21
[info] Searching Gmail for: from:drewwileyroberts@gmail.com after:2026/01/21 before:2026/01/22
[info] No emails found from drewwileyroberts@gmail.com on 2026/01/21

[ok] Processed 0 PDF(s)
[2026-01-21 12:00:03] Check completed

========================================
[2026-01-21 12:02:01] Starting Federal Circuit check...
[info] Authenticating with Gmail API...
[ok] Successfully authenticated
[info] Searching Gmail for: from:uscourts@updates.uscourts.gov after:2026/01/21 before:2026/01/22
[info] Found 1 email(s)
[info] Searching Gmail for: from:drewwileyroberts@gmail.com after:2026/01/21 before:2026/01/22
[info] No emails found from drewwileyroberts@gmail.com on 2026/01/21

[info] Processing email 1/1
[info] Found 12 link(s) in email
[info] Processing uscourts link: https://www.cafc.uscourts.gov/01-21-2026-26-1039-roper-v-department-of-agriculture-order-26-1039-order-1-21-2026_2635550/
[info] Found PDF URL: https://www.cafc.uscourts.gov/opinions-orders/26-1039.ORDER.1-21-2026_2635550.pdf
[info] Case: 26-1039: ROPER v. DEPARTMENT OF AGRICULTURE
[info] Case Number: 26-1039
[info] Opinion Date: 2026-01-21
[info] Precedential: No
[ok] Downloaded PDF: pdfs/26-1039.ORDER.1-21-2026_2635550.pdf
[info] Extracting text from: 26-1039.ORDER.1-21-2026_2635550.pdf
[info] Summarizing: 26-1039.ORDER.1-21-2026_2635550.pdf
[info] Using scraped metadata: date=2026-01-21, case=26-1039
[ok] Wrote summary: summaries/2026-01-21/non-precedential/2026.01.21_26-1039.txt
[info] Processing uscourts link: https://www.cafc.uscourts.gov/01-21-2026-24-2105-frank-v-us-opinion-24-2105-opinion-1-21-2026_2635500/
[info] Found PDF URL: https://www.cafc.uscourts.gov/opinions-orders/24-2105.OPINION.1-21-2026_2635500.pdf
[info] Case: 24-2105: FRANK v. US
[info] Case Number: 24-2105
[info] Opinion Date: 2026-01-21
[info] Precedential: No
[ok] Downloaded PDF: pdfs/24-2105.OPINION.1-21-2026_2635500.pdf
[info] Extracting text from: 24-2105.OPINION.1-21-2026_2635500.pdf
[info] Summarizing: 24-2105.OPINION.1-21-2026_2635500.pdf
[info] Using scraped metadata: date=2026-01-21, case=24-2105
[ok] Wrote summary: summaries/2026-01-21/non-precedential/2026.01.21_24-2105.txt
[info] Processing uscourts link: https://www.cafc.uscourts.gov/01-21-2026-26-1143-ozat-usa-llc-v-ozat-20001999-ltd-order-26-1143-order-1-21-2026_2635359/
[info] Found PDF URL: https://www.cafc.uscourts.gov/opinions-orders/26-1143.ORDER.1-21-2026_2635359.pdf
[info] Case: 26-1143: OZAT USA, LLC v. OZAT 2000(1999) LTD.
[info] Case Number: 26-1143
[info] Opinion Date: 2026-01-21
[info] Precedential: No
[ok] Downloaded PDF: pdfs/26-1143.ORDER.1-21-2026_2635359.pdf
[info] Extracting text from: 26-1143.ORDER.1-21-2026_2635359.pdf
[info] Summarizing: 26-1143.ORDER.1-21-2026_2635359.pdf
[info] Using scraped metadata: date=2026-01-21, case=26-1143
[ok] Wrote summary: summaries/2026-01-21/non-precedential/2026.01.21_26-1143.txt
[info] Processing uscourts link: https://www.cafc.uscourts.gov/01-21-2026-24-1352-apple-inc-v-smart-mobile-technologies-llc-opinion-24-1352-opinion-1-21-2026_2635427/
[info] Found PDF URL: https://www.cafc.uscourts.gov/opinions-orders/24-1352.OPINION.1-21-2026_2635427.pdf
[info] Case: 24-1352: APPLE INC. v. SMART MOBILE TECHNOLOGIES LLC
[info] Case Number: 24-1352
[info] Opinion Date: 2026-01-21
[info] Precedential: No
[ok] Downloaded PDF: pdfs/24-1352.OPINION.1-21-2026_2635427.pdf
[info] Extracting text from: 24-1352.OPINION.1-21-2026_2635427.pdf
[info] Summarizing: 24-1352.OPINION.1-21-2026_2635427.pdf
[info] Using scraped metadata: date=2026-01-21, case=24-1352
[ok] Wrote summary: summaries/2026-01-21/non-precedential/2026.01.21_24-1352.txt
[info] Processing uscourts link: https://www.cafc.uscourts.gov/01-21-2026-24-1141-cordes-v-collins-order-24-1141-order-1-21-2026_2635344/
[info] Found PDF URL: https://www.cafc.uscourts.gov/opinions-orders/24-1141.ORDER.1-21-2026_2635344.pdf
[info] Case: 24-1141: CORDES v. COLLINS
[info] Case Number: 24-1141
[info] Opinion Date: 2026-01-21
[info] Precedential: No
[ok] Downloaded PDF: pdfs/24-1141.ORDER.1-21-2026_2635344.pdf
[info] Extracting text from: 24-1141.ORDER.1-21-2026_2635344.pdf
[info] Summarizing: 24-1141.ORDER.1-21-2026_2635344.pdf
[info] Using scraped metadata: date=2026-01-21, case=24-1141
[ok] Wrote summary: summaries/2026-01-21/non-precedential/2026.01.21_24-1141.txt
[info] Processing uscourts link: https://www.cafc.uscourts.gov/01-21-2026-25-1591-smith-v-dva-opinion-25-1591-opinion-1-21-2026_2635482/
[info] Found PDF URL: https://www.cafc.uscourts.gov/opinions-orders/25-1591.OPINION.1-21-2026_2635482.pdf
[info] Case: 25-1591: SMITH v. DVA
[info] Case Number: 25-1591
[info] Opinion Date: 2026-01-21
[info] Precedential: No
[ok] Downloaded PDF: pdfs/25-1591.OPINION.1-21-2026_2635482.pdf
[info] Extracting text from: 25-1591.OPINION.1-21-2026_2635482.pdf
[info] Summarizing: 25-1591.OPINION.1-21-2026_2635482.pdf
[info] Using scraped metadata: date=2026-01-21, case=25-1591
[ok] Wrote summary: summaries/2026-01-21/non-precedential/2026.01.21_25-1591.txt
[info] Processing uscourts link: https://www.cafc.uscourts.gov/01-21-2026-26-1208-gonzalez-dufour-v-opm-order-26-1208-order-1-21-2026_2635566/
[info] Found PDF URL: https://www.cafc.uscourts.gov/opinions-orders/26-1208.ORDER.1-21-2026_2635566.pdf
[info] Case: 26-1208: GONZALEZ-DUFOUR v. OPM
[info] Case Number: 26-1208
[info] Opinion Date: 2026-01-21
[info] Precedential: No
[ok] Downloaded PDF: pdfs/26-1208.ORDER.1-21-2026_2635566.pdf
[info] Extracting text from: 26-1208.ORDER.1-21-2026_2635566.pdf
[info] Summarizing: 26-1208.ORDER.1-21-2026_2635566.pdf
[info] Using scraped metadata: date=2026-01-21, case=26-1208
[ok] Wrote summary: summaries/2026-01-21/non-precedential/2026.01.21_26-1208.txt
[info] Processing uscourts link: https://www.cafc.uscourts.gov/01-21-2026-23-2057-celltrust-corp-v-myrepchat-llc-opinion-23-2057-opinion-1-21-2026_2635438/
[info] Found PDF URL: https://www.cafc.uscourts.gov/opinions-orders/23-2057.OPINION.1-21-2026_2635438.pdf
[info] Case: 23-2057: CELLTRUST CORP. v. MYREPCHAT, LLC
[info] Case Number: 23-2057
[info] Opinion Date: 2026-01-21
[info] Precedential: No
[ok] Downloaded PDF: pdfs/23-2057.OPINION.1-21-2026_2635438.pdf
[info] Extracting text from: 23-2057.OPINION.1-21-2026_2635438.pdf
[info] Summarizing: 23-2057.OPINION.1-21-2026_2635438.pdf
[info] Using scraped metadata: date=2026-01-21, case=23-2057
[ok] Wrote summary: summaries/2026-01-21/non-precedential/2026.01.21_23-2057.txt
[info] Processing uscourts link: https://www.cafc.uscourts.gov/01-21-2026-24-2081-in-re-ecofactor-inc-opinion-24-2081-opinion-1-21-2026_2635513/
[info] Found PDF URL: https://www.cafc.uscourts.gov/opinions-orders/24-2081.OPINION.1-21-2026_2635513.pdf
[info] Case: 24-2081: In Re ECOFACTOR, INC.
[info] Case Number: 24-2081
[info] Opinion Date: 2026-01-21
[info] Precedential: No
[ok] Downloaded PDF: pdfs/24-2081.OPINION.1-21-2026_2635513.pdf
[info] Extracting text from: 24-2081.OPINION.1-21-2026_2635513.pdf
[info] Summarizing: 24-2081.OPINION.1-21-2026_2635513.pdf
[info] Using scraped metadata: date=2026-01-21, case=24-2081
[ok] Wrote summary: summaries/2026-01-21/non-precedential/2026.01.21_24-2081.txt
[info] Processing uscourts link: https://www.cafc.uscourts.gov/01-21-2026-24-2153-lionra-technologies-ltd-v-cisco-systems-inc-opinion-24-2153-opinion-1-21-2026_2635465/
[info] Found PDF URL: https://www.cafc.uscourts.gov/opinions-orders/24-2153.OPINION.1-21-2026_2635465.pdf
[info] Case: 24-2153: LIONRA TECHNOLOGIES LTD. v. CISCO SYSTEMS, INC.
[info] Case Number: 24-2153
[info] Opinion Date: 2026-01-21
[info] Precedential: No
[ok] Downloaded PDF: pdfs/24-2153.OPINION.1-21-2026_2635465.pdf
[info] Extracting text from: 24-2153.OPINION.1-21-2026_2635465.pdf
[info] Summarizing: 24-2153.OPINION.1-21-2026_2635465.pdf
[info] Using scraped metadata: date=2026-01-21, case=24-2153
[ok] Wrote summary: summaries/2026-01-21/non-precedential/2026.01.21_24-2153.txt
[info] Processing uscourts link: https://www.cafc.uscourts.gov/01-21-2026-26-1141-kamdem-ouaffo-v-fein-such-kahn-shepard-pc-order-26-1141-order-1-21-2026_2635468/
[info] Found PDF URL: https://www.cafc.uscourts.gov/opinions-orders/26-1141.ORDER.1-21-2026_2635468.pdf
[info] Case: 26-1141: KAMDEM-OUAFFO v. FEIN, SUCH, KAHN & SHEPARD, P.C.
[info] Case Number: 26-1141
[info] Opinion Date: 2026-01-21
[info] Precedential: No
[ok] Downloaded PDF: pdfs/26-1141.ORDER.1-21-2026_2635468.pdf
[info] Extracting text from: 26-1141.ORDER.1-21-2026_2635468.pdf
[info] Summarizing: 26-1141.ORDER.1-21-2026_2635468.pdf
[info] Using scraped metadata: date=2026-01-21, case=26-1141
[ok] Wrote summary: summaries/2026-01-21/non-precedential/2026.01.21_26-1141.txt
[info] Processing uscourts link: https://www.cafc.uscourts.gov/01-21-2026-26-118-in-re-parker-order-26-118-order-1-21-2026_2635385/
[info] Found PDF URL: https://www.cafc.uscourts.gov/opinions-orders/26-118.ORDER.1-21-2026_2635385.pdf
[info] Case: 26-118: In Re PARKER
[info] Case Number: 26-118
[info] Opinion Date: 2026-01-21
[info] Precedential: No
[ok] Downloaded PDF: pdfs/26-118.ORDER.1-21-2026_2635385.pdf
[info] Extracting text from: 26-118.ORDER.1-21-2026_2635385.pdf
[info] Summarizing: 26-118.ORDER.1-21-2026_2635385.pdf
[info] Using scraped metadata: date=2026-01-21, case=26-118
[ok] Wrote summary: summaries/2026-01-21/non-precedential/2026.01.21_26-118.txt

[info] Sending summary email (to: L&WFEDERALCIRCUITSUMMARIES@lw.com; bcc: richard.lowry@lw.com, drew.roberts@lw.com, kylerobertsnc@gmail.com, Brian.weissenberg@geaerospace.com)...
[ok] Summary email sent (to: L&WFEDERALCIRCUITSUMMARIES@lw.com; bcc: richard.lowry@lw.com, drew.roberts@lw.com, kylerobertsnc@gmail.com, Brian.weissenberg@geaerospace.com)

[ok] Processed 12 PDF(s)
[2026-01-21 12:03:55] Check completed

========================================
[2026-01-21 12:04:01] Starting Federal Circuit check...
[info] Authenticating with Gmail API...
[ok] Successfully authenticated
[info] Summaries already exist for 2026-01-21 (12 files)
[info] Skipping processing to avoid duplicates (use --force to override)

[ok] Processed 0 PDF(s)
[2026-01-21 12:04:02] Check completed

========================================
[2026-01-21 12:06:01] Starting Federal Circuit check...
[info] Authenticating with Gmail API...
[ok] Successfully authenticated
[info] Summaries already exist for 2026-01-21 (12 files)
[info] Skipping processing to avoid duplicates (use --force to override)

[ok] Processed 0 PDF(s)
[2026-01-21 12:06:02] Check completed

========================================
[2026-01-21 12:08:01] Starting Federal Circuit check...
[info] Authenticating with Gmail API...
[ok] Successfully authenticated
[info] Summaries already exist for 2026-01-21 (12 files)
[info] Skipping processing to avoid duplicates (use --force to override)

[ok] Processed 0 PDF(s)
[2026-01-21 12:08:02] Check completed

========================================
[2026-01-21 12:10:01] Starting Federal Circuit check...
[info] Authenticating with Gmail API...
[ok] Successfully authenticated
[info] Summaries already exist for 2026-01-21 (12 files)
[info] Skipping processing to avoid duplicates (use --force to override)

[ok] Processed 0 PDF(s)
[2026-01-21 12:10:02] Check completed

========================================
[2026-01-21 12:12:01] Starting Federal Circuit check...
[info] Authenticating with Gmail API...
[ok] Successfully authenticated
[info] Summaries already exist for 2026-01-21 (12 files)
[info] Skipping processing to avoid duplicates (use --force to override)

[ok] Processed 0 PDF(s)
[2026-01-21 12:12:02] Check completed

========================================
[2026-01-21 12:14:01] Starting Federal Circuit check...
[info] Authenticating with Gmail API...
[ok] Successfully authenticated
[info] Summaries already exist for 2026-01-21 (12 files)
[info] Skipping processing to avoid duplicates (use --force to override)

[ok] Processed 0 PDF(s)
[2026-01-21 12:14:02] Check completed

========================================
[2026-01-22 12:00:01] Starting Federal Circuit check...
[info] Authenticating with Gmail API...
[ok] Successfully authenticated
[info] Searching Gmail for: from:uscourts@updates.uscourts.gov after:2026/01/22 before:2026/01/23
[info] No emails found from uscourts@updates.uscourts.gov on 2026/01/22
[info] Searching Gmail for: from:drewwileyroberts@gmail.com after:2026/01/22 before:2026/01/23
[info] No emails found from drewwileyroberts@gmail.com on 2026/01/22

[ok] Processed 0 PDF(s)
[2026-01-22 12:00:02] Check completed

========================================
[2026-01-22 12:02:01] Starting Federal Circuit check...
[info] Authenticating with Gmail API...
[ok] Successfully authenticated
[info] Searching Gmail for: from:uscourts@updates.uscourts.gov after:2026/01/22 before:2026/01/23
[info] Found 1 email(s)
[info] Searching Gmail for: from:drewwileyroberts@gmail.com after:2026/01/22 before:2026/01/23
[info] No emails found from drewwileyroberts@gmail.com on 2026/01/22

[info] Processing email 1/1
[info] Found 8 link(s) in email
[info] Processing uscourts link: https://www.cafc.uscourts.gov/01-22-2026-25-1613-conklin-v-mspb-opinion-25-1613-opinion-1-22-2026_2636392/
[info] Found PDF URL: https://www.cafc.uscourts.gov/opinions-orders/25-1613.OPINION.1-22-2026_2636392.pdf
[info] Case: 25-1613: CONKLIN v. MSPB
[info] Case Number: 25-1613
[info] Opinion Date: 2026-01-22
[info] Precedential: Yes
[ok] Downloaded PDF: pdfs/25-1613.OPINION.1-22-2026_2636392.pdf
[info] Extracting text from: 25-1613.OPINION.1-22-2026_2636392.pdf
[info] Summarizing: 25-1613.OPINION.1-22-2026_2636392.pdf
[info] Using scraped metadata: date=2026-01-22, case=25-1613
[ok] Wrote summary: summaries/2026-01-22/precedential/2026.01.22_25-1613.txt
[info] Processing uscourts link: https://www.cafc.uscourts.gov/01-22-2026-26-120-in-re-cai-order-26-120-order-1-22-2026_2636368/
[info] Found PDF URL: https://www.cafc.uscourts.gov/opinions-orders/26-120.ORDER.1-22-2026_2636368.pdf
[info] Case: 26-120: In Re CAI
[info] Case Number: 26-120
[info] Opinion Date: 2026-01-22
[info] Precedential: No
[ok] Downloaded PDF: pdfs/26-120.ORDER.1-22-2026_2636368.pdf
[info] Extracting text from: 26-120.ORDER.1-22-2026_2636368.pdf
[info] Summarizing: 26-120.ORDER.1-22-2026_2636368.pdf
[info] Using scraped metadata: date=2026-01-22, case=26-120
[ok] Wrote summary: summaries/2026-01-22/non-precedential/2026.01.22_26-120.txt
[info] Processing uscourts link: https://www.cafc.uscourts.gov/01-22-2026-24-1520-us-patent-no-7679637-llc-v-google-llc-opinion-24-1520-opinion-1-22-2026_2636405/
[info] Found PDF URL: https://www.cafc.uscourts.gov/opinions-orders/24-1520.OPINION.1-22-2026_2636405.pdf
[info] Case: 24-1520: US PATENT NO. 7,679,637 LLC v. GOOGLE LLC
[info] Case Number: 24-1520
[info] Opinion Date: 2026-01-22
[info] Precedential: Yes
[ok] Downloaded PDF: pdfs/24-1520.OPINION.1-22-2026_2636405.pdf
[info] Extracting text from: 24-1520.OPINION.1-22-2026_2636405.pdf
[info] Summarizing: 24-1520.OPINION.1-22-2026_2636405.pdf
[info] Using scraped metadata: date=2026-01-22, case=24-1520
[ok] Wrote summary: summaries/2026-01-22/precedential/2026.01.22_24-1520.txt
[info] Processing uscourts link: https://www.cafc.uscourts.gov/01-22-2026-26-1122-hernandez-v-collins-order-26-1122-order-1-22-2026_2636414/
[info] Found PDF URL: https://www.cafc.uscourts.gov/opinions-orders/26-1122.ORDER.1-22-2026_2636414.pdf
[info] Case: 26-1122: HERNANDEZ v. COLLINS
[info] Case Number: 26-1122
[info] Opinion Date: 2026-01-22
[info] Precedential: No
[ok] Downloaded PDF: pdfs/26-1122.ORDER.1-22-2026_2636414.pdf
[info] Extracting text from: 26-1122.ORDER.1-22-2026_2636414.pdf
[info] Summarizing: 26-1122.ORDER.1-22-2026_2636414.pdf
[info] Using scraped metadata: date=2026-01-22, case=26-1122
[ok] Wrote summary: summaries/2026-01-22/non-precedential/2026.01.22_26-1122.txt
[info] Processing uscourts link: https://www.cafc.uscourts.gov/01-22-2026-25-2140-angel-v-us-order-25-2140-order-1-22-2026_2636408/
[info] Found PDF URL: https://www.cafc.uscourts.gov/opinions-orders/25-2140.ORDER.1-22-2026_2636408.pdf
[info] Case: 25-2140: ANGEL v. US
[info] Case Number: 25-2140
[info] Opinion Date: 2026-01-22
[info] Precedential: No
[ok] Downloaded PDF: pdfs/25-2140.ORDER.1-22-2026_2636408.pdf
[info] Extracting text from: 25-2140.ORDER.1-22-2026_2636408.pdf
[info] Summarizing: 25-2140.ORDER.1-22-2026_2636408.pdf
[info] Using scraped metadata: date=2026-01-22, case=25-2140
[ok] Wrote summary: summaries/2026-01-22/non-precedential/2026.01.22_25-2140.txt
[info] Processing uscourts link: https://www.cafc.uscourts.gov/01-21-2026-25-1584-western-digital-technologies-inc-v-longitude-licensing-ltd-order-25-1584-order-1-21-2026_2635763/
[info] Found PDF URL: https://www.cafc.uscourts.gov/opinions-orders/25-1584.ORDER.1-21-2026_2635763.pdf
[info] Case: 25-1584: WESTERN DIGITAL TECHNOLOGIES, INC. v. LONGITUDE LICENSING LTD.
[info] Case Number: 25-1584
[info] Opinion Date: 2026-01-21
[info] Precedential: No
[ok] Downloaded PDF: pdfs/25-1584.ORDER.1-21-2026_2635763.pdf
[info] Extracting text from: 25-1584.ORDER.1-21-2026_2635763.pdf
[info] Summarizing: 25-1584.ORDER.1-21-2026_2635763.pdf
[info] Using scraped metadata: date=2026-01-21, case=25-1584
[ok] Wrote summary: summaries/2026-01-22/non-precedential/2026.01.21_25-1584.txt
[info] Processing uscourts link: https://www.cafc.uscourts.gov/01-22-2026-24-1136-mckinnis-v-interior-opinion-24-1136-opinion-1-22-2026_2636382/
[info] Found PDF URL: https://www.cafc.uscourts.gov/opinions-orders/24-1136.OPINION.1-22-2026_2636382.pdf
[info] Case: 24-1136: MCKINNIS v. INTERIOR
[info] Case Number: 24-1136
[info] Opinion Date: 2026-01-22
[info] Precedential: No
[ok] Downloaded PDF: pdfs/24-1136.OPINION.1-22-2026_2636382.pdf
[info] Extracting text from: 24-1136.OPINION.1-22-2026_2636382.pdf
[info] Summarizing: 24-1136.OPINION.1-22-2026_2636382.pdf
[info] Using scraped metadata: date=2026-01-22, case=24-1136
[ok] Wrote summary: summaries/2026-01-22/non-precedential/2026.01.22_24-1136.txt
[info] Processing uscourts link: https://www.cafc.uscourts.gov/01-22-2026-25-1966-morris-v-nasa-order-25-1966-order-1-22-2026_2636373/
[info] Found PDF URL: https://www.cafc.uscourts.gov/opinions-orders/25-1966.ORDER.1-22-2026_2636373.pdf
[info] Case: 25-1966: MORRIS v. NASA
[info] Case Number: 25-1966
[info] Opinion Date: 2026-01-22
[info] Precedential: No
[ok] Downloaded PDF: pdfs/25-1966.ORDER.1-22-2026_2636373.pdf
[info] Extracting text from: 25-1966.ORDER.1-22-2026_2636373.pdf
[info] Summarizing: 25-1966.ORDER.1-22-2026_2636373.pdf
[info] Using scraped metadata: date=2026-01-22, case=25-1966
[ok] Wrote summary: summaries/2026-01-22/non-precedential/2026.01.22_25-1966.txt

[info] Sending summary email (to: L&WFEDERALCIRCUITSUMMARIES@lw.com; bcc: richard.lowry@lw.com, drew.roberts@lw.com, kylerobertsnc@gmail.com, Brian.weissenberg@geaerospace.com)...
[ok] Summary email sent (to: L&WFEDERALCIRCUITSUMMARIES@lw.com; bcc: richard.lowry@lw.com, drew.roberts@lw.com, kylerobertsnc@gmail.com, Brian.weissenberg@geaerospace.com)

[ok] Processed 8 PDF(s)
[2026-01-22 12:03:09] Check completed

========================================
[2026-01-22 12:04:01] Starting Federal Circuit check...
[info] Authenticating with Gmail API...
[ok] Successfully authenticated
[info] Summaries already exist for 2026-01-22 (8 files)
[info] Skipping processing to avoid duplicates (use --force to override)

[ok] Processed 0 PDF(s)
[2026-01-22 12:04:02] Check completed

========================================
[2026-01-22 12:06:01] Starting Federal Circuit check...
[info] Authenticating with Gmail API...
[ok] Successfully authenticated
[info] Summaries already exist for 2026-01-22 (8 files)
[info] Skipping processing to avoid duplicates (use --force to override)

[ok] Processed 0 PDF(s)
[2026-01-22 12:06:02] Check completed

========================================
[2026-01-22 12:08:01] Starting Federal Circuit check...
[info] Authenticating with Gmail API...
[ok] Successfully authenticated
[info] Summaries already exist for 2026-01-22 (8 files)
[info] Skipping processing to avoid duplicates (use --force to override)

[ok] Processed 0 PDF(s)
[2026-01-22 12:08:02] Check completed

========================================
[2026-01-22 12:10:01] Starting Federal Circuit check...
[info] Authenticating with Gmail API...
[ok] Successfully authenticated
[info] Summaries already exist for 2026-01-22 (8 files)
[info] Skipping processing to avoid duplicates (use --force to override)

[ok] Processed 0 PDF(s)
[2026-01-22 12:10:02] Check completed

========================================
[2026-01-22 12:12:01] Starting Federal Circuit check...
[info] Authenticating with Gmail API...
[ok] Successfully authenticated
[info] Summaries already exist for 2026-01-22 (8 files)
[info] Skipping processing to avoid duplicates (use --force to override)

[ok] Processed 0 PDF(s)
[2026-01-22 12:12:02] Check completed

========================================
[2026-01-22 12:14:01] Starting Federal Circuit check...
[info] Authenticating with Gmail API...
[ok] Successfully authenticated
[info] Summaries already exist for 2026-01-22 (8 files)
[info] Skipping processing to avoid duplicates (use --force to override)

[ok] Processed 0 PDF(s)
[2026-01-22 12:14:02] Check completed

========================================
[2026-01-23 12:00:01] Starting Federal Circuit check...
[info] Authenticating with Gmail API...
[ok] Successfully authenticated
[info] Searching Gmail for: from:uscourts@updates.uscourts.gov after:2026/01/23 before:2026/01/24
[info] No emails found from uscourts@updates.uscourts.gov on 2026/01/23
[info] Searching Gmail for: from:drewwileyroberts@gmail.com after:2026/01/23 before:2026/01/24
[info] No emails found from drewwileyroberts@gmail.com on 2026/01/23

[ok] Processed 0 PDF(s)
[2026-01-23 12:00:02] Check completed

========================================
[2026-01-23 12:02:01] Starting Federal Circuit check...
[info] Authenticating with Gmail API...
[ok] Successfully authenticated
[info] Searching Gmail for: from:uscourts@updates.uscourts.gov after:2026/01/23 before:2026/01/24
[info] Found 1 email(s)
[info] Searching Gmail for: from:drewwileyroberts@gmail.com after:2026/01/23 before:2026/01/24
[info] No emails found from drewwileyroberts@gmail.com on 2026/01/23

[info] Processing email 1/1
[info] Found 5 link(s) in email
[info] Processing uscourts link: https://www.cafc.uscourts.gov/01-23-2026-24-1876-orange-electronic-co-ltd-v-autel-intelligent-technology-corp-ltd-opinion-24-1876-opinion-1-23-2026_2637122/
[info] Found PDF URL: https://www.cafc.uscourts.gov/opinions-orders/24-1876.OPINION.1-23-2026_2637122.pdf
[info] Case: 24-1876: ORANGE ELECTRONIC CO. LTD. v. AUTEL INTELLIGENT TECHNOLOGY CORP., LTD.
[info] Case Number: 24-1876
[info] Opinion Date: 2026-01-23
[info] Precedential: No
[ok] Downloaded PDF: pdfs/24-1876.OPINION.1-23-2026_2637122.pdf
[info] Extracting text from: 24-1876.OPINION.1-23-2026_2637122.pdf
[info] Summarizing: 24-1876.OPINION.1-23-2026_2637122.pdf
[info] Using scraped metadata: date=2026-01-23, case=24-1876
[ok] Wrote summary: summaries/2026-01-23/non-precedential/2026.01.23_24-1876.txt
[info] Processing uscourts link: https://www.cafc.uscourts.gov/01-23-2026-26-1371-britt-v-us-order-26-1371-order-1-23-2026_2637029/
[info] Found PDF URL: https://www.cafc.uscourts.gov/opinions-orders/26-1371.ORDER.1-23-2026_2637029.pdf
[info] Case: 26-1371: BRITT v. US
[info] Case Number: 26-1371
[info] Opinion Date: 2026-01-23
[info] Precedential: No
[ok] Downloaded PDF: pdfs/26-1371.ORDER.1-23-2026_2637029.pdf
[info] Extracting text from: 26-1371.ORDER.1-23-2026_2637029.pdf
[info] Summarizing: 26-1371.ORDER.1-23-2026_2637029.pdf
[info] Using scraped metadata: date=2026-01-23, case=26-1371
[ok] Wrote summary: summaries/2026-01-23/non-precedential/2026.01.23_26-1371.txt
[info] Processing uscourts link: https://www.cafc.uscourts.gov/01-23-2026-24-1129-guardant-health-inc-v-university-of-washington-opinion-24-1129-opinion-1-23-2026_2637140/
[info] Found PDF URL: https://www.cafc.uscourts.gov/opinions-orders/24-1129.OPINION.1-23-2026_2637140.pdf
[info] Case: 24-1129: GUARDANT HEALTH, INC. v. UNIVERSITY OF WASHINGTON
[info] Case Number: 24-1129
[info] Opinion Date: 2026-01-23
[info] Precedential: No
[ok] Downloaded PDF: pdfs/24-1129.OPINION.1-23-2026_2637140.pdf
[info] Extracting text from: 24-1129.OPINION.1-23-2026_2637140.pdf
[info] Summarizing: 24-1129.OPINION.1-23-2026_2637140.pdf
[info] Using scraped metadata: date=2026-01-23, case=24-1129
[ok] Wrote summary: summaries/2026-01-23/non-precedential/2026.01.23_24-1129.txt
[info] Processing uscourts link: https://www.cafc.uscourts.gov/01-23-2026-24-2050-swearengen-v-army-opinion-24-2050-opinion-1-23-2026_2637108/
[info] Found PDF URL: https://www.cafc.uscourts.gov/opinions-orders/24-2050.OPINION.1-23-2026_2637108.pdf
[info] Case: 24-2050: SWEARENGEN v. ARMY
[info] Case Number: 24-2050
[info] Opinion Date: 2026-01-23
[info] Precedential: No
[ok] Downloaded PDF: pdfs/24-2050.OPINION.1-23-2026_2637108.pdf
[info] Extracting text from: 24-2050.OPINION.1-23-2026_2637108.pdf
[info] Summarizing: 24-2050.OPINION.1-23-2026_2637108.pdf
[info] Using scraped metadata: date=2026-01-23, case=24-2050
[ok] Wrote summary: summaries/2026-01-23/non-precedential/2026.01.23_24-2050.txt
[info] Processing uscourts link: https://www.cafc.uscourts.gov/01-23-2026-25-1851-britt-v-us-opinion-25-1851-opinion-1-23-2026_2637017/
[info] Found PDF URL: https://www.cafc.uscourts.gov/opinions-orders/25-1851.OPINION.1-23-2026_2637017.pdf
[info] Case: 25-1851: BRITT v. US
[info] Case Number: 25-1851
[info] Opinion Date: 2026-01-23
[info] Precedential: No
[ok] Downloaded PDF: pdfs/25-1851.OPINION.1-23-2026_2637017.pdf
[info] Extracting text from: 25-1851.OPINION.1-23-2026_2637017.pdf
[info] Summarizing: 25-1851.OPINION.1-23-2026_2637017.pdf
[info] Using scraped metadata: date=2026-01-23, case=25-1851
[ok] Wrote summary: summaries/2026-01-23/non-precedential/2026.01.23_25-1851.txt

[info] Sending summary email (to: L&WFEDERALCIRCUITSUMMARIES@lw.com; bcc: richard.lowry@lw.com, drew.roberts@lw.com, kylerobertsnc@gmail.com, Brian.weissenberg@geaerospace.com)...
[ok] Summary email sent (to: L&WFEDERALCIRCUITSUMMARIES@lw.com; bcc: richard.lowry@lw.com, drew.roberts@lw.com, kylerobertsnc@gmail.com, Brian.weissenberg@geaerospace.com)

[ok] Processed 5 PDF(s)
[2026-01-23 12:03:17] Check completed

========================================
[2026-01-23 12:04:01] Starting Federal Circuit check...
[info] Authenticating with Gmail API...
[ok] Successfully authenticated
[info] Summaries already exist for 2026-01-23 (5 files)
[info] Skipping processing to avoid duplicates (use --force to override)

[ok] Processed 0 PDF(s)
[2026-01-23 12:04:02] Check completed

========================================
[2026-01-23 12:06:01] Starting Federal Circuit check...
[info] Authenticating with Gmail API...
[ok] Successfully authenticated
[info] Summaries already exist for 2026-01-23 (5 files)
[info] Skipping processing to avoid duplicates (use --force to override)

[ok] Processed 0 PDF(s)
[2026-01-23 12:06:02] Check completed

========================================
[2026-01-23 12:08:01] Starting Federal Circuit check...
[info] Authenticating with Gmail API...
[ok] Successfully authenticated
[info] Summaries already exist for 2026-01-23 (5 files)
[info] Skipping processing to avoid duplicates (use --force to override)

[ok] Processed 0 PDF(s)
[2026-01-23 12:08:02] Check completed

========================================
[2026-01-23 12:10:01] Starting Federal Circuit check...
[info] Authenticating with Gmail API...
[ok] Successfully authenticated
[info] Summaries already exist for 2026-01-23 (5 files)
[info] Skipping processing to avoid duplicates (use --force to override)

[ok] Processed 0 PDF(s)
[2026-01-23 12:10:02] Check completed

========================================
[2026-01-23 12:12:01] Starting Federal Circuit check...
[info] Authenticating with Gmail API...
[ok] Successfully authenticated
[info] Summaries already exist for 2026-01-23 (5 files)
[info] Skipping processing to avoid duplicates (use --force to override)

[ok] Processed 0 PDF(s)
[2026-01-23 12:12:02] Check completed

========================================
[2026-01-23 12:14:01] Starting Federal Circuit check...
[info] Authenticating with Gmail API...
[ok] Successfully authenticated
[info] Summaries already exist for 2026-01-23 (5 files)
[info] Skipping processing to avoid duplicates (use --force to override)

[ok] Processed 0 PDF(s)
[2026-01-23 12:14:02] Check completed

========================================
[2026-01-26 12:00:01] Starting Federal Circuit check...
[info] Authenticating with Gmail API...
[ok] Successfully authenticated
[info] Searching Gmail for: from:uscourts@updates.uscourts.gov after:2026/01/26 before:2026/01/27
[info] No emails found from uscourts@updates.uscourts.gov on 2026/01/26
[info] Searching Gmail for: from:drewwileyroberts@gmail.com after:2026/01/26 before:2026/01/27
[info] No emails found from drewwileyroberts@gmail.com on 2026/01/26

[ok] Processed 0 PDF(s)
[2026-01-26 12:00:03] Check completed

========================================
[2026-01-26 12:02:01] Starting Federal Circuit check...
[info] Authenticating with Gmail API...
[ok] Successfully authenticated
[info] Searching Gmail for: from:uscourts@updates.uscourts.gov after:2026/01/26 before:2026/01/27
[info] Found 1 email(s)
[info] Searching Gmail for: from:drewwileyroberts@gmail.com after:2026/01/26 before:2026/01/27
[info] No emails found from drewwileyroberts@gmail.com on 2026/01/26

[info] Processing email 1/1
[info] Found 1 link(s) in email
[info] Processing uscourts link: https://www.cafc.uscourts.gov/01-26-2026-24-1900-kammunkun-v-defense-opinion-24-1900-opinion-1-26-2026_2637866/
[info] Found PDF URL: https://www.cafc.uscourts.gov/opinions-orders/24-1900.OPINION.1-26-2026_2637866.pdf
[info] Case: 24-1900: KAMMUNKUN v. DEFENSE
[info] Case Number: 24-1900
[info] Opinion Date: 2026-01-26
[info] Precedential: No
[ok] Downloaded PDF: pdfs/24-1900.OPINION.1-26-2026_2637866.pdf
[info] Extracting text from: 24-1900.OPINION.1-26-2026_2637866.pdf
[info] Summarizing: 24-1900.OPINION.1-26-2026_2637866.pdf
[info] Using scraped metadata: date=2026-01-26, case=24-1900
[ok] Wrote summary: summaries/2026-01-26/non-precedential/2026.01.26_24-1900.txt

[info] Sending summary email (to: L&WFEDERALCIRCUITSUMMARIES@lw.com; bcc: richard.lowry@lw.com, drew.roberts@lw.com, kylerobertsnc@gmail.com, Brian.weissenberg@geaerospace.com)...
[ok] Summary email sent (to: L&WFEDERALCIRCUITSUMMARIES@lw.com; bcc: richard.lowry@lw.com, drew.roberts@lw.com, kylerobertsnc@gmail.com, Brian.weissenberg@geaerospace.com)

[ok] Processed 1 PDF(s)
[2026-01-26 12:02:13] Check completed

========================================
[2026-01-26 12:04:01] Starting Federal Circuit check...
[info] Authenticating with Gmail API...
[ok] Successfully authenticated
[info] Summaries already exist for 2026-01-26 (1 files)
[info] Skipping processing to avoid duplicates (use --force to override)

[ok] Processed 0 PDF(s)
[2026-01-26 12:04:02] Check completed

========================================
[2026-01-26 12:06:01] Starting Federal Circuit check...
[info] Authenticating with Gmail API...
[ok] Successfully authenticated
[info] Summaries already exist for 2026-01-26 (1 files)
[info] Skipping processing to avoid duplicates (use --force to override)

[ok] Processed 0 PDF(s)
[2026-01-26 12:06:02] Check completed

========================================
[2026-01-26 12:08:01] Starting Federal Circuit check...
[info] Authenticating with Gmail API...
[ok] Successfully authenticated
[info] Summaries already exist for 2026-01-26 (1 files)
[info] Skipping processing to avoid duplicates (use --force to override)

[ok] Processed 0 PDF(s)
[2026-01-26 12:08:02] Check completed

========================================
[2026-01-26 12:10:01] Starting Federal Circuit check...
[info] Authenticating with Gmail API...
[ok] Successfully authenticated
[info] Summaries already exist for 2026-01-26 (1 files)
[info] Skipping processing to avoid duplicates (use --force to override)

[ok] Processed 0 PDF(s)
[2026-01-26 12:10:02] Check completed

========================================
[2026-01-26 12:12:01] Starting Federal Circuit check...
[info] Authenticating with Gmail API...
[ok] Successfully authenticated
[info] Summaries already exist for 2026-01-26 (1 files)
[info] Skipping processing to avoid duplicates (use --force to override)

[ok] Processed 0 PDF(s)
[2026-01-26 12:12:02] Check completed

========================================
[2026-01-26 12:14:01] Starting Federal Circuit check...
[info] Authenticating with Gmail API...
[ok] Successfully authenticated
[info] Summaries already exist for 2026-01-26 (1 files)
[info] Skipping processing to avoid duplicates (use --force to override)

[ok] Processed 0 PDF(s)
[2026-01-26 12:14:02] Check completed

========================================
[2026-01-27 12:00:01] Starting Federal Circuit check...
[info] Authenticating with Gmail API...
[ok] Successfully authenticated
[info] Searching Gmail for: from:uscourts@updates.uscourts.gov after:2026/01/27 before:2026/01/28
[info] No emails found from uscourts@updates.uscourts.gov on 2026/01/27
[info] Searching Gmail for: from:drewwileyroberts@gmail.com after:2026/01/27 before:2026/01/28
[info] No emails found from drewwileyroberts@gmail.com on 2026/01/27

[ok] Processed 0 PDF(s)
[2026-01-27 12:00:03] Check completed

========================================
[2026-01-27 12:02:01] Starting Federal Circuit check...
[info] Authenticating with Gmail API...
[ok] Successfully authenticated
[info] Searching Gmail for: from:uscourts@updates.uscourts.gov after:2026/01/27 before:2026/01/28
[info] Found 1 email(s)
[info] Searching Gmail for: from:drewwileyroberts@gmail.com after:2026/01/27 before:2026/01/28
[info] No emails found from drewwileyroberts@gmail.com on 2026/01/27

[info] Processing email 1/1
[info] Found 5 link(s) in email
[info] Processing uscourts link: https://www.cafc.uscourts.gov/01-27-2026-24-1876-orange-electronic-co-ltd-v-autel-intelligent-technology-corp-ltd-errata-24-1876-errata-1-27-2026_2638827/
[info] Found PDF URL: https://www.cafc.uscourts.gov/opinions-orders/24-1876.ERRATA.1-27-2026_2638827.pdf
[info] Case: 24-1876: ORANGE ELECTRONIC CO. LTD. v. AUTEL INTELLIGENT TECHNOLOGY CORP., LTD. [ERRATA]
[info] Case Number: 24-1876
[info] Opinion Date: 2026-01-27
[info] Precedential: No
[ok] Downloaded PDF: pdfs/24-1876.ERRATA.1-27-2026_2638827.pdf
[info] Extracting text from: 24-1876.ERRATA.1-27-2026_2638827.pdf
[info] Summarizing: 24-1876.ERRATA.1-27-2026_2638827.pdf
[info] Using scraped metadata: date=2026-01-27, case=24-1876
[ok] Wrote summary: summaries/2026-01-27/non-precedential/2026.01.27_24-1876.txt
[info] Processing uscourts link: https://www.cafc.uscourts.gov/01-27-2026-24-1943-harris-v-dva-opinion-24-1943-opinion-1-27-2026_2638812/
[info] Found PDF URL: https://www.cafc.uscourts.gov/opinions-orders/24-1943.OPINION.1-27-2026_2638812.pdf
[info] Case: 24-1943: HARRIS v. DVA
[info] Case Number: 24-1943
[info] Opinion Date: 2026-01-27
[info] Precedential: No
[ok] Downloaded PDF: pdfs/24-1943.OPINION.1-27-2026_2638812.pdf
[info] Extracting text from: 24-1943.OPINION.1-27-2026_2638812.pdf
[info] Summarizing: 24-1943.OPINION.1-27-2026_2638812.pdf
[info] Using scraped metadata: date=2026-01-27, case=24-1943
[ok] Wrote summary: summaries/2026-01-27/non-precedential/2026.01.27_24-1943.txt
[info] Processing uscourts link: https://www.cafc.uscourts.gov/01-27-2026-24-2149-morgan-v-collins-opinion-24-2149-opinion-1-27-2026_2638751/
[info] Found PDF URL: https://www.cafc.uscourts.gov/opinions-orders/24-2149.OPINION.1-27-2026_2638751.pdf
[info] Case: 24-2149: MORGAN v. COLLINS
[info] Case Number: 24-2149
[info] Opinion Date: 2026-01-27
[info] Precedential: No
[ok] Downloaded PDF: pdfs/24-2149.OPINION.1-27-2026_2638751.pdf
[info] Extracting text from: 24-2149.OPINION.1-27-2026_2638751.pdf
[info] Summarizing: 24-2149.OPINION.1-27-2026_2638751.pdf
[info] Using scraped metadata: date=2026-01-27, case=24-2149
[ok] Wrote summary: summaries/2026-01-27/non-precedential/2026.01.27_24-2149.txt
[info] Processing uscourts link: https://www.cafc.uscourts.gov/01-27-2026-26-109-in-re-jackson-order-26-109-order-1-27-2026_2638782/
[info] Found PDF URL: https://www.cafc.uscourts.gov/opinions-orders/26-109.ORDER.1-27-2026_2638782.pdf
[info] Case: 26-109: In Re JACKSON
[info] Case Number: 26-109
[info] Opinion Date: 2026-01-27
[info] Precedential: No
[ok] Downloaded PDF: pdfs/26-109.ORDER.1-27-2026_2638782.pdf
[info] Extracting text from: 26-109.ORDER.1-27-2026_2638782.pdf
[info] Summarizing: 26-109.ORDER.1-27-2026_2638782.pdf
[info] Using scraped metadata: date=2026-01-27, case=26-109
[ok] Wrote summary: summaries/2026-01-27/non-precedential/2026.01.27_26-109.txt
[info] Processing uscourts link: https://www.cafc.uscourts.gov/01-27-2026-26-111-in-re-google-llc-order-26-111-order-1-27-2026_2638705/
[info] Found PDF URL: https://www.cafc.uscourts.gov/opinions-orders/26-111.ORDER.1-27-2026_2638705.pdf
[info] Case: 26-111: In Re GOOGLE LLC
[info] Case Number: 26-111
[info] Opinion Date: 2026-01-27
[info] Precedential: No
[ok] Downloaded PDF: pdfs/26-111.ORDER.1-27-2026_2638705.pdf
[info] Extracting text from: 26-111.ORDER.1-27-2026_2638705.pdf
[info] Summarizing: 26-111.ORDER.1-27-2026_2638705.pdf
[info] Using scraped metadata: date=2026-01-27, case=26-111
[ok] Wrote summary: summaries/2026-01-27/non-precedential/2026.01.27_26-111.txt

[info] Sending summary email (to: L&WFEDERALCIRCUITSUMMARIES@lw.com; bcc: richard.lowry@lw.com, drew.roberts@lw.com, kylerobertsnc@gmail.com, Brian.weissenberg@geaerospace.com)...
[ok] Summary email sent (to: L&WFEDERALCIRCUITSUMMARIES@lw.com; bcc: richard.lowry@lw.com, drew.roberts@lw.com, kylerobertsnc@gmail.com, Brian.weissenberg@geaerospace.com)

[ok] Processed 5 PDF(s)
[2026-01-27 12:03:04] Check completed

========================================
[2026-01-27 12:04:01] Starting Federal Circuit check...
[info] Authenticating with Gmail API...
[ok] Successfully authenticated
[info] Summaries already exist for 2026-01-27 (5 files)
[info] Skipping processing to avoid duplicates (use --force to override)

[ok] Processed 0 PDF(s)
[2026-01-27 12:04:02] Check completed

========================================
[2026-01-27 12:06:01] Starting Federal Circuit check...
[info] Authenticating with Gmail API...
[ok] Successfully authenticated
[info] Summaries already exist for 2026-01-27 (5 files)
[info] Skipping processing to avoid duplicates (use --force to override)

[ok] Processed 0 PDF(s)
[2026-01-27 12:06:02] Check completed

========================================
[2026-01-27 12:08:01] Starting Federal Circuit check...
[info] Authenticating with Gmail API...
[ok] Successfully authenticated
[info] Summaries already exist for 2026-01-27 (5 files)
[info] Skipping processing to avoid duplicates (use --force to override)

[ok] Processed 0 PDF(s)
[2026-01-27 12:08:02] Check completed

========================================
[2026-01-27 12:10:01] Starting Federal Circuit check...
[info] Authenticating with Gmail API...
[ok] Successfully authenticated
[info] Summaries already exist for 2026-01-27 (5 files)
[info] Skipping processing to avoid duplicates (use --force to override)

[ok] Processed 0 PDF(s)
[2026-01-27 12:10:02] Check completed

========================================
[2026-01-27 12:12:01] Starting Federal Circuit check...
[info] Authenticating with Gmail API...
[ok] Successfully authenticated
[info] Summaries already exist for 2026-01-27 (5 files)
[info] Skipping processing to avoid duplicates (use --force to override)

[ok] Processed 0 PDF(s)
[2026-01-27 12:12:02] Check completed

========================================
[2026-01-27 12:14:01] Starting Federal Circuit check...
[info] Authenticating with Gmail API...
[ok] Successfully authenticated
[info] Summaries already exist for 2026-01-27 (5 files)
[info] Skipping processing to avoid duplicates (use --force to override)

[ok] Processed 0 PDF(s)
[2026-01-27 12:14:02] Check completed

========================================
[2026-01-28 12:00:01] Starting Federal Circuit check...
[info] Authenticating with Gmail API...
[ok] Successfully authenticated
[info] Searching Gmail for: from:uscourts@updates.uscourts.gov after:2026/01/28 before:2026/01/29
[info] No emails found from uscourts@updates.uscourts.gov on 2026/01/28
[info] Searching Gmail for: from:drewwileyroberts@gmail.com after:2026/01/28 before:2026/01/29
[info] No emails found from drewwileyroberts@gmail.com on 2026/01/28

[ok] Processed 0 PDF(s)
[2026-01-28 12:00:03] Check completed

========================================
[2026-01-28 12:02:01] Starting Federal Circuit check...
[info] Authenticating with Gmail API...
[ok] Successfully authenticated
[info] Searching Gmail for: from:uscourts@updates.uscourts.gov after:2026/01/28 before:2026/01/29
[info] Found 1 email(s)
[info] Searching Gmail for: from:drewwileyroberts@gmail.com after:2026/01/28 before:2026/01/29
[info] No emails found from drewwileyroberts@gmail.com on 2026/01/28

[info] Processing email 1/1
[info] Found 3 link(s) in email
[info] Processing uscourts link: https://www.cafc.uscourts.gov/01-28-2026-24-1837-calderon-v-collins-opinion-24-1837-opinion-1-28-2026_2639432/
[info] Found PDF URL: https://www.cafc.uscourts.gov/opinions-orders/24-1837.OPINION.1-28-2026_2639432.pdf
[info] Case: 24-1837: CALDERON v. COLLINS
[info] Case Number: 24-1837
[info] Opinion Date: 2026-01-28
[info] Precedential: No
[ok] Downloaded PDF: pdfs/24-1837.OPINION.1-28-2026_2639432.pdf
[info] Extracting text from: 24-1837.OPINION.1-28-2026_2639432.pdf
[info] Summarizing: 24-1837.OPINION.1-28-2026_2639432.pdf
[info] Using scraped metadata: date=2026-01-28, case=24-1837
[ok] Wrote summary: summaries/2026-01-28/non-precedential/2026.01.28_24-1837.txt
[info] Processing uscourts link: https://www.cafc.uscourts.gov/01-28-2026-23-1362-vroom-inc-v-sidekick-technology-llc-order-23-1362-order-1-28-2026_2639403/
[info] Found PDF URL: https://www.cafc.uscourts.gov/opinions-orders/23-1362.ORDER.1-28-2026_2639403.pdf
[info] Case: 23-1362: VROOM, INC. v. SIDEKICK TECHNOLOGY, LLC
[info] Case Number: 23-1362
[info] Opinion Date: 2026-01-28
[info] Precedential: No
[ok] Downloaded PDF: pdfs/23-1362.ORDER.1-28-2026_2639403.pdf
[info] Extracting text from: 23-1362.ORDER.1-28-2026_2639403.pdf
[info] Summarizing: 23-1362.ORDER.1-28-2026_2639403.pdf
[info] Using scraped metadata: date=2026-01-28, case=23-1362
[ok] Wrote summary: summaries/2026-01-28/non-precedential/2026.01.28_23-1362.txt
[info] Processing uscourts link: https://www.cafc.uscourts.gov/01-28-2026-24-1751-applied-predictive-technologies-inc-v-marketdial-inc-opinion-24-1751-opinion-1-28-2026_2639420/
[info] Found PDF URL: https://www.cafc.uscourts.gov/opinions-orders/24-1751.OPINION.1-28-2026_2639420.pdf
[info] Case: 24-1751: APPLIED PREDICTIVE TECHNOLOGIES, INC. v. MARKETDIAL, INC.
[info] Case Number: 24-1751
[info] Opinion Date: 2026-01-28
[info] Precedential: No
[ok] Downloaded PDF: pdfs/24-1751.OPINION.1-28-2026_2639420.pdf
[info] Extracting text from: 24-1751.OPINION.1-28-2026_2639420.pdf
[info] Summarizing: 24-1751.OPINION.1-28-2026_2639420.pdf
[info] Using scraped metadata: date=2026-01-28, case=24-1751
[ok] Wrote summary: summaries/2026-01-28/non-precedential/2026.01.28_24-1751.txt

[info] Sending summary email (to: L&WFEDERALCIRCUITSUMMARIES@lw.com; bcc: richard.lowry@lw.com, drew.roberts@lw.com, kylerobertsnc@gmail.com, Brian.weissenberg@geaerospace.com)...
[ok] Summary email sent (to: L&WFEDERALCIRCUITSUMMARIES@lw.com; bcc: richard.lowry@lw.com, drew.roberts@lw.com, kylerobertsnc@gmail.com, Brian.weissenberg@geaerospace.com)

[ok] Processed 3 PDF(s)
[2026-01-28 12:02:32] Check completed

========================================
[2026-01-28 12:04:01] Starting Federal Circuit check...
[info] Authenticating with Gmail API...
[ok] Successfully authenticated
[info] Summaries already exist for 2026-01-28 (3 files)
[info] Skipping processing to avoid duplicates (use --force to override)

[ok] Processed 0 PDF(s)
[2026-01-28 12:04:02] Check completed

========================================
[2026-01-28 12:06:01] Starting Federal Circuit check...
[info] Authenticating with Gmail API...
[ok] Successfully authenticated
[info] Summaries already exist for 2026-01-28 (3 files)
[info] Skipping processing to avoid duplicates (use --force to override)

[ok] Processed 0 PDF(s)
[2026-01-28 12:06:02] Check completed

========================================
[2026-01-28 12:08:01] Starting Federal Circuit check...
[info] Authenticating with Gmail API...
[ok] Successfully authenticated
[info] Summaries already exist for 2026-01-28 (3 files)
[info] Skipping processing to avoid duplicates (use --force to override)

[ok] Processed 0 PDF(s)
[2026-01-28 12:08:02] Check completed

========================================
[2026-01-28 12:10:01] Starting Federal Circuit check...
[info] Authenticating with Gmail API...
[ok] Successfully authenticated
[info] Summaries already exist for 2026-01-28 (3 files)
[info] Skipping processing to avoid duplicates (use --force to override)

[ok] Processed 0 PDF(s)
[2026-01-28 12:10:02] Check completed

========================================
[2026-01-28 12:12:01] Starting Federal Circuit check...
[info] Authenticating with Gmail API...
[ok] Successfully authenticated
[info] Summaries already exist for 2026-01-28 (3 files)
[info] Skipping processing to avoid duplicates (use --force to override)

[ok] Processed 0 PDF(s)
[2026-01-28 12:12:02] Check completed

========================================
[2026-01-28 12:14:01] Starting Federal Circuit check...
[info] Authenticating with Gmail API...
[ok] Successfully authenticated
[info] Summaries already exist for 2026-01-28 (3 files)
[info] Skipping processing to avoid duplicates (use --force to override)

[ok] Processed 0 PDF(s)
[2026-01-28 12:14:02] Check completed

